player_id,canonical_name,normalized_name,first_seen_at_utc,last_seen_at_utc,first_match_id,latest_match_id,source
679,Pavel Gireth,pavel gireth,2026-07-22T05:40:48.224981+00:00,2026-08-14T17:42:16.368069+00:00,295747,303257,api.league-pro.com
680,Frantisek Pusch,frantisek pusch,2026-07-22T05:40:48.224981+00:00,2026-08-16T17:42:16.368135+00:00,296568,303804,api.league-pro.com
683,Jan Mecl,jan mecl,2026-07-22T05:40:48.224981+00:00,2026-08-10T17:42:26.319685+00:00,295783,302409,api.league-pro.com
684,Martin Huk,martin huk,2026-07-22T05:40:48.224981+00:00,2026-08-16T05:42:07.535411+00:00,295614,303562,api.league-pro.com
685,Ales Bayer,ales bayer,2026-07-22T05:40:48.224981+00:00,2026-08-07T05:42:23.191740+00:00,296004,301798,api.league-pro.com
687,Jan Kanera,jan kanera,2026-07-22T05:40:48.224981+00:00,2026-08-16T17:42:16.368135+00:00,296251,303856,api.league-pro.com
688,Erik Mares,erik mares,2026-07-22T05:40:48.224981+00:00,2026-08-16T17:42:16.368135+00:00,297128,303811,api.league-pro.com
694,Jan Zajicek,jan zajicek,2026-07-22T05:40:48.224981+00:00,2026-08-15T17:00:54.828189+00:00,296387,303338,api.league-pro.com
695,Tomas Prosa,tomas prosa,2026-07-22T05:40:48.224981+00:00,2026-08-05T17:42:16.363480+00:00,296064,301437,api.league-pro.com
699,Josef Medek,josef medek,2026-07-22T05:40:48.224981+00:00,2026-08-12T05:42:26.359385+00:00,296387,302622,api.league-pro.com
700,Martin Parizek,martin parizek,2026-07-22T05:40:48.224981+00:00,2026-08-14T17:42:16.368069+00:00,297519,303337,api.league-pro.com
702,Lukas Boruvka,lukas boruvka,2026-07-30T17:42:26.361703+00:00,2026-08-03T05:42:26.430555+00:00,300459,300850,api.league-pro.com
707,Petr Bradac,petr bradac,2026-07-22T05:40:48.224981+00:00,2026-08-13T17:42:16.346593+00:00,295748,303029,api.league-pro.com
711,Radek Rose,radek rose,2026-07-22T05:40:48.224981+00:00,2026-08-16T17:42:16.368135+00:00,296283,303819,api.league-pro.com
714,Jiri Louda,jiri louda,2026-07-22T05:40:48.224981+00:00,2026-08-16T17:42:16.368135+00:00,295971,303680,api.league-pro.com
715,Karel Brozik,karel brozik,2026-07-22T05:40:48.224981+00:00,2026-07-22T05:40:48+00:00,296003,296012,api.league-pro.com
716,Miroslav Svedik,miroslav svedik,2026-07-22T05:40:48.224981+00:00,2026-08-14T17:42:16.368069+00:00,297535,303218,api.league-pro.com
718,Tomas Holik,tomas holik,2026-07-30T17:42:26.361703+00:00,2026-08-16T17:42:16.368135+00:00,300468,303803,api.league-pro.com
747,Milan Klement,milan klement,2026-07-22T05:40:48.224981+00:00,2026-08-10T05:42:16.384228+00:00,296183,302346,api.league-pro.com
748,Vlastimil Pecka,vlastimil pecka,2026-07-22T05:40:48.224981+00:00,2026-07-24T12:33:17.461110+00:00,298712,298718,api.league-pro.com
749,Jan Svoboda,jan svoboda,2026-08-16T17:42:16.368135+00:00,2026-08-16T17:42:16.368135+00:00,303843,303847,api.league-pro.com
755,Martin Bittner,martin bittner,2026-07-22T05:40:48.224981+00:00,2026-08-03T05:42:26.430555+00:00,296147,301013,api.league-pro.com
756,Frantisek Just,frantisek just,2026-07-22T05:40:48.224981+00:00,2026-08-15T17:00:54.828189+00:00,295988,303624,api.league-pro.com
764,Matous Klimenta,matous klimenta,2026-07-22T05:40:48.224981+00:00,2026-07-27T05:42:01.760540+00:00,295951,299430,api.league-pro.com
771,Zdenek Bilek,zdenek bilek,2026-07-22T05:40:48.224981+00:00,2026-08-15T17:00:54.828189+00:00,296388,303364,api.league-pro.com
774,Petr Sudek,petr sudek,2026-08-03T17:42:26.442219+00:00,2026-08-06T17:42:16.407541+00:00,301315,301625,api.league-pro.com
777,Tomas Varnuska,tomas varnuska,2026-07-22T05:40:48.224981+00:00,2026-08-14T17:42:16.368069+00:00,298475,303241,api.league-pro.com
781,Jiri Pozarsky,jiri pozarsky,2026-07-22T05:40:48.224981+00:00,2026-08-16T17:42:16.368135+00:00,295987,303840,api.league-pro.com
784,Tomas Zahradnik,tomas zahradnik,2026-07-22T05:40:48.224981+00:00,2026-07-22T05:40:48+00:00,295756,296469,api.league-pro.com
787,Tomek Batog,tomek batog,2026-07-22T05:40:48.224981+00:00,2026-07-22T05:40:48+00:00,296156,296162,api.league-pro.com
798,Radek Bartunek,radek bartunek,2026-07-22T05:40:48.224981+00:00,2026-08-13T05:42:06.447279+00:00,295859,302829,api.league-pro.com
805,Ondrej Kucirek,ondrej kucirek,2026-07-22T05:40:48.224981+00:00,2026-08-13T05:42:06.447279+00:00,295960,302873,api.league-pro.com
808,Vladimir Havlicek,vladimir havlicek,2026-07-22T05:40:48.224981+00:00,2026-07-31T17:42:26.368091+00:00,296907,300506,api.league-pro.com
809,Michal Regner,michal regner,2026-07-22T05:40:48.224981+00:00,2026-08-16T05:42:07.535411+00:00,295971,303474,api.league-pro.com
812,Rostislav Hasmanda,rostislav hasmanda,2026-07-22T05:40:48.224981+00:00,2026-08-11T05:42:16.341305+00:00,295775,302526,api.league-pro.com
814,Zdenek Kasinski,zdenek kasinski,2026-07-22T05:40:48.224981+00:00,2026-08-16T17:42:16.368135+00:00,298516,303892,api.league-pro.com
821,Tomas Kos,tomas kos,2026-07-22T05:40:48.224981+00:00,2026-08-16T05:42:07.535411+00:00,297708,303466,api.league-pro.com
822,Jaroslav Prokupek,jaroslav prokupek,2026-07-22T05:40:48.224981+00:00,2026-08-16T17:42:16.368135+00:00,295917,303763,api.league-pro.com
824,Milan Kolar,milan kolar,2026-07-22T05:40:48.224981+00:00,2026-08-16T17:42:16.368135+00:00,296167,303661,api.league-pro.com
825,Milan Regner,milan regner,2026-07-22T05:40:48.224981+00:00,2026-08-10T17:42:26.319685+00:00,296124,302465,api.league-pro.com
826,Ales Barton,ales barton,2026-07-22T05:40:48.224981+00:00,2026-08-16T17:42:16.368135+00:00,295943,303856,api.league-pro.com
828,Jiri Svec,jiri svec,2026-07-22T05:40:48.224981+00:00,2026-08-14T17:42:16.368069+00:00,296319,303210,api.league-pro.com
830,Jakub Hradecky,jakub hradecky,2026-07-22T05:40:48.224981+00:00,2026-08-13T05:42:06.447279+00:00,297877,303003,api.league-pro.com
834,Tomas Andrle,tomas andrle,2026-07-22T05:40:48.224981+00:00,2026-08-11T05:42:16.341305+00:00,295859,302589,api.league-pro.com
837,Radim Pavelka,radim pavelka,2026-07-22T05:40:48.224981+00:00,2026-08-15T17:00:54.828189+00:00,295732,303624,api.league-pro.com
843,Tomas Janata,tomas janata,2026-07-22T05:40:48.224981+00:00,2026-08-14T17:42:16.368069+00:00,297067,303242,api.league-pro.com
847,Milan Smrcek,milan smrcek,2026-07-27T05:42:01.760540+00:00,2026-07-27T05:42:01.760540+00:00,299443,299454,api.league-pro.com
851,Kamil Novak,kamil novak,2026-07-22T05:40:48.224981+00:00,2026-08-15T17:00:54.828189+00:00,296071,303266,api.league-pro.com
853,Patrik Pycha,patrik pycha,2026-07-22T05:40:48.224981+00:00,2026-08-15T17:00:54.828189+00:00,295689,303386,api.league-pro.com
854,Lukas Jindrak,lukas jindrak,2026-07-22T05:40:48.224981+00:00,2026-08-16T17:42:16.368135+00:00,297951,303601,api.league-pro.com
863,Daniel Tuma,daniel tuma,2026-07-22T05:40:48.224981+00:00,2026-08-16T17:42:16.368135+00:00,295987,303847,api.league-pro.com
864,Tomas Postelt,tomas postelt,2026-07-22T05:40:48.224981+00:00,2026-08-16T17:42:16.368135+00:00,297376,303812,api.league-pro.com
865,Vladimir Postelt,vladimir postelt,2026-07-22T05:40:48.224981+00:00,2026-08-16T05:42:07.535411+00:00,295995,303578,api.league-pro.com
866,Vaclav Dolezal,vaclav dolezal,2026-07-22T05:40:48.224981+00:00,2026-08-16T05:42:07.535411+00:00,295776,303442,api.league-pro.com
875,Martin Sobisek,martin sobisek,2026-07-22T05:40:48.224981+00:00,2026-08-16T17:42:16.368135+00:00,297560,303848,api.league-pro.com
878,Lukas Zeman,lukas zeman,2026-07-27T05:42:01.760540+00:00,2026-08-16T17:42:16.368135+00:00,299676,303610,api.league-pro.com
879,Jiri Ruzicka,jiri ruzicka,2026-07-22T05:40:48.224981+00:00,2026-08-16T05:42:07.535411+00:00,295613,303561,api.league-pro.com
881,Marcel Pikous,marcel pikous,2026-07-22T05:40:48.224981+00:00,2026-08-16T05:42:07.535411+00:00,296560,303478,api.league-pro.com
884,Jaroslav Schwan,jaroslav schwan,2026-07-22T05:40:48.224981+00:00,2026-08-16T17:42:16.368135+00:00,298744,303976,api.league-pro.com
885,Denis Hofman,denis hofman,2026-07-22T05:40:48.224981+00:00,2026-08-16T17:42:16.368135+00:00,296364,303940,api.league-pro.com
886,Vaclav Hruska,vaclav hruska,2026-07-22T05:40:48.224981+00:00,2026-08-16T17:42:16.368135+00:00,295568,303932,api.league-pro.com
894,Lubor Sulava,lubor sulava,2026-07-22T05:40:48.224981+00:00,2026-08-13T17:42:16.346593+00:00,296455,303078,api.league-pro.com
896,Michal Jezek,michal jezek,2026-07-22T05:40:48.224981+00:00,2026-08-12T05:42:26.359385+00:00,296063,302670,api.league-pro.com
897,Tibor Kolenic,tibor kolenic,2026-07-22T05:40:48.224981+00:00,2026-08-16T17:42:16.368135+00:00,296072,303654,api.league-pro.com
901,Ludek Madle,ludek madle,2026-07-22T05:40:48.224981+00:00,2026-08-13T17:42:16.346593+00:00,296048,303045,api.league-pro.com
909,Pavel Kulhanek,pavel kulhanek,2026-07-22T05:40:48.224981+00:00,2026-08-12T17:42:05.414009+00:00,296047,302793,api.league-pro.com
923,Cesta Havrda,cesta havrda,2026-07-22T05:40:48.224981+00:00,2026-08-12T17:42:05.414009+00:00,298507,302906,api.league-pro.com
925,Vladimir Cermak,vladimir cermak,2026-07-22T05:40:48.224981+00:00,2026-08-16T17:42:16.368135+00:00,295996,303804,api.league-pro.com
930,Michal Zahradka,michal zahradka,2026-07-22T05:40:48.224981+00:00,2026-08-16T17:42:16.368135+00:00,295784,303819,api.league-pro.com
931,Martin Tacinec,martin tacinec,2026-07-22T05:40:48.224981+00:00,2026-08-16T17:42:16.368135+00:00,296635,303729,api.league-pro.com
934,Jiri Plachy,jiri plachy,2026-07-22T05:40:48.224981+00:00,2026-08-16T17:42:16.368135+00:00,295836,303764,api.league-pro.com
935,Vladimir Kubat,vladimir kubat,2026-07-22T05:40:48.224981+00:00,2026-08-12T17:42:05.414009+00:00,295927,302905,api.league-pro.com
938,Jiri Hyrsl,jiri hyrsl,2026-07-24T12:33:17.461110+00:00,2026-08-16T17:42:16.368135+00:00,299292,303737,api.league-pro.com
940,Milan Smesny,milan smesny,2026-07-22T05:40:48.224981+00:00,2026-08-05T17:42:16.363480+00:00,296320,301430,api.league-pro.com
942,Jaroslav Strnad,jaroslav strnad,2026-07-22T05:40:48.224981+00:00,2026-08-16T17:42:16.368135+00:00,295569,303932,api.league-pro.com
948,Lukas Babicka,lukas babicka,2026-07-28T07:07:26.602500+00:00,2026-08-08T05:42:16.373183+00:00,300032,301849,api.league-pro.com
950,Jan Varcl,jan varcl,2026-07-22T05:40:48.224981+00:00,2026-08-13T05:42:06.447279+00:00,295860,302873,api.league-pro.com
951,Miroslav Barta,miroslav barta,2026-07-22T05:40:48.224981+00:00,2026-08-09T17:42:16.359403+00:00,295852,302286,api.league-pro.com
952,Marek Placek,marek placek,2026-07-22T05:40:48.224981+00:00,2026-08-01T05:42:07.679804+00:00,298463,300588,api.league-pro.com
990,Jaroslav Neuwirth,jaroslav neuwirth,2026-07-22T05:40:48.224981+00:00,2026-08-01T05:42:07.679804+00:00,296675,300537,api.league-pro.com
996,Tadeas Zika,tadeas zika,2026-07-22T05:40:48.224981+00:00,2026-08-16T17:42:16.368135+00:00,295828,303915,api.league-pro.com
1004,Ondrej Paril,ondrej paril,2026-07-22T05:40:48.224981+00:00,2026-08-16T17:42:16.368135+00:00,295828,303774,api.league-pro.com
1012,Zbynek Zientek,zbynek zientek,2026-07-22T05:40:48.224981+00:00,2026-08-16T17:42:16.368135+00:00,295908,303959,api.league-pro.com
1014,Jakub Levicky,jakub levicky,2026-07-22T05:40:48.224981+00:00,2026-08-16T17:42:16.368135+00:00,296431,303976,api.league-pro.com
1015,Michal Vedmoch,michal vedmoch,2026-07-22T05:40:48.224981+00:00,2026-08-15T17:00:54.828189+00:00,295732,303398,api.league-pro.com
1016,Michal Kratochvil,michal kratochvil,2026-07-22T05:40:48.224981+00:00,2026-08-16T17:42:16.368135+00:00,296107,303609,api.league-pro.com
1020,Martin Biolek,martin biolek,2026-07-22T05:40:48.224981+00:00,2026-08-16T17:42:16.368135+00:00,295891,303915,api.league-pro.com
1035,Richard Skacelik,richard skacelik,2026-07-22T05:40:48.224981+00:00,2026-08-16T17:42:16.368135+00:00,296676,303923,api.league-pro.com
1038,Dalimil Machander,dalimil machander,2026-07-22T05:40:48.224981+00:00,2026-08-16T17:42:16.368135+00:00,296675,303923,api.league-pro.com
1046,Radomir Revay,radomir revay,2026-07-22T05:40:48.224981+00:00,2026-08-14T17:42:16.368069+00:00,295827,303298,api.league-pro.com
1047,Ivo Palmi,ivo palmi,2026-07-22T05:40:48.224981+00:00,2026-08-15T17:00:54.828189+00:00,297839,303542,api.league-pro.com
1050,Jiri Motak,jiri motak,2026-07-22T05:40:48.224981+00:00,2026-07-24T12:33:17.461110+00:00,298416,298421,api.league-pro.com
1055,Dalibor Kolek,dalibor kolek,2026-07-24T12:33:17.461110+00:00,2026-08-15T17:42:06.399763+00:00,299371,303585,api.league-pro.com
1057,Jakub Plachta,jakub plachta,2026-07-22T05:40:48.224981+00:00,2026-08-02T17:42:16.353604+00:00,295868,300973,api.league-pro.com
1061,Jiri Nesnera,jiri nesnera,2026-07-22T05:40:48.224981+00:00,2026-08-16T17:42:16.368135+00:00,296924,303811,api.league-pro.com
1071,Lukas Tonar,lukas tonar,2026-07-28T05:42:02.156495+00:00,2026-07-31T05:42:26.100968+00:00,299875,300301,api.league-pro.com
1075,Alois Kanak,alois kanak,2026-07-22T05:40:48.224981+00:00,2026-07-27T05:42:01.760540+00:00,296507,299557,api.league-pro.com
1078,Kyryl Darin,kyryl darin,2026-07-22T05:40:48.224981+00:00,2026-08-16T17:42:16.368135+00:00,295799,303863,api.league-pro.com
1087,Radomir Vavrecka,radomir vavrecka,2026-07-22T05:40:48.224981+00:00,2026-08-16T17:42:16.368135+00:00,296040,303975,api.league-pro.com
1092,Marek Holub,marek holub,2026-07-22T05:40:48.224981+00:00,2026-08-16T17:42:16.368135+00:00,297035,303968,api.league-pro.com
1093,Sebastian Kasnik,sebastian kasnik,2026-07-22T05:40:48.224981+00:00,2026-08-16T17:42:16.368135+00:00,296088,303939,api.league-pro.com
1096,Lukas Martinak,lukas martinak,2026-07-22T05:40:48.224981+00:00,2026-08-16T05:42:07.535411+00:00,296659,303594,api.league-pro.com
1114,Michal Vavrecka,michal vavrecka,2026-07-22T05:40:48.224981+00:00,2026-08-16T17:42:16.368135+00:00,296692,303908,api.league-pro.com
1121,Matyas Navedla,matyas navedla,2026-07-22T05:40:48.224981+00:00,2026-08-14T17:42:16.368069+00:00,296032,303297,api.league-pro.com
1124,Milan Vrabec,milan vrabec,2026-07-22T05:40:48.224981+00:00,2026-08-15T17:00:54.828189+00:00,296515,303414,api.league-pro.com
1128,Radim Urbaniec,radim urbaniec,2026-07-22T05:40:48.224981+00:00,2026-08-16T17:42:16.368135+00:00,295613,303820,api.league-pro.com
1137,Pavel Bajtek,pavel bajtek,2026-07-22T05:40:48.224981+00:00,2026-07-27T05:42:01.760540+00:00,296799,299582,api.league-pro.com
1144,Jaroslav Strnad,jaroslav strnad,2026-07-22T05:40:48.224981+00:00,2026-08-12T17:42:05.414009+00:00,298188,302905,api.league-pro.com
1145,Jan Potensky,jan potensky,2026-07-22T05:40:48.224981+00:00,2026-08-11T17:42:02.511438+00:00,295763,302717,api.league-pro.com
1152,Frantisek Laburda,frantisek laburda,2026-07-22T05:40:48.224981+00:00,2026-08-03T17:42:26.442219+00:00,296487,301094,api.league-pro.com
1158,Robin Pacha,robin pacha,2026-07-22T05:40:48.224981+00:00,2026-08-10T05:42:16.384228+00:00,296699,302261,api.league-pro.com
1162,Roman Hudeczek,roman hudeczek,2026-07-22T05:40:48.224981+00:00,2026-08-16T17:42:16.368135+00:00,296303,303967,api.league-pro.com
1164,Michael Sedlacek,michael sedlacek,2026-07-22T05:40:48.224981+00:00,2026-08-12T17:42:05.414009+00:00,296823,302938,api.league-pro.com
1171,Jiri Stach,jiri stach,2026-07-22T05:40:48.224981+00:00,2026-08-16T17:42:16.368135+00:00,297847,303983,api.league-pro.com
1173,Dominik Oborny,dominik oborny,2026-07-22T05:40:48.224981+00:00,2026-08-16T17:42:16.368135+00:00,295875,303654,api.league-pro.com
1175,Tomas Navrat,tomas navrat,2026-07-22T05:40:48.224981+00:00,2026-07-22T05:40:48+00:00,297856,297861,api.league-pro.com
1177,Marek Volny,marek volny,2026-07-22T05:40:48.224981+00:00,2026-08-16T05:42:07.535411+00:00,295875,303534,api.league-pro.com
1193,Jan Dzida,jan dzida,2026-07-22T05:40:48.224981+00:00,2026-08-15T17:00:54.828189+00:00,295892,303787,api.league-pro.com
1195,Eduard Sionkala,eduard sionkala,2026-07-30T17:42:26.361703+00:00,2026-07-31T17:42:26.368091+00:00,300548,300553,api.league-pro.com
1209,David Szotek,david szotek,2026-07-22T05:40:48.224981+00:00,2026-08-16T17:42:16.368135+00:00,296079,303698,api.league-pro.com
1217,Martin Stefek,martin stefek,2026-07-22T05:40:48.224981+00:00,2026-08-16T17:42:16.368135+00:00,295776,303635,api.league-pro.com
1219,Josef Toth,josef toth,2026-07-22T05:40:48.224981+00:00,2026-08-15T17:00:54.828189+00:00,296276,303541,api.league-pro.com
1224,Stanislav Mazanek,stanislav mazanek,2026-07-22T05:40:48.224981+00:00,2026-08-12T05:42:26.359385+00:00,295764,302786,api.league-pro.com
1228,Jaromir Cernik,jaromir cernik,2026-07-22T05:40:48.224981+00:00,2026-08-16T17:42:16.368135+00:00,296516,303891,api.league-pro.com
1236,Frantisek Trojan,frantisek trojan,2026-07-24T12:33:17.461110+00:00,2026-07-27T05:42:01.760540+00:00,299412,299470,api.league-pro.com
1239,Ladislav Havel,ladislav havel,2026-07-22T05:40:48.224981+00:00,2026-08-13T17:42:16.346593+00:00,295763,303078,api.league-pro.com
1248,David Mutl,david mutl,2026-07-22T05:40:48.224981+00:00,2026-08-04T05:42:16.429746+00:00,295764,301203,api.league-pro.com
1251,Leos Havrda,leos havrda,2026-07-22T05:40:48.224981+00:00,2026-08-15T17:00:54.828189+00:00,296523,303413,api.league-pro.com
1254,Jiri Moravek,jiri moravek,2026-07-22T05:40:48.224981+00:00,2026-07-22T05:40:48+00:00,296191,297245,api.league-pro.com
1255,Vitezslav Burdik,vitezslav burdik,2026-07-22T05:40:48.224981+00:00,2026-08-04T05:42:16.429746+00:00,296107,301178,api.league-pro.com
1260,Pavel Fojt,pavel fojt,2026-07-22T05:40:48.224981+00:00,2026-08-16T17:42:16.368135+00:00,295916,303762,api.league-pro.com
1272,Jakub Stolfa,jakub stolfa,2026-07-22T05:40:48.224981+00:00,2026-08-16T17:42:16.368135+00:00,295838,303848,api.league-pro.com
1274,Jiri Foltynek,jiri foltynek,2026-07-22T05:40:48.224981+00:00,2026-08-15T17:00:54.828189+00:00,297840,303541,api.league-pro.com
1283,Radovan Polasek,radovan polasek,2026-07-22T05:40:48.224981+00:00,2026-08-16T17:42:16.368135+00:00,295827,303907,api.league-pro.com
1285,Jan Pleskot,jan pleskot,2026-07-22T05:40:48.224981+00:00,2026-08-13T17:42:16.346593+00:00,296139,303077,api.league-pro.com
1292,Vaclav Nohejl,vaclav nohejl,2026-07-22T05:40:48.224981+00:00,2026-08-16T17:42:16.368135+00:00,297012,303730,api.league-pro.com
1294,Zbynek Pagac,zbynek pagac,2026-07-22T05:40:48.224981+00:00,2026-08-16T17:42:16.368135+00:00,296088,303706,api.league-pro.com
1295,Vojtech Koubek,vojtech koubek,2026-07-22T05:40:48.224981+00:00,2026-08-13T05:42:06.447279+00:00,295748,302817,api.league-pro.com
1301,Vladislav Hampejs,vladislav hampejs,2026-07-22T05:40:48.224981+00:00,2026-07-22T05:40:48+00:00,295739,297230,api.league-pro.com
1310,Vladimir Svoboda,vladimir svoboda,2026-07-22T05:40:48.224981+00:00,2026-08-01T05:42:07.679804+00:00,298269,300629,api.league-pro.com
1321,Alexander Hejduk,alexander hejduk,2026-07-22T05:40:48.224981+00:00,2026-08-16T17:42:16.368135+00:00,296743,303884,api.league-pro.com
1324,Ondrej Svacha,ondrej svacha,2026-07-22T05:40:48.224981+00:00,2026-08-16T17:42:16.368135+00:00,295755,303820,api.league-pro.com
1341,Michal Syroha,michal syroha,2026-07-22T05:40:48.224981+00:00,2026-08-16T17:42:16.368135+00:00,296532,303931,api.league-pro.com
1342,Miroslav Necas,miroslav necas,2026-07-22T05:40:48.224981+00:00,2026-08-16T05:42:07.535411+00:00,296132,303441,api.league-pro.com
1344,Petr Picek,petr picek,2026-07-22T05:40:48.224981+00:00,2026-08-13T05:42:06.447279+00:00,296072,302830,api.league-pro.com
1373,Miloslav Lubas,miloslav lubas,2026-07-22T05:40:48.224981+00:00,2026-08-16T17:42:16.368135+00:00,296879,303891,api.league-pro.com
1374,Josef Pelikan,josef pelikan,2026-07-22T05:40:48.224981+00:00,2026-07-24T12:33:17.461110+00:00,295570,298733,api.league-pro.com
1377,Mihail Trinta,mihail trinta,2026-07-22T05:40:48.224981+00:00,2026-08-16T17:42:16.368135+00:00,295807,303653,api.league-pro.com
1379,Pavel Wawrosz,pavel wawrosz,2026-07-22T05:40:48.224981+00:00,2026-08-16T17:42:16.368135+00:00,295867,303916,api.league-pro.com
1382,Jaroslav Novotny,jaroslav novotny,2026-07-22T05:40:48.224981+00:00,2026-08-03T17:42:26.442219+00:00,297012,301045,api.league-pro.com
1393,Milan Fisera,milan fisera,2026-07-24T12:33:17.461110+00:00,2026-08-11T05:42:16.341305+00:00,298996,302577,api.league-pro.com
1403,Ales Hlawatschke,ales hlawatschke,2026-07-22T05:40:48.224981+00:00,2026-08-14T05:42:04.299069+00:00,295688,303201,api.league-pro.com
1411,Simon Kadavy,simon kadavy,2026-07-22T05:40:48.224981+00:00,2026-08-15T17:00:54.828189+00:00,297788,303385,api.league-pro.com
1412,Jan Steffan,jan steffan,2026-07-22T05:40:48.224981+00:00,2026-08-16T17:42:16.368135+00:00,295860,303864,api.league-pro.com
1414,Marek Blejchar,marek blejchar,2026-07-22T05:40:48.224981+00:00,2026-08-16T17:42:16.368135+00:00,295876,303900,api.league-pro.com
1415,Jiri Zuzanek,jiri zuzanek,2026-07-22T05:40:48.224981+00:00,2026-08-16T17:42:16.368135+00:00,295979,303795,api.league-pro.com
1416,Jindrich Vrba,jindrich vrba,2026-07-22T05:40:48.224981+00:00,2026-08-10T17:42:26.319685+00:00,296320,302449,api.league-pro.com
1418,Tomas Dousa,tomas dousa,2026-07-22T05:40:48.224981+00:00,2026-08-16T17:42:16.368135+00:00,295800,303863,api.league-pro.com
1421,Richard Krejci,richard krejci,2026-07-22T05:40:48.224981+00:00,2026-08-15T17:00:54.828189+00:00,297640,303396,api.league-pro.com
1425,Petr Zmuda,petr zmuda,2026-07-22T05:40:48.224981+00:00,2026-08-13T05:42:06.447279+00:00,295836,302854,api.league-pro.com
1428,Lubos Krticka,lubos krticka,2026-07-22T05:40:48.224981+00:00,2026-08-15T17:00:54.828189+00:00,297796,303623,api.league-pro.com
1433,Martin Jaksa,martin jaksa,2026-07-22T05:40:48.224981+00:00,2026-08-15T17:00:54.828189+00:00,297983,303549,api.league-pro.com
1434,Frantisek Briza,frantisek briza,2026-07-22T05:40:48.224981+00:00,2026-08-16T05:42:07.535411+00:00,296644,303429,api.league-pro.com
1440,Petr Serak,petr serak,2026-07-27T05:42:01.760540+00:00,2026-08-12T17:42:05.414009+00:00,299684,302906,api.league-pro.com
1475,Jaroslav Martinek,jaroslav martinek,2026-07-22T05:40:48.224981+00:00,2026-08-16T17:42:16.368135+00:00,296515,303646,api.league-pro.com
1498,Lukas Malek,lukas malek,2026-07-22T05:40:48.224981+00:00,2026-08-15T17:00:54.828189+00:00,296763,303457,api.league-pro.com
1499,Milan Chalupnicek,milan chalupnicek,2026-07-22T05:40:48.224981+00:00,2026-08-14T17:42:16.368069+00:00,295851,303209,api.league-pro.com
1515,Ladislav Novotny,ladislav novotny,2026-07-22T05:40:48.224981+00:00,2026-08-16T17:42:16.368135+00:00,297404,303645,api.league-pro.com
1518,Lukas Krok,lukas krok,2026-07-22T05:40:48.224981+00:00,2026-08-15T17:00:54.828189+00:00,295799,303751,api.league-pro.com
1520,Tomas Regner,tomas regner,2026-07-22T05:40:48.224981+00:00,2026-08-09T17:42:16.359403+00:00,296895,302237,api.league-pro.com
1529,Jaroslav Bresky,jaroslav bresky,2026-07-22T05:40:48.224981+00:00,2026-08-04T17:42:00.785604+00:00,296168,301266,api.league-pro.com
1531,Adam Brazda,adam brazda,2026-07-22T05:40:48.224981+00:00,2026-08-13T05:42:06.447279+00:00,297020,302862,api.league-pro.com
1532,Libor Jemelka,libor jemelka,2026-07-22T05:40:48.224981+00:00,2026-08-16T17:42:16.368135+00:00,296116,303690,api.league-pro.com
1539,Jakub Tazler,jakub tazler,2026-07-22T05:40:48.224981+00:00,2026-08-16T17:42:16.368135+00:00,296363,303678,api.league-pro.com
1545,Yurii Holovatiuk,yurii holovatiuk,2026-07-22T05:40:48.224981+00:00,2026-08-16T17:42:16.368135+00:00,298719,303864,api.league-pro.com
1546,Petr Osvald,petr osvald,2026-07-22T05:40:48.224981+00:00,2026-08-13T05:42:06.447279+00:00,298040,302977,api.league-pro.com
1547,Dmitro Parhomenko,dmitro parhomenko,2026-07-22T05:40:48.224981+00:00,2026-08-06T17:42:16.407541+00:00,295837,301661,api.league-pro.com
1551,Petr Budinsky,petr budinsky,2026-07-31T17:42:26.368091+00:00,2026-08-03T05:42:26.430555+00:00,300607,300914,api.league-pro.com
1557,Miroslav Vaclavik,miroslav vaclavik,2026-07-22T05:40:48.224981+00:00,2026-08-16T17:42:16.368135+00:00,296291,303738,api.league-pro.com
1558,Martin Bohac,martin bohac,2026-07-22T05:40:48.224981+00:00,2026-08-16T17:42:16.368135+00:00,297552,303883,api.league-pro.com
1561,Tomas Franek,tomas franek,2026-08-13T17:42:16.346593+00:00,2026-08-14T05:42:04.299069+00:00,303180,303187,api.league-pro.com
1563,Martin Sychra,martin sychra,2026-07-22T05:40:48.224981+00:00,2026-08-16T17:42:16.368135+00:00,295972,303680,api.league-pro.com
1566,Vaclav Kosar,vaclav kosar,2026-07-22T05:40:48.224981+00:00,2026-08-11T05:42:16.341305+00:00,295808,302525,api.league-pro.com
1568,Pavel Berdych,pavel berdych,2026-07-22T05:40:48.224981+00:00,2026-08-10T05:42:16.384228+00:00,296524,302254,api.league-pro.com
1582,Viktor Vejvoda,viktor vejvoda,2026-07-22T05:40:48.224981+00:00,2026-08-16T17:42:16.368135+00:00,295755,303617,api.league-pro.com
1585,Pavel Stuchlik,pavel stuchlik,2026-07-22T05:40:48.224981+00:00,2026-07-28T05:42:02.156495+00:00,295568,299843,api.league-pro.com
1587,Tomas Kucera,tomas kucera,2026-07-28T07:07:26.602500+00:00,2026-08-16T17:42:16.368135+00:00,299907,303883,api.league-pro.com
1593,Miroslav Tuma,miroslav tuma,2026-07-22T05:40:48.224981+00:00,2026-08-09T05:42:26.395314+00:00,296191,302026,api.league-pro.com
1597,Jiri Grohsgott,jiri grohsgott,2026-07-22T05:40:48.224981+00:00,2026-08-14T17:42:16.368069+00:00,296880,303209,api.league-pro.com
1600,Michal Vondrak,michal vondrak,2026-07-22T05:40:48.224981+00:00,2026-08-16T17:42:16.368135+00:00,296147,303668,api.league-pro.com
1601,Jiri Jira,jiri jira,2026-07-27T05:42:01.760540+00:00,2026-07-28T05:42:02.156495+00:00,299683,299689,api.league-pro.com
1602,Pavel Petr,pavel petr,2026-07-22T05:40:48.224981+00:00,2026-08-11T17:42:02.511438+00:00,295927,302606,api.league-pro.com
1603,Oleg Vitrovyj,oleg vitrovyj,2026-07-22T05:40:48.224981+00:00,2026-08-16T17:42:16.368135+00:00,296896,303634,api.league-pro.com
1605,Miroslav Novotny,miroslav novotny,2026-07-22T05:40:48.224981+00:00,2026-08-16T05:42:07.535411+00:00,297827,303441,api.league-pro.com
1607,David Horak,david horak,2026-07-22T05:40:48.224981+00:00,2026-08-16T05:42:07.535411+00:00,296497,303429,api.league-pro.com
1608,Jiri Koch,jiri koch,2026-07-22T05:40:48.224981+00:00,2026-07-22T05:40:48+00:00,295928,295933,api.league-pro.com
1609,Marek Chlebecek,marek chlebecek,2026-07-22T05:40:48.224981+00:00,2026-08-08T05:42:16.373183+00:00,295689,301894,api.league-pro.com
1611,Vaclav Nohejl,vaclav nohejl,2026-07-22T05:40:48.224981+00:00,2026-08-05T17:42:16.363480+00:00,295756,301469,api.league-pro.com
1613,Matej Nohejl,matej nohejl,2026-07-22T05:40:48.224981+00:00,2026-08-09T17:42:16.359403+00:00,295995,302294,api.league-pro.com
1614,Andrii Tkachenko,andrii tkachenko,2026-07-24T12:33:17.461110+00:00,2026-08-16T17:42:16.368135+00:00,299323,303645,api.league-pro.com
1625,Karel Bartak,karel bartak,2026-07-27T05:42:01.760540+00:00,2026-08-16T05:42:07.535411+00:00,299700,303439,api.league-pro.com
1627,Tomas Vinter,tomas vinter,2026-07-22T05:40:48.224981+00:00,2026-08-13T05:42:06.447279+00:00,296815,302993,api.league-pro.com
1629,Matej Volf,matej volf,2026-07-22T05:40:48.224981+00:00,2026-07-27T05:42:01.760540+00:00,295988,298882,api.league-pro.com
1630,Petr Saleny,petr saleny,2026-07-22T05:40:48.224981+00:00,2026-08-15T17:00:54.828189+00:00,295972,303518,api.league-pro.com
1634,Jakub Kycelt,jakub kycelt,2026-07-22T05:40:48.224981+00:00,2026-08-02T05:42:02.290447+00:00,295952,300661,api.league-pro.com
1635,Julius Didi,julius didi,2026-07-22T05:40:48.224981+00:00,2026-08-16T17:42:16.368135+00:00,295569,303746,api.league-pro.com
1649,Martin Sopko,martin sopko,2026-07-22T05:40:48.224981+00:00,2026-08-13T05:42:06.447279+00:00,296005,303006,api.league-pro.com
1653,Petr Bruzek,petr bruzek,2026-07-22T05:40:48.224981+00:00,2026-08-16T17:42:16.368135+00:00,295809,303635,api.league-pro.com
1660,Jiri Stary,jiri stary,2026-08-10T17:42:26.319685+00:00,2026-08-11T17:42:02.511438+00:00,302600,302605,api.league-pro.com
1662,Martin Vizek,martin vizek,2026-07-22T05:40:48.224981+00:00,2026-08-15T17:00:54.828189+00:00,297068,303385,api.league-pro.com
1664,Jakub Vales,jakub vales,2026-07-22T05:40:48.224981+00:00,2026-07-31T05:42:26.100968+00:00,296924,300386,api.league-pro.com
1665,Michal Hampl,michal hampl,2026-07-22T05:40:48.224981+00:00,2026-08-10T05:42:16.384228+00:00,295612,302382,api.league-pro.com
1668,Oleksandr Kolisnyk,oleksandr kolisnyk,2026-07-22T05:40:48.224981+00:00,2026-08-16T17:42:16.368135+00:00,295791,303812,api.league-pro.com
1671,Karel Schopf,karel schopf,2026-07-22T05:40:48.224981+00:00,2026-08-05T05:42:16.311636+00:00,298304,301401,api.league-pro.com
1672,Antonin Schneeberger,antonin schneeberger,2026-07-22T05:40:48.224981+00:00,2026-08-15T17:00:54.828189+00:00,295908,303373,api.league-pro.com
1679,Jiri Dedek,jiri dedek,2026-07-22T05:40:48.224981+00:00,2026-08-16T17:42:16.368135+00:00,295915,303764,api.league-pro.com
1681,Adam Svoboda,adam svoboda,2026-07-22T05:40:48.224981+00:00,2026-08-16T17:42:16.368135+00:00,296496,303636,api.league-pro.com
1688,Karel Kapras,karel kapras,2026-07-22T05:40:48.224981+00:00,2026-08-14T05:42:04.299069+00:00,298499,303101,api.league-pro.com
1689,Petr Franc,petr franc,2026-07-22T05:40:48.224981+00:00,2026-08-16T17:42:16.368135+00:00,295851,303931,api.league-pro.com
1690,Alexander Mikuska,alexander mikuska,2026-07-22T05:40:48.224981+00:00,2026-08-01T05:42:07.679804+00:00,295961,300590,api.league-pro.com
1691,TBA,tba,2026-08-15T17:00:54.828189+00:00,2026-08-16T17:42:16.368135+00:00,303625,303977,api.league-pro.com
1692,Petr Sebera,petr sebera,2026-07-22T05:40:48.224981+00:00,2026-08-16T05:42:07.535411+00:00,296003,303477,api.league-pro.com
1693,TBA,tba,2026-08-15T17:00:54.828189+00:00,2026-08-16T17:42:16.368135+00:00,303626,303978,api.league-pro.com
1696,Jan Cernik,jan cernik,2026-07-22T05:40:48.224981+00:00,2026-08-16T17:42:16.368135+00:00,296336,303610,api.league-pro.com
1700,Vojtech Stach,vojtech stach,2026-08-02T17:42:16.353604+00:00,2026-08-16T17:42:16.368135+00:00,301096,303646,api.league-pro.com
1701,David Vavrecka,david vavrecka,2026-08-08T17:42:03.383006+00:00,2026-08-16T17:42:16.368135+00:00,302272,303721,api.league-pro.com
1702,Jan Szotkowski,jan szotkowski,2026-07-22T05:40:48.224981+00:00,2026-08-14T17:42:16.368069+00:00,296219,303273,api.league-pro.com
1705,Michal Cabis,michal cabis,2026-07-22T05:40:48.224981+00:00,2026-08-14T17:42:16.368069+00:00,295891,303274,api.league-pro.com
1708,Jakub Pilch,jakub pilch,2026-07-22T05:40:48.224981+00:00,2026-08-03T05:42:26.430555+00:00,296108,300974,api.league-pro.com
1709,Michal Chalupa,michal chalupa,2026-07-22T05:40:48.224981+00:00,2026-08-16T17:42:16.368135+00:00,296087,303967,api.league-pro.com
1710,Evzen Rychlik,evzen rychlik,2026-07-22T05:40:48.224981+00:00,2026-08-08T17:42:03.383006+00:00,296847,302154,api.league-pro.com
1712,Tomas Petrek,tomas petrek,2026-07-22T05:40:48.224981+00:00,2026-08-07T17:42:26.346465+00:00,297036,301918,api.league-pro.com
1714,Samuel Byrtus,samuel byrtus,2026-07-22T05:40:48.224981+00:00,2026-08-16T17:42:16.368135+00:00,296039,303975,api.league-pro.com
1716,Ondrej Kysely,ondrej kysely,2026-07-22T05:40:48.224981+00:00,2026-08-06T17:42:16.407541+00:00,295690,301706,api.league-pro.com
1719,Lukas Velicka,lukas velicka,2026-07-22T05:40:48.224981+00:00,2026-08-16T05:42:07.535411+00:00,295876,303712,api.league-pro.com
1721,Alexandr Virag,alexandr virag,2026-07-22T05:40:48.224981+00:00,2026-08-12T17:42:05.414009+00:00,298376,302962,api.league-pro.com
1723,Jan Stoch,jan stoch,2026-07-22T05:40:48.224981+00:00,2026-08-12T17:42:05.414009+00:00,297087,302945,api.league-pro.com
1724,Radim Adam,radim adam,2026-07-22T05:40:48.224981+00:00,2026-08-14T05:42:04.299069+00:00,298759,303170,api.league-pro.com
1725,Marcel Heczko,marcel heczko,2026-07-22T05:40:48.224981+00:00,2026-08-16T05:42:07.535411+00:00,297608,303534,api.league-pro.com
1728,Jakub Simecek,jakub simecek,2026-07-22T05:40:48.224981+00:00,2026-08-16T05:42:07.535411+00:00,295731,303594,api.league-pro.com
1729,Stepan Kysely,stepan kysely,2026-07-22T05:40:48.224981+00:00,2026-07-22T05:40:48+00:00,295731,295746,api.league-pro.com
1730,Michal Kaspar,michal kaspar,2026-07-22T05:40:48.224981+00:00,2026-08-16T17:42:16.368135+00:00,298220,303959,api.league-pro.com
1731,Daniel Tomica,daniel tomica,2026-07-22T05:40:48.224981+00:00,2026-08-13T17:42:16.346593+00:00,296611,303161,api.league-pro.com
1732,Jan Hrabec,jan hrabec,2026-07-22T05:40:48.224981+00:00,2026-08-16T17:42:16.368135+00:00,295819,303782,api.league-pro.com
1733,Zdenek Luksa,zdenek luksa,2026-07-22T05:40:48.224981+00:00,2026-08-10T17:42:26.319685+00:00,298075,302557,api.league-pro.com
1734,Daniel Priesol,daniel priesol,2026-07-22T05:40:48.224981+00:00,2026-08-16T17:42:16.368135+00:00,296423,303689,api.league-pro.com
1736,Roman Guliak,roman guliak,2026-07-22T05:40:48.224981+00:00,2026-08-16T17:42:16.368135+00:00,295900,303983,api.league-pro.com
1738,Ivan Kolenciak,ivan kolenciak,2026-07-22T05:40:48.224981+00:00,2026-08-07T17:42:26.346465+00:00,296275,301942,api.league-pro.com
1739,Matyas Kolek,matyas kolek,2026-07-22T05:40:48.224981+00:00,2026-08-15T17:42:06.399763+00:00,296507,303585,api.league-pro.com
1741,Matej Levicky,matej levicky,2026-07-22T05:40:48.224981+00:00,2026-08-16T17:42:16.368135+00:00,296351,303984,api.league-pro.com
1742,Daniel Tyn,daniel tyn,2026-07-22T05:40:48.224981+00:00,2026-08-16T17:42:16.368135+00:00,296508,303960,api.league-pro.com
1743,Adrian Walek,adrian walek,2026-07-22T05:40:48.224981+00:00,2026-08-14T17:42:16.368069+00:00,296040,303282,api.league-pro.com
1744,Michal Derco,michal derco,2026-07-22T05:40:48.224981+00:00,2026-08-16T17:42:16.368135+00:00,296276,303721,api.league-pro.com
1746,Michal Blaha,michal blaha,2026-07-22T05:40:48.224981+00:00,2026-08-16T17:42:16.368135+00:00,296508,303722,api.league-pro.com
1748,Tomas Milota,tomas milota,2026-07-22T05:40:48.224981+00:00,2026-07-30T05:42:06.396415+00:00,297095,300162,api.league-pro.com
1749,Lubos Forman,lubos forman,2026-07-22T05:40:48.224981+00:00,2026-08-04T17:42:00.785604+00:00,296319,301321,api.league-pro.com
1750,Adam Kudelka,adam kudelka,2026-07-22T05:40:48.224981+00:00,2026-07-22T05:40:48+00:00,295775,295782,api.league-pro.com
1752,Vojtech Svechota,vojtech svechota,2026-07-22T05:40:48.224981+00:00,2026-08-13T17:42:16.346593+00:00,295612,303021,api.league-pro.com
1757,David Heczko,david heczko,2026-07-22T05:40:48.224981+00:00,2026-08-16T17:42:16.368135+00:00,296855,303924,api.league-pro.com
1760,David Mikula,david mikula,2026-07-22T05:40:48.224981+00:00,2026-08-16T05:42:07.535411+00:00,295899,303510,api.league-pro.com
1763,Jaroslav Peter,jaroslav peter,2026-07-22T05:40:48.224981+00:00,2026-08-16T05:42:07.535411+00:00,296312,303586,api.league-pro.com
1764,Daniel Tobola,daniel tobola,2026-07-22T05:40:48.224981+00:00,2026-08-16T17:42:16.368135+00:00,295907,303984,api.league-pro.com
1765,Milan Jasek,milan jasek,2026-07-22T05:40:48.224981+00:00,2026-08-16T17:42:16.368135+00:00,295900,303689,api.league-pro.com
1766,Tomas Hrabec,tomas hrabec,2026-07-27T05:42:01.760540+00:00,2026-08-16T05:42:07.535411+00:00,299527,303510,api.league-pro.com
1767,Lukas Martinec,lukas martinec,2026-07-22T05:40:48.224981+00:00,2026-07-22T05:40:48+00:00,298415,298421,api.league-pro.com
1769,Pavel Varecha,pavel varecha,2026-07-22T05:40:48.224981+00:00,2026-07-31T17:42:26.368091+00:00,295907,300554,api.league-pro.com
1771,Vaclav Zidek,vaclav zidek,2026-07-22T05:40:48.224981+00:00,2026-08-06T05:42:26.296183+00:00,297060,301510,api.league-pro.com
1778,Josef Cabak,josef cabak,2026-07-22T05:40:48.224981+00:00,2026-08-14T17:42:16.368069+00:00,296488,303282,api.league-pro.com
1780,Vojtech Kocian,vojtech kocian,2026-07-22T05:40:48.224981+00:00,2026-08-16T17:42:16.368135+00:00,297855,303960,api.league-pro.com
1781,Jiri Holubec,jiri holubec,2026-07-22T05:40:48.224981+00:00,2026-08-15T17:00:54.828189+00:00,297036,303306,api.league-pro.com
1782,Tomas Kraninger,tomas kraninger,2026-07-22T05:40:48.224981+00:00,2026-08-12T05:42:26.359385+00:00,298039,302710,api.league-pro.com
1784,Tomas Dousek,tomas dousek,2026-07-22T05:40:48.224981+00:00,2026-08-16T17:42:16.368135+00:00,295892,303916,api.league-pro.com
1788,Vitezslav Bosak,vitezslav bosak,2026-07-22T05:40:48.224981+00:00,2026-08-16T17:42:16.368135+00:00,296432,303781,api.league-pro.com
1789,Michal Vesely,michal vesely,2026-07-22T05:40:48.224981+00:00,2026-08-16T17:42:16.368135+00:00,296908,303661,api.league-pro.com
1796,Libor Prikasky,libor prikasky,2026-07-22T05:40:48.224981+00:00,2026-08-16T17:42:16.368135+00:00,296031,303773,api.league-pro.com
1800,Michal Koral,michal koral,2026-07-22T05:40:48.224981+00:00,2026-08-13T05:42:06.447279+00:00,295819,302978,api.league-pro.com
1803,Matej Grundel,matej grundel,2026-07-22T05:40:48.224981+00:00,2026-08-14T05:42:04.299069+00:00,296032,303162,api.league-pro.com
1804,Martin Skotnica,martin skotnica,2026-07-22T05:40:48.224981+00:00,2026-08-14T05:42:04.299069+00:00,296031,303162,api.league-pro.com
1805,Ivo Taichman,ivo taichman,2026-07-22T05:40:48.224981+00:00,2026-08-16T17:42:16.368135+00:00,295883,303899,api.league-pro.com
1806,Petr Danko,petr danko,2026-07-22T05:40:48.224981+00:00,2026-08-14T17:42:16.368069+00:00,297608,303281,api.league-pro.com
1810,Filip Zurek,filip zurek,2026-07-22T05:40:48.224981+00:00,2026-08-05T17:42:16.363480+00:00,296116,301485,api.league-pro.com
1811,David Barton,david barton,2026-07-22T05:40:48.224981+00:00,2026-08-16T17:42:16.368135+00:00,296131,303729,api.league-pro.com
1812,Tomas Milkov,tomas milkov,2026-07-22T05:40:48.224981+00:00,2026-08-16T17:42:16.368135+00:00,295820,303900,api.league-pro.com
1813,Pavel Drazan,pavel drazan,2026-07-22T05:40:48.224981+00:00,2026-07-22T05:40:48+00:00,295852,296301,api.league-pro.com
1814,Miroslav Stolba,miroslav stolba,2026-07-22T05:40:48.224981+00:00,2026-08-15T17:00:54.828189+00:00,296275,303542,api.league-pro.com
1817,Vojtech Cerny,vojtech cerny,2026-07-22T05:40:48.224981+00:00,2026-08-15T17:00:54.828189+00:00,296440,303353,api.league-pro.com
1822,Radim Kvasnicka,radim kvasnicka,2026-07-22T05:40:48.224981+00:00,2026-08-15T17:42:06.399763+00:00,296448,303509,api.league-pro.com
1824,Martin Ulrych,martin ulrych,2026-07-22T05:40:48.224981+00:00,2026-07-27T05:42:01.760540+00:00,295808,299234,api.league-pro.com
1825,Pavel Potmesil,pavel potmesil,2026-07-22T05:40:48.224981+00:00,2026-08-10T17:42:26.319685+00:00,295928,302401,api.league-pro.com
1827,Lukas Kern,lukas kern,2026-07-22T05:40:48.224981+00:00,2026-08-16T17:42:16.368135+00:00,297271,303698,api.league-pro.com
1829,Daniel Unzeitig,daniel unzeitig,2026-07-22T05:40:48.224981+00:00,2026-08-16T17:42:16.368135+00:00,296087,303968,api.league-pro.com
1832,Roman Urban,roman urban,2026-07-22T05:40:48.224981+00:00,2026-08-16T05:42:07.535411+00:00,297077,303442,api.league-pro.com
1833,Libor Stacho,libor stacho,2026-07-22T05:40:48.224981+00:00,2026-08-16T05:42:07.535411+00:00,297536,303570,api.league-pro.com
1836,Filip Jungman,filip jungman,2026-07-22T05:40:48.224981+00:00,2026-08-16T17:42:16.368135+00:00,298203,303752,api.league-pro.com
1837,Jan Bernat,jan bernat,2026-08-13T17:42:16.346593+00:00,2026-08-14T17:42:16.368069+00:00,303316,303321,api.league-pro.com
1838,Martin Polivka,martin polivka,2026-07-22T05:40:48.224981+00:00,2026-07-22T05:40:48+00:00,296268,297705,api.league-pro.com
1839,Jan Simecek,jan simecek,2026-07-22T05:40:48.224981+00:00,2026-08-07T17:42:26.346465+00:00,296252,301822,api.league-pro.com
1841,Vlastimil Kolar,vlastimil kolar,2026-07-22T05:40:48.224981+00:00,2026-08-05T17:42:16.363480+00:00,296772,301437,api.league-pro.com
1843,Vladimir Adamczyk,vladimir adamczyk,2026-07-22T05:40:48.224981+00:00,2026-08-16T05:42:07.535411+00:00,296039,303533,api.league-pro.com
1844,Miroslav Kowolowski,miroslav kowolowski,2026-07-22T05:40:48.224981+00:00,2026-08-16T05:42:07.535411+00:00,295899,303712,api.league-pro.com
1845,Petr Banot,petr banot,2026-07-22T05:40:48.224981+00:00,2026-08-16T17:42:16.368135+00:00,297280,303722,api.league-pro.com
1847,Martin Skakal,martin skakal,2026-07-22T05:40:48.224981+00:00,2026-08-16T17:42:16.368135+00:00,297968,303939,api.league-pro.com
1848,Evald Gebek,evald gebek,2026-07-22T05:40:48.224981+00:00,2026-08-08T05:42:16.373183+00:00,297479,302001,api.league-pro.com
1850,Filip Wolf,filip wolf,2026-07-22T05:40:48.224981+00:00,2026-08-16T17:42:16.368135+00:00,295747,303855,api.league-pro.com
1852,Zbynek Drabek,zbynek drabek,2026-07-22T05:40:48.224981+00:00,2026-08-06T17:42:16.407541+00:00,298016,301626,api.league-pro.com
1853,Radek Adamczyk,radek adamczyk,2026-07-22T05:40:48.224981+00:00,2026-08-10T17:42:26.319685+00:00,297279,302558,api.league-pro.com
1854,Marek Bereiter,marek bereiter,2026-07-22T05:40:48.224981+00:00,2026-08-16T05:42:07.535411+00:00,298440,303593,api.league-pro.com
1855,Tomas Kypr,tomas kypr,2026-08-13T17:42:16.346593+00:00,2026-08-15T17:00:54.828189+00:00,303300,303306,api.league-pro.com
1858,Patrik Hanel,patrik hanel,2026-07-22T05:40:48.224981+00:00,2026-08-14T05:42:04.299069+00:00,296115,303169,api.league-pro.com
1859,Jan Framberk,jan framberk,2026-07-22T05:40:48.224981+00:00,2026-08-07T05:42:23.191740+00:00,297232,301645,api.league-pro.com
1860,Dmytro Opanasiuk,dmytro opanasiuk,2026-07-22T05:40:48.224981+00:00,2026-08-15T17:00:54.828189+00:00,295867,303787,api.league-pro.com
1861,Miloslav Hubka,miloslav hubka,2026-08-04T17:42:00.785604+00:00,2026-08-05T17:42:16.363480+00:00,301416,301429,api.league-pro.com
1862,Martin Novak,martin novak,2026-07-22T05:40:48.224981+00:00,2026-07-24T12:33:17.461110+00:00,296132,298865,api.league-pro.com
1864,Daniel Langer,daniel langer,2026-07-22T05:40:48.224981+00:00,2026-08-16T17:42:16.368135+00:00,295820,303899,api.league-pro.com
1865,Matej Szwarc,matej szwarc,2026-07-31T17:42:26.368091+00:00,2026-08-08T17:42:03.383006+00:00,300771,302130,api.league-pro.com
1866,Alfred Rinka,alfred rinka,2026-07-22T05:40:48.224981+00:00,2026-08-14T17:42:16.368069+00:00,297051,303314,api.league-pro.com
1869,Richard Wagner,richard wagner,2026-07-22T05:40:48.224981+00:00,2026-08-16T17:42:16.368135+00:00,296148,303803,api.league-pro.com
1870,Vaclav Rybar,vaclav rybar,2026-07-22T05:40:48.224981+00:00,2026-08-10T17:42:26.319685+00:00,297279,302534,api.league-pro.com
1871,Jan Kucharcik,jan kucharcik,2026-07-22T05:40:48.224981+00:00,2026-07-22T05:40:48+00:00,298015,298022,api.league-pro.com
1872,Jan Trefny,jan trefny,2026-07-22T05:40:48.224981+00:00,2026-08-09T05:42:26.395314+00:00,295688,302186,api.league-pro.com
1873,Mark Wagner,mark wagner,2026-07-22T05:40:48.224981+00:00,2026-08-16T17:42:16.368135+00:00,296940,303940,api.league-pro.com
1874,Milan Langer,milan langer,2026-07-22T05:40:48.224981+00:00,2026-07-28T17:42:06.302347+00:00,298068,300005,api.league-pro.com
1875,Frantisek Nadymacek,frantisek nadymacek,2026-07-24T12:33:17.461110+00:00,2026-08-16T17:42:16.368135+00:00,298964,303705,api.league-pro.com
1876,Jakub Hutnik,jakub hutnik,2026-07-30T17:42:26.361703+00:00,2026-08-16T17:42:16.368135+00:00,300591,303924,api.league-pro.com
1877,David Sidletskyi,david sidletskyi,2026-08-08T17:42:03.383006+00:00,2026-08-09T17:42:16.359403+00:00,302200,302213,api.league-pro.com
