player_id,canonical_name,normalized_name,first_seen_at_utc,last_seen_at_utc,first_match_id,latest_match_id,source
679,Pavel Gireth,pavel gireth,2026-07-22T05:40:48.224981+00:00,2026-07-22T05:40:48.224981+00:00,295747,295753,api.league-pro.com
680,Frantisek Pusch,frantisek pusch,2026-07-22T05:40:48.224981+00:00,2026-07-22T05:40:48.224981+00:00,296568,296582,api.league-pro.com
683,Jan Mecl,jan mecl,2026-07-22T05:40:48.224981+00:00,2026-07-22T05:40:48.224981+00:00,295783,297785,api.league-pro.com
684,Martin Huk,martin huk,2026-07-22T05:40:48.224981+00:00,2026-07-22T05:40:48.224981+00:00,295614,298618,api.league-pro.com
685,Ales Bayer,ales bayer,2026-07-22T05:40:48.224981+00:00,2026-07-22T05:40:48.224981+00:00,296004,298669,api.league-pro.com
687,Jan Kanera,jan kanera,2026-07-22T05:40:48.224981+00:00,2026-07-22T05:40:48.224981+00:00,296251,298294,api.league-pro.com
688,Erik Mares,erik mares,2026-07-22T05:40:48.224981+00:00,2026-07-22T05:40:48.224981+00:00,297128,298141,api.league-pro.com
694,Jan Zajicek,jan zajicek,2026-07-22T05:40:48.224981+00:00,2026-07-22T05:40:48.224981+00:00,296387,298538,api.league-pro.com
695,Tomas Prosa,tomas prosa,2026-07-22T05:40:48.224981+00:00,2026-07-22T05:40:48.224981+00:00,296064,297894,api.league-pro.com
699,Josef Medek,josef medek,2026-07-22T05:40:48.224981+00:00,2026-07-22T05:40:48.224981+00:00,296387,298537,api.league-pro.com
700,Martin Parizek,martin parizek,2026-07-22T05:40:48.224981+00:00,2026-07-22T05:40:48.224981+00:00,297519,298538,api.league-pro.com
707,Petr Bradac,petr bradac,2026-07-22T05:40:48.224981+00:00,2026-07-22T05:40:48.224981+00:00,295748,297366,api.league-pro.com
711,Radek Rose,radek rose,2026-07-22T05:40:48.224981+00:00,2026-07-22T05:40:48.224981+00:00,296283,297637,api.league-pro.com
714,Jiri Louda,jiri louda,2026-07-22T05:40:48.224981+00:00,2026-07-22T05:40:48.224981+00:00,295971,298635,api.league-pro.com
715,Karel Brozik,karel brozik,2026-07-22T05:40:48.224981+00:00,2026-07-22T05:40:48.224981+00:00,296003,296012,api.league-pro.com
716,Miroslav Svedik,miroslav svedik,2026-07-22T05:40:48.224981+00:00,2026-07-22T05:40:48.224981+00:00,297535,297541,api.league-pro.com
747,Milan Klement,milan klement,2026-07-22T05:40:48.224981+00:00,2026-07-22T05:40:48.224981+00:00,296183,298803,api.league-pro.com
748,Vlastimil Pecka,vlastimil pecka,2026-07-22T05:40:48.224981+00:00,2026-07-22T05:40:48.224981+00:00,298712,298715,api.league-pro.com
755,Martin Bittner,martin bittner,2026-07-22T05:40:48.224981+00:00,2026-07-22T05:40:48.224981+00:00,296147,298309,api.league-pro.com
756,Frantisek Just,frantisek just,2026-07-22T05:40:48.224981+00:00,2026-07-22T05:40:48.224981+00:00,295988,298482,api.league-pro.com
764,Matous Klimenta,matous klimenta,2026-07-22T05:40:48.224981+00:00,2026-07-22T05:40:48.224981+00:00,295951,297941,api.league-pro.com
771,Zdenek Bilek,zdenek bilek,2026-07-22T05:40:48.224981+00:00,2026-07-22T05:40:48.224981+00:00,296388,298345,api.league-pro.com
777,Tomas Varnuska,tomas varnuska,2026-07-22T05:40:48.224981+00:00,2026-07-22T05:40:48.224981+00:00,298475,298481,api.league-pro.com
781,Jiri Pozarsky,jiri pozarsky,2026-07-22T05:40:48.224981+00:00,2026-07-22T05:40:48.224981+00:00,295987,297025,api.league-pro.com
784,Tomas Zahradnik,tomas zahradnik,2026-07-22T05:40:48.224981+00:00,2026-07-22T05:40:48.224981+00:00,295756,296469,api.league-pro.com
787,Tomek Batog,tomek batog,2026-07-22T05:40:48.224981+00:00,2026-07-22T05:40:48.224981+00:00,296156,296162,api.league-pro.com
798,Radek Bartunek,radek bartunek,2026-07-22T05:40:48.224981+00:00,2026-07-22T05:40:48.224981+00:00,295859,298366,api.league-pro.com
805,Ondrej Kucirek,ondrej kucirek,2026-07-22T05:40:48.224981+00:00,2026-07-22T05:40:48.224981+00:00,295960,296993,api.league-pro.com
808,Vladimir Havlicek,vladimir havlicek,2026-07-22T05:40:48.224981+00:00,2026-07-22T05:40:48.224981+00:00,296907,298601,api.league-pro.com
809,Michal Regner,michal regner,2026-07-22T05:40:48.224981+00:00,2026-07-22T05:40:48.224981+00:00,295971,298638,api.league-pro.com
812,Rostislav Hasmanda,rostislav hasmanda,2026-07-22T05:40:48.224981+00:00,2026-07-22T05:40:48.224981+00:00,295775,298716,api.league-pro.com
814,Zdenek Kasinski,zdenek kasinski,2026-07-22T05:40:48.224981+00:00,2026-07-22T05:40:48.224981+00:00,298516,298521,api.league-pro.com
821,Tomas Kos,tomas kos,2026-07-22T05:40:48.224981+00:00,2026-07-22T05:40:48.224981+00:00,297708,298142,api.league-pro.com
822,Jaroslav Prokupek,jaroslav prokupek,2026-07-22T05:40:48.224981+00:00,2026-07-22T05:40:48.224981+00:00,295917,297650,api.league-pro.com
824,Milan Kolar,milan kolar,2026-07-22T05:40:48.224981+00:00,2026-07-22T05:40:48.224981+00:00,296167,298330,api.league-pro.com
825,Milan Regner,milan regner,2026-07-22T05:40:48.224981+00:00,2026-07-22T05:40:48.224981+00:00,296124,298796,api.league-pro.com
826,Ales Barton,ales barton,2026-07-22T05:40:48.224981+00:00,2026-07-22T05:40:48.224981+00:00,295943,297941,api.league-pro.com
828,Jiri Svec,jiri svec,2026-07-22T05:40:48.224981+00:00,2026-07-22T05:40:48.224981+00:00,296319,298521,api.league-pro.com
830,Jakub Hradecky,jakub hradecky,2026-07-22T05:40:48.224981+00:00,2026-07-22T05:40:48.224981+00:00,297877,298670,api.league-pro.com
834,Tomas Andrle,tomas andrle,2026-07-22T05:40:48.224981+00:00,2026-07-22T05:40:48.224981+00:00,295859,298498,api.league-pro.com
837,Radim Pavelka,radim pavelka,2026-07-22T05:40:48.224981+00:00,2026-07-22T05:40:48.224981+00:00,295732,297793,api.league-pro.com
843,Tomas Janata,tomas janata,2026-07-22T05:40:48.224981+00:00,2026-07-22T05:40:48.224981+00:00,297067,297330,api.league-pro.com
851,Kamil Novak,kamil novak,2026-07-22T05:40:48.224981+00:00,2026-07-22T05:40:48.224981+00:00,296071,296078,api.league-pro.com
853,Patrik Pycha,patrik pycha,2026-07-22T05:40:48.224981+00:00,2026-07-22T05:40:48.224981+00:00,295689,297886,api.league-pro.com
854,Lukas Jindrak,lukas jindrak,2026-07-22T05:40:48.224981+00:00,2026-07-22T05:40:48.224981+00:00,297951,297965,api.league-pro.com
863,Daniel Tuma,daniel tuma,2026-07-22T05:40:48.224981+00:00,2026-07-22T05:40:48.224981+00:00,295987,298670,api.league-pro.com
864,Tomas Postelt,tomas postelt,2026-07-22T05:40:48.224981+00:00,2026-07-22T05:40:48.224981+00:00,297376,297385,api.league-pro.com
865,Vladimir Postelt,vladimir postelt,2026-07-22T05:40:48.224981+00:00,2026-07-22T05:40:48.224981+00:00,295995,298329,api.league-pro.com
866,Vaclav Dolezal,vaclav dolezal,2026-07-22T05:40:48.224981+00:00,2026-07-22T05:40:48.224981+00:00,295776,296198,api.league-pro.com
875,Martin Sobisek,martin sobisek,2026-07-22T05:40:48.224981+00:00,2026-07-22T05:40:48.224981+00:00,297560,298669,api.league-pro.com
879,Jiri Ruzicka,jiri ruzicka,2026-07-22T05:40:48.224981+00:00,2026-07-22T05:40:48.224981+00:00,295613,298302,api.league-pro.com
881,Marcel Pikous,marcel pikous,2026-07-22T05:40:48.224981+00:00,2026-07-22T05:40:48.224981+00:00,296560,298811,api.league-pro.com
884,Jaroslav Schwan,jaroslav schwan,2026-07-22T05:40:48.224981+00:00,2026-07-22T05:40:48.224981+00:00,298744,298747,api.league-pro.com
885,Denis Hofman,denis hofman,2026-07-22T05:40:48.224981+00:00,2026-07-22T05:40:48.224981+00:00,296364,298637,api.league-pro.com
886,Vaclav Hruska,vaclav hruska,2026-07-22T05:40:48.224981+00:00,2026-07-22T05:40:48.224981+00:00,295568,298529,api.league-pro.com
894,Lubor Sulava,lubor sulava,2026-07-22T05:40:48.224981+00:00,2026-07-22T05:40:48.224981+00:00,296455,298363,api.league-pro.com
896,Michal Jezek,michal jezek,2026-07-22T05:40:48.224981+00:00,2026-07-22T05:40:48.224981+00:00,296063,298617,api.league-pro.com
897,Tibor Kolenic,tibor kolenic,2026-07-22T05:40:48.224981+00:00,2026-07-22T05:40:48.224981+00:00,296072,298820,api.league-pro.com
901,Ludek Madle,ludek madle,2026-07-22T05:40:48.224981+00:00,2026-07-22T05:40:48.224981+00:00,296048,298796,api.league-pro.com
909,Pavel Kulhanek,pavel kulhanek,2026-07-22T05:40:48.224981+00:00,2026-07-22T05:40:48.224981+00:00,296047,297738,api.league-pro.com
923,Cesta Havrda,cesta havrda,2026-07-22T05:40:48.224981+00:00,2026-07-22T05:40:48.224981+00:00,298507,298683,api.league-pro.com
925,Vladimir Cermak,vladimir cermak,2026-07-22T05:40:48.224981+00:00,2026-07-22T05:40:48.224981+00:00,295996,298126,api.league-pro.com
930,Michal Zahradka,michal zahradka,2026-07-22T05:40:48.224981+00:00,2026-07-22T05:40:48.224981+00:00,295784,297350,api.league-pro.com
931,Martin Tacinec,martin tacinec,2026-07-22T05:40:48.224981+00:00,2026-07-22T05:40:48.224981+00:00,296635,298090,api.league-pro.com
934,Jiri Plachy,jiri plachy,2026-07-22T05:40:48.224981+00:00,2026-07-22T05:40:48.224981+00:00,295836,298723,api.league-pro.com
935,Vladimir Kubat,vladimir kubat,2026-07-22T05:40:48.224981+00:00,2026-07-22T05:40:48.224981+00:00,295927,298676,api.league-pro.com
940,Milan Smesny,milan smesny,2026-07-22T05:40:48.224981+00:00,2026-07-22T05:40:48.224981+00:00,296320,298676,api.league-pro.com
942,Jaroslav Strnad,jaroslav strnad,2026-07-22T05:40:48.224981+00:00,2026-07-22T05:40:48.224981+00:00,295569,297737,api.league-pro.com
950,Jan Varcl,jan varcl,2026-07-22T05:40:48.224981+00:00,2026-07-22T05:40:48.224981+00:00,295860,295865,api.league-pro.com
951,Miroslav Barta,miroslav barta,2026-07-22T05:40:48.224981+00:00,2026-07-22T05:40:48.224981+00:00,295852,298497,api.league-pro.com
952,Marek Placek,marek placek,2026-07-22T05:40:48.224981+00:00,2026-07-22T05:40:48.224981+00:00,298463,298471,api.league-pro.com
990,Jaroslav Neuwirth,jaroslav neuwirth,2026-07-22T05:40:48.224981+00:00,2026-07-22T05:40:48.224981+00:00,296675,298593,api.league-pro.com
996,Tadeas Zika,tadeas zika,2026-07-22T05:40:48.224981+00:00,2026-07-22T05:40:48.224981+00:00,295828,298772,api.league-pro.com
1004,Ondrej Paril,ondrej paril,2026-07-22T05:40:48.224981+00:00,2026-07-22T05:40:48.224981+00:00,295828,298771,api.league-pro.com
1012,Zbynek Zientek,zbynek zientek,2026-07-22T05:40:48.224981+00:00,2026-07-22T05:40:48.224981+00:00,295908,298381,api.league-pro.com
1014,Jakub Levicky,jakub levicky,2026-07-22T05:40:48.224981+00:00,2026-07-22T05:40:48.224981+00:00,296431,298839,api.league-pro.com
1015,Michal Vedmoch,michal vedmoch,2026-07-22T05:40:48.224981+00:00,2026-07-22T05:40:48.224981+00:00,295732,298490,api.league-pro.com
1016,Michal Kratochvil,michal kratochvil,2026-07-22T05:40:48.224981+00:00,2026-07-22T05:40:48.224981+00:00,296107,298755,api.league-pro.com
1020,Martin Biolek,martin biolek,2026-07-22T05:40:48.224981+00:00,2026-07-22T05:40:48.224981+00:00,295891,298562,api.league-pro.com
1035,Richard Skacelik,richard skacelik,2026-07-22T05:40:48.224981+00:00,2026-07-22T05:40:48.224981+00:00,296676,298739,api.league-pro.com
1038,Dalimil Machander,dalimil machander,2026-07-22T05:40:48.224981+00:00,2026-07-22T05:40:48.224981+00:00,296675,298739,api.league-pro.com
1046,Radomir Revay,radomir revay,2026-07-22T05:40:48.224981+00:00,2026-07-22T05:40:48.224981+00:00,295827,297582,api.league-pro.com
1047,Ivo Palmi,ivo palmi,2026-07-22T05:40:48.224981+00:00,2026-07-22T05:40:48.224981+00:00,297839,297846,api.league-pro.com
1050,Jiri Motak,jiri motak,2026-07-22T05:40:48.224981+00:00,2026-07-22T05:40:48.224981+00:00,298416,298421,api.league-pro.com
1057,Jakub Plachta,jakub plachta,2026-07-22T05:40:48.224981+00:00,2026-07-22T05:40:48.224981+00:00,295868,298430,api.league-pro.com
1061,Jiri Nesnera,jiri nesnera,2026-07-22T05:40:48.224981+00:00,2026-07-22T05:40:48.224981+00:00,296924,296929,api.league-pro.com
1075,Alois Kanak,alois kanak,2026-07-22T05:40:48.224981+00:00,2026-07-22T05:40:48.224981+00:00,296507,298081,api.league-pro.com
1078,Kyryl Darin,kyryl darin,2026-07-22T05:40:48.224981+00:00,2026-07-22T05:40:48.224981+00:00,295799,298708,api.league-pro.com
1087,Radomir Vavrecka,radomir vavrecka,2026-07-22T05:40:48.224981+00:00,2026-07-22T05:40:48.224981+00:00,296040,298570,api.league-pro.com
1092,Marek Holub,marek holub,2026-07-22T05:40:48.224981+00:00,2026-07-22T05:40:48.224981+00:00,297035,297269,api.league-pro.com
1093,Sebastian Kasnik,sebastian kasnik,2026-07-22T05:40:48.224981+00:00,2026-07-22T05:40:48.224981+00:00,296088,297462,api.league-pro.com
1096,Lukas Martinak,lukas martinak,2026-07-22T05:40:48.224981+00:00,2026-07-22T05:40:48.224981+00:00,296659,298594,api.league-pro.com
1114,Michal Vavrecka,michal vavrecka,2026-07-22T05:40:48.224981+00:00,2026-07-22T05:40:48.224981+00:00,296692,298772,api.league-pro.com
1121,Matyas Navedla,matyas navedla,2026-07-22T05:40:48.224981+00:00,2026-07-22T05:40:48.224981+00:00,296032,298397,api.league-pro.com
1124,Milan Vrabec,milan vrabec,2026-07-22T05:40:48.224981+00:00,2026-07-22T05:40:48.224981+00:00,296515,298684,api.league-pro.com
1128,Radim Urbaniec,radim urbaniec,2026-07-22T05:40:48.224981+00:00,2026-07-22T05:40:48.224981+00:00,295613,298756,api.league-pro.com
1137,Pavel Bajtek,pavel bajtek,2026-07-22T05:40:48.224981+00:00,2026-07-22T05:40:48.224981+00:00,296799,298066,api.league-pro.com
1144,Jaroslav Strnad,jaroslav strnad,2026-07-22T05:40:48.224981+00:00,2026-07-22T05:40:48.224981+00:00,298188,298684,api.league-pro.com
1145,Jan Potensky,jan potensky,2026-07-22T05:40:48.224981+00:00,2026-07-22T05:40:48.224981+00:00,295763,298657,api.league-pro.com
1152,Frantisek Laburda,frantisek laburda,2026-07-22T05:40:48.224981+00:00,2026-07-22T05:40:48.224981+00:00,296487,297658,api.league-pro.com
1158,Robin Pacha,robin pacha,2026-07-22T05:40:48.224981+00:00,2026-07-22T05:40:48.224981+00:00,296699,298157,api.league-pro.com
1162,Roman Hudeczek,roman hudeczek,2026-07-22T05:40:48.224981+00:00,2026-07-22T05:40:48.224981+00:00,296303,298073,api.league-pro.com
1164,Michael Sedlacek,michael sedlacek,2026-07-22T05:40:48.224981+00:00,2026-07-22T05:40:48.224981+00:00,296823,298578,api.league-pro.com
1171,Jiri Stach,jiri stach,2026-07-22T05:40:48.224981+00:00,2026-07-22T05:40:48.224981+00:00,297847,298763,api.league-pro.com
1173,Dominik Oborny,dominik oborny,2026-07-22T05:40:48.224981+00:00,2026-07-22T05:40:48.224981+00:00,295875,298569,api.league-pro.com
1175,Tomas Navrat,tomas navrat,2026-07-22T05:40:48.224981+00:00,2026-07-22T05:40:48.224981+00:00,297856,297861,api.league-pro.com
1177,Marek Volny,marek volny,2026-07-22T05:40:48.224981+00:00,2026-07-22T05:40:48.224981+00:00,295875,298839,api.league-pro.com
1193,Jan Dzida,jan dzida,2026-07-22T05:40:48.224981+00:00,2026-07-22T05:40:48.224981+00:00,295892,298562,api.league-pro.com
1209,David Szotek,david szotek,2026-07-22T05:40:48.224981+00:00,2026-07-22T05:40:48.224981+00:00,296079,298756,api.league-pro.com
1217,Martin Stefek,martin stefek,2026-07-22T05:40:48.224981+00:00,2026-07-22T05:40:48.224981+00:00,295776,298691,api.league-pro.com
1219,Josef Toth,josef toth,2026-07-22T05:40:48.224981+00:00,2026-07-22T05:40:48.224981+00:00,296276,296282,api.league-pro.com
1224,Stanislav Mazanek,stanislav mazanek,2026-07-22T05:40:48.224981+00:00,2026-07-22T05:40:48.224981+00:00,295764,298654,api.league-pro.com
1228,Jaromir Cernik,jaromir cernik,2026-07-22T05:40:48.224981+00:00,2026-07-22T05:40:48.224981+00:00,296516,298683,api.league-pro.com
1239,Ladislav Havel,ladislav havel,2026-07-22T05:40:48.224981+00:00,2026-07-22T05:40:48.224981+00:00,295763,298658,api.league-pro.com
1248,David Mutl,david mutl,2026-07-22T05:40:48.224981+00:00,2026-07-22T05:40:48.224981+00:00,295764,297145,api.league-pro.com
1251,Leos Havrda,leos havrda,2026-07-22T05:40:48.224981+00:00,2026-07-22T05:40:48.224981+00:00,296523,296529,api.league-pro.com
1254,Jiri Moravek,jiri moravek,2026-07-22T05:40:48.224981+00:00,2026-07-22T05:40:48.224981+00:00,296191,297245,api.league-pro.com
1255,Vitezslav Burdik,vitezslav burdik,2026-07-22T05:40:48.224981+00:00,2026-07-22T05:40:48.224981+00:00,296107,297454,api.league-pro.com
1260,Pavel Fojt,pavel fojt,2026-07-22T05:40:48.224981+00:00,2026-07-22T05:40:48.224981+00:00,295916,298462,api.league-pro.com
1272,Jakub Stolfa,jakub stolfa,2026-07-22T05:40:48.224981+00:00,2026-07-22T05:40:48.224981+00:00,295838,298210,api.league-pro.com
1274,Jiri Foltynek,jiri foltynek,2026-07-22T05:40:48.224981+00:00,2026-07-22T05:40:48.224981+00:00,297840,298422,api.league-pro.com
1283,Radovan Polasek,radovan polasek,2026-07-22T05:40:48.224981+00:00,2026-07-22T05:40:48.224981+00:00,295827,298771,api.league-pro.com
1285,Jan Pleskot,jan pleskot,2026-07-22T05:40:48.224981+00:00,2026-07-22T05:40:48.224981+00:00,296139,298692,api.league-pro.com
1292,Vaclav Nohejl,vaclav nohejl,2026-07-22T05:40:48.224981+00:00,2026-07-22T05:40:48.224981+00:00,297012,297534,api.league-pro.com
1294,Zbynek Pagac,zbynek pagac,2026-07-22T05:40:48.224981+00:00,2026-07-22T05:40:48.224981+00:00,296088,298074,api.league-pro.com
1295,Vojtech Koubek,vojtech koubek,2026-07-22T05:40:48.224981+00:00,2026-07-22T05:40:48.224981+00:00,295748,295754,api.league-pro.com
1301,Vladislav Hampejs,vladislav hampejs,2026-07-22T05:40:48.224981+00:00,2026-07-22T05:40:48.224981+00:00,295739,297230,api.league-pro.com
1310,Vladimir Svoboda,vladimir svoboda,2026-07-22T05:40:48.224981+00:00,2026-07-22T05:40:48.224981+00:00,298269,298278,api.league-pro.com
1321,Alexander Hejduk,alexander hejduk,2026-07-22T05:40:48.224981+00:00,2026-07-22T05:40:48.224981+00:00,296743,298285,api.league-pro.com
1324,Ondrej Svacha,ondrej svacha,2026-07-22T05:40:48.224981+00:00,2026-07-22T05:40:48.224981+00:00,295755,297425,api.league-pro.com
1341,Michal Syroha,michal syroha,2026-07-22T05:40:48.224981+00:00,2026-07-22T05:40:48.224981+00:00,296532,297950,api.league-pro.com
1342,Miroslav Necas,miroslav necas,2026-07-22T05:40:48.224981+00:00,2026-07-22T05:40:48.224981+00:00,296132,298320,api.league-pro.com
1344,Petr Picek,petr picek,2026-07-22T05:40:48.224981+00:00,2026-07-22T05:40:48.224981+00:00,296072,298057,api.league-pro.com
1373,Miloslav Lubas,miloslav lubas,2026-07-22T05:40:48.224981+00:00,2026-07-22T05:40:48.224981+00:00,296879,297433,api.league-pro.com
1374,Josef Pelikan,josef pelikan,2026-07-22T05:40:48.224981+00:00,2026-07-22T05:40:48.224981+00:00,295570,298732,api.league-pro.com
1377,Mihail Trinta,mihail trinta,2026-07-22T05:40:48.224981+00:00,2026-07-22T05:40:48.224981+00:00,295807,298819,api.league-pro.com
1379,Pavel Wawrosz,pavel wawrosz,2026-07-22T05:40:48.224981+00:00,2026-07-22T05:40:48.224981+00:00,295867,298787,api.league-pro.com
1382,Jaroslav Novotny,jaroslav novotny,2026-07-22T05:40:48.224981+00:00,2026-07-22T05:40:48.224981+00:00,297012,297017,api.league-pro.com
1403,Ales Hlawatschke,ales hlawatschke,2026-07-22T05:40:48.224981+00:00,2026-07-22T05:40:48.224981+00:00,295688,295698,api.league-pro.com
1411,Simon Kadavy,simon kadavy,2026-07-22T05:40:48.224981+00:00,2026-07-22T05:40:48.224981+00:00,297788,297886,api.league-pro.com
1412,Jan Steffan,jan steffan,2026-07-22T05:40:48.224981+00:00,2026-07-22T05:40:48.224981+00:00,295860,298715,api.league-pro.com
1414,Marek Blejchar,marek blejchar,2026-07-22T05:40:48.224981+00:00,2026-07-22T05:40:48.224981+00:00,295876,298780,api.league-pro.com
1415,Jiri Zuzanek,jiri zuzanek,2026-07-22T05:40:48.224981+00:00,2026-07-22T05:40:48.224981+00:00,295979,298699,api.league-pro.com
1416,Jindrich Vrba,jindrich vrba,2026-07-22T05:40:48.224981+00:00,2026-07-22T05:40:48.224981+00:00,296320,296325,api.league-pro.com
1418,Tomas Dousa,tomas dousa,2026-07-22T05:40:48.224981+00:00,2026-07-22T05:40:48.224981+00:00,295800,298461,api.league-pro.com
1421,Richard Krejci,richard krejci,2026-07-22T05:40:48.224981+00:00,2026-07-22T05:40:48.224981+00:00,297640,298474,api.league-pro.com
1425,Petr Zmuda,petr zmuda,2026-07-22T05:40:48.224981+00:00,2026-07-22T05:40:48.224981+00:00,295836,298474,api.league-pro.com
1428,Lubos Krticka,lubos krticka,2026-07-22T05:40:48.224981+00:00,2026-07-22T05:40:48.224981+00:00,297796,297802,api.league-pro.com
1433,Martin Jaksa,martin jaksa,2026-07-22T05:40:48.224981+00:00,2026-07-22T05:40:48.224981+00:00,297983,297990,api.league-pro.com
1434,Frantisek Briza,frantisek briza,2026-07-22T05:40:48.224981+00:00,2026-07-22T05:40:48.224981+00:00,296644,298820,api.league-pro.com
1475,Jaroslav Martinek,jaroslav martinek,2026-07-22T05:40:48.224981+00:00,2026-07-22T05:40:48.224981+00:00,296515,296522,api.league-pro.com
1498,Lukas Malek,lukas malek,2026-07-22T05:40:48.224981+00:00,2026-07-22T05:40:48.224981+00:00,296763,298338,api.league-pro.com
1499,Milan Chalupnicek,milan chalupnicek,2026-07-22T05:40:48.224981+00:00,2026-07-22T05:40:48.224981+00:00,295851,298795,api.league-pro.com
1515,Ladislav Novotny,ladislav novotny,2026-07-22T05:40:48.224981+00:00,2026-07-22T05:40:48.224981+00:00,297404,297409,api.league-pro.com
1518,Lukas Krok,lukas krok,2026-07-22T05:40:48.224981+00:00,2026-07-22T05:40:48.224981+00:00,295799,298209,api.league-pro.com
1520,Tomas Regner,tomas regner,2026-07-22T05:40:48.224981+00:00,2026-07-22T05:40:48.224981+00:00,296895,298691,api.league-pro.com
1529,Jaroslav Bresky,jaroslav bresky,2026-07-22T05:40:48.224981+00:00,2026-07-22T05:40:48.224981+00:00,296168,296182,api.league-pro.com
1531,Adam Brazda,adam brazda,2026-07-22T05:40:48.224981+00:00,2026-07-22T05:40:48.224981+00:00,297020,298454,api.league-pro.com
1532,Libor Jemelka,libor jemelka,2026-07-22T05:40:48.224981+00:00,2026-07-22T05:40:48.224981+00:00,296116,298764,api.league-pro.com
1539,Jakub Tazler,jakub tazler,2026-07-22T05:40:48.224981+00:00,2026-07-22T05:40:48.224981+00:00,296363,298414,api.league-pro.com
1545,Yurii Holovatiuk,yurii holovatiuk,2026-07-22T05:40:48.224981+00:00,2026-07-22T05:40:48.224981+00:00,298719,298724,api.league-pro.com
1546,Petr Osvald,petr osvald,2026-07-22T05:40:48.224981+00:00,2026-07-22T05:40:48.224981+00:00,298040,298046,api.league-pro.com
1547,Dmitro Parhomenko,dmitro parhomenko,2026-07-22T05:40:48.224981+00:00,2026-07-22T05:40:48.224981+00:00,295837,298707,api.league-pro.com
1557,Miroslav Vaclavik,miroslav vaclavik,2026-07-22T05:40:48.224981+00:00,2026-07-22T05:40:48.224981+00:00,296291,298149,api.league-pro.com
1558,Martin Bohac,martin bohac,2026-07-22T05:40:48.224981+00:00,2026-07-22T05:40:48.224981+00:00,297552,297557,api.league-pro.com
1563,Martin Sychra,martin sychra,2026-07-22T05:40:48.224981+00:00,2026-07-22T05:40:48.224981+00:00,295972,297930,api.league-pro.com
1566,Vaclav Kosar,vaclav kosar,2026-07-22T05:40:48.224981+00:00,2026-07-22T05:40:48.224981+00:00,295808,298658,api.league-pro.com
1568,Pavel Berdych,pavel berdych,2026-07-22T05:40:48.224981+00:00,2026-07-22T05:40:48.224981+00:00,296524,298731,api.league-pro.com
1582,Viktor Vejvoda,viktor vejvoda,2026-07-22T05:40:48.224981+00:00,2026-07-22T05:40:48.224981+00:00,295755,298811,api.league-pro.com
1585,Pavel Stuchlik,pavel stuchlik,2026-07-22T05:40:48.224981+00:00,2026-07-22T05:40:48.224981+00:00,295568,295577,api.league-pro.com
1593,Miroslav Tuma,miroslav tuma,2026-07-22T05:40:48.224981+00:00,2026-07-22T05:40:48.224981+00:00,296191,296813,api.league-pro.com
1597,Jiri Grohsgott,jiri grohsgott,2026-07-22T05:40:48.224981+00:00,2026-07-22T05:40:48.224981+00:00,296880,298732,api.league-pro.com
1600,Michal Vondrak,michal vondrak,2026-07-22T05:40:48.224981+00:00,2026-07-22T05:40:48.224981+00:00,296147,298803,api.league-pro.com
1602,Pavel Petr,pavel petr,2026-07-22T05:40:48.224981+00:00,2026-07-22T05:40:48.224981+00:00,295927,295934,api.league-pro.com
1603,Oleg Vitrovyj,oleg vitrovyj,2026-07-22T05:40:48.224981+00:00,2026-07-22T05:40:48.224981+00:00,296896,297690,api.league-pro.com
1605,Miroslav Novotny,miroslav novotny,2026-07-22T05:40:48.224981+00:00,2026-07-22T05:40:48.224981+00:00,297827,298321,api.league-pro.com
1607,David Horak,david horak,2026-07-22T05:40:48.224981+00:00,2026-07-22T05:40:48.224981+00:00,296497,298202,api.league-pro.com
1608,Jiri Koch,jiri koch,2026-07-22T05:40:48.224981+00:00,2026-07-22T05:40:48.224981+00:00,295928,295933,api.league-pro.com
1609,Marek Chlebecek,marek chlebecek,2026-07-22T05:40:48.224981+00:00,2026-07-22T05:40:48.224981+00:00,295689,298125,api.league-pro.com
1611,Vaclav Nohejl,vaclav nohejl,2026-07-22T05:40:48.224981+00:00,2026-07-22T05:40:48.224981+00:00,295756,296469,api.league-pro.com
1613,Matej Nohejl,matej nohejl,2026-07-22T05:40:48.224981+00:00,2026-07-22T05:40:48.224981+00:00,295995,296001,api.league-pro.com
1627,Tomas Vinter,tomas vinter,2026-07-22T05:40:48.224981+00:00,2026-07-22T05:40:48.224981+00:00,296815,298700,api.league-pro.com
1629,Matej Volf,matej volf,2026-07-22T05:40:48.224981+00:00,2026-07-22T05:40:48.224981+00:00,295988,298667,api.league-pro.com
1630,Petr Saleny,petr saleny,2026-07-22T05:40:48.224981+00:00,2026-07-22T05:40:48.224981+00:00,295972,296378,api.league-pro.com
1634,Jakub Kycelt,jakub kycelt,2026-07-22T05:40:48.224981+00:00,2026-07-22T05:40:48.224981+00:00,295952,295958,api.league-pro.com
1635,Julius Didi,julius didi,2026-07-22T05:40:48.224981+00:00,2026-07-22T05:40:48.224981+00:00,295569,298322,api.league-pro.com
1649,Martin Sopko,martin sopko,2026-07-22T05:40:48.224981+00:00,2026-07-22T05:40:48.224981+00:00,296005,298699,api.league-pro.com
1653,Petr Bruzek,petr bruzek,2026-07-22T05:40:48.224981+00:00,2026-07-22T05:40:48.224981+00:00,295809,298498,api.league-pro.com
1662,Martin Vizek,martin vizek,2026-07-22T05:40:48.224981+00:00,2026-07-22T05:40:48.224981+00:00,297068,297885,api.league-pro.com
1664,Jakub Vales,jakub vales,2026-07-22T05:40:48.224981+00:00,2026-07-22T05:40:48.224981+00:00,296924,296938,api.league-pro.com
1665,Michal Hampl,michal hampl,2026-07-22T05:40:48.224981+00:00,2026-07-22T05:40:48.224981+00:00,295612,296209,api.league-pro.com
1668,Oleksandr Kolisnyk,oleksandr kolisnyk,2026-07-22T05:40:48.224981+00:00,2026-07-22T05:40:48.224981+00:00,295791,298610,api.league-pro.com
1671,Karel Schopf,karel schopf,2026-07-22T05:40:48.224981+00:00,2026-07-22T05:40:48.224981+00:00,298304,298812,api.league-pro.com
1672,Antonin Schneeberger,antonin schneeberger,2026-07-22T05:40:48.224981+00:00,2026-07-22T05:40:48.224981+00:00,295908,298382,api.league-pro.com
1679,Jiri Dedek,jiri dedek,2026-07-22T05:40:48.224981+00:00,2026-07-22T05:40:48.224981+00:00,295915,298170,api.league-pro.com
1681,Adam Svoboda,adam svoboda,2026-07-22T05:40:48.224981+00:00,2026-07-22T05:40:48.224981+00:00,296496,297871,api.league-pro.com
1688,Karel Kapras,karel kapras,2026-07-22T05:40:48.224981+00:00,2026-07-22T05:40:48.224981+00:00,298499,298505,api.league-pro.com
1689,Petr Franc,petr franc,2026-07-22T05:40:48.224981+00:00,2026-07-22T05:40:48.224981+00:00,295851,298731,api.league-pro.com
1690,Alexander Mikuska,alexander mikuska,2026-07-22T05:40:48.224981+00:00,2026-07-22T05:40:48.224981+00:00,295961,297294,api.league-pro.com
1691,TBA,tba,2026-07-22T05:40:48.224981+00:00,2026-07-22T05:40:48.224981+00:00,298677,298841,api.league-pro.com
1692,Petr Sebera,petr sebera,2026-07-22T05:40:48.224981+00:00,2026-07-22T05:40:48.224981+00:00,296003,297446,api.league-pro.com
1693,TBA,tba,2026-07-22T05:40:48.224981+00:00,2026-07-22T05:40:48.224981+00:00,298678,298842,api.league-pro.com
1696,Jan Cernik,jan cernik,2026-07-22T05:40:48.224981+00:00,2026-07-22T05:40:48.224981+00:00,296336,298141,api.league-pro.com
1702,Jan Szotkowski,jan szotkowski,2026-07-22T05:40:48.224981+00:00,2026-07-22T05:40:48.224981+00:00,296219,298561,api.league-pro.com
1705,Michal Cabis,michal cabis,2026-07-22T05:40:48.224981+00:00,2026-07-22T05:40:48.224981+00:00,295891,298398,api.league-pro.com
1708,Jakub Pilch,jakub pilch,2026-07-22T05:40:48.224981+00:00,2026-07-22T05:40:48.224981+00:00,296108,298553,api.league-pro.com
1709,Michal Chalupa,michal chalupa,2026-07-22T05:40:48.224981+00:00,2026-07-22T05:40:48.224981+00:00,296087,298586,api.league-pro.com
1710,Evzen Rychlik,evzen rychlik,2026-07-22T05:40:48.224981+00:00,2026-07-22T05:40:48.224981+00:00,296847,296854,api.league-pro.com
1712,Tomas Petrek,tomas petrek,2026-07-22T05:40:48.224981+00:00,2026-07-22T05:40:48.224981+00:00,297036,297769,api.league-pro.com
1714,Samuel Byrtus,samuel byrtus,2026-07-22T05:40:48.224981+00:00,2026-07-22T05:40:48.224981+00:00,296039,298748,api.league-pro.com
1716,Ondrej Kysely,ondrej kysely,2026-07-22T05:40:48.224981+00:00,2026-07-22T05:40:48.224981+00:00,295690,295697,api.league-pro.com
1719,Lukas Velicka,lukas velicka,2026-07-22T05:40:48.224981+00:00,2026-07-22T05:40:48.224981+00:00,295876,298840,api.league-pro.com
1721,Alexandr Virag,alexandr virag,2026-07-22T05:40:48.224981+00:00,2026-07-22T05:40:48.224981+00:00,298376,298381,api.league-pro.com
1723,Jan Stoch,jan stoch,2026-07-22T05:40:48.224981+00:00,2026-07-22T05:40:48.224981+00:00,297087,297657,api.league-pro.com
1724,Radim Adam,radim adam,2026-07-22T05:40:48.224981+00:00,2026-07-22T05:40:48.224981+00:00,298759,298763,api.league-pro.com
1725,Marcel Heczko,marcel heczko,2026-07-22T05:40:48.224981+00:00,2026-07-22T05:40:48.224981+00:00,297608,298840,api.league-pro.com
1728,Jakub Simecek,jakub simecek,2026-07-22T05:40:48.224981+00:00,2026-07-22T05:40:48.224981+00:00,295731,298747,api.league-pro.com
1729,Stepan Kysely,stepan kysely,2026-07-22T05:40:48.224981+00:00,2026-07-22T05:40:48.224981+00:00,295731,295746,api.league-pro.com
1730,Michal Kaspar,michal kaspar,2026-07-22T05:40:48.224981+00:00,2026-07-22T05:40:48.224981+00:00,298220,298226,api.league-pro.com
1731,Daniel Tomica,daniel tomica,2026-07-22T05:40:48.224981+00:00,2026-07-22T05:40:48.224981+00:00,296611,297818,api.league-pro.com
1732,Jan Hrabec,jan hrabec,2026-07-22T05:40:48.224981+00:00,2026-07-22T05:40:48.224981+00:00,295819,298546,api.league-pro.com
1733,Zdenek Luksa,zdenek luksa,2026-07-22T05:40:48.224981+00:00,2026-07-22T05:40:48.224981+00:00,298075,298082,api.league-pro.com
1734,Daniel Priesol,daniel priesol,2026-07-22T05:40:48.224981+00:00,2026-07-22T05:40:48.224981+00:00,296423,298177,api.league-pro.com
1736,Roman Guliak,roman guliak,2026-07-22T05:40:48.224981+00:00,2026-07-22T05:40:48.224981+00:00,295900,298645,api.league-pro.com
1738,Ivan Kolenciak,ivan kolenciak,2026-07-22T05:40:48.224981+00:00,2026-07-22T05:40:48.224981+00:00,296275,297845,api.league-pro.com
1739,Matyas Kolek,matyas kolek,2026-07-22T05:40:48.224981+00:00,2026-07-22T05:40:48.224981+00:00,296507,298225,api.league-pro.com
1741,Matej Levicky,matej levicky,2026-07-22T05:40:48.224981+00:00,2026-07-22T05:40:48.224981+00:00,296351,296922,api.league-pro.com
1742,Daniel Tyn,daniel tyn,2026-07-22T05:40:48.224981+00:00,2026-07-22T05:40:48.224981+00:00,296508,298382,api.league-pro.com
1743,Adrian Walek,adrian walek,2026-07-22T05:40:48.224981+00:00,2026-07-22T05:40:48.224981+00:00,296040,298748,api.league-pro.com
1744,Michal Derco,michal derco,2026-07-22T05:40:48.224981+00:00,2026-07-22T05:40:48.224981+00:00,296276,298422,api.league-pro.com
1746,Michal Blaha,michal blaha,2026-07-22T05:40:48.224981+00:00,2026-07-22T05:40:48.224981+00:00,296508,296513,api.league-pro.com
1748,Tomas Milota,tomas milota,2026-07-22T05:40:48.224981+00:00,2026-07-22T05:40:48.224981+00:00,297095,298570,api.league-pro.com
1749,Lubos Forman,lubos forman,2026-07-22T05:40:48.224981+00:00,2026-07-22T05:40:48.224981+00:00,296319,298675,api.league-pro.com
1750,Adam Kudelka,adam kudelka,2026-07-22T05:40:48.224981+00:00,2026-07-22T05:40:48.224981+00:00,295775,295782,api.league-pro.com
1752,Vojtech Svechota,vojtech svechota,2026-07-22T05:40:48.224981+00:00,2026-07-22T05:40:48.224981+00:00,295612,298618,api.league-pro.com
1757,David Heczko,david heczko,2026-07-22T05:40:48.224981+00:00,2026-07-22T05:40:48.224981+00:00,296855,298740,api.league-pro.com
1760,David Mikula,david mikula,2026-07-22T05:40:48.224981+00:00,2026-07-22T05:40:48.224981+00:00,295899,297394,api.league-pro.com
1763,Jaroslav Peter,jaroslav peter,2026-07-22T05:40:48.224981+00:00,2026-07-22T05:40:48.224981+00:00,296312,296317,api.league-pro.com
1764,Daniel Tobola,daniel tobola,2026-07-22T05:40:48.224981+00:00,2026-07-22T05:40:48.224981+00:00,295907,295914,api.league-pro.com
1765,Milan Jasek,milan jasek,2026-07-22T05:40:48.224981+00:00,2026-07-22T05:40:48.224981+00:00,295900,298645,api.league-pro.com
1767,Lukas Martinec,lukas martinec,2026-07-22T05:40:48.224981+00:00,2026-07-22T05:40:48.224981+00:00,298415,298421,api.league-pro.com
1769,Pavel Varecha,pavel varecha,2026-07-22T05:40:48.224981+00:00,2026-07-22T05:40:48.224981+00:00,295907,298646,api.league-pro.com
1771,Vaclav Zidek,vaclav zidek,2026-07-22T05:40:48.224981+00:00,2026-07-22T05:40:48.224981+00:00,297060,297065,api.league-pro.com
1778,Josef Cabak,josef cabak,2026-07-22T05:40:48.224981+00:00,2026-07-22T05:40:48.224981+00:00,296488,297614,api.league-pro.com
1780,Vojtech Kocian,vojtech kocian,2026-07-22T05:40:48.224981+00:00,2026-07-22T05:40:48.224981+00:00,297855,297862,api.league-pro.com
1781,Jiri Holubec,jiri holubec,2026-07-22T05:40:48.224981+00:00,2026-07-22T05:40:48.224981+00:00,297036,297042,api.league-pro.com
1782,Tomas Kraninger,tomas kraninger,2026-07-22T05:40:48.224981+00:00,2026-07-22T05:40:48.224981+00:00,298039,298046,api.league-pro.com
1784,Tomas Dousek,tomas dousek,2026-07-22T05:40:48.224981+00:00,2026-07-22T05:40:48.224981+00:00,295892,298554,api.league-pro.com
1788,Vitezslav Bosak,vitezslav bosak,2026-07-22T05:40:48.224981+00:00,2026-07-22T05:40:48.224981+00:00,296432,298545,api.league-pro.com
1789,Michal Vesely,michal vesely,2026-07-22T05:40:48.224981+00:00,2026-07-22T05:40:48.224981+00:00,296908,296913,api.league-pro.com
1796,Libor Prikasky,libor prikasky,2026-07-22T05:40:48.224981+00:00,2026-07-22T05:40:48.224981+00:00,296031,298430,api.league-pro.com
1800,Michal Koral,michal koral,2026-07-22T05:40:48.224981+00:00,2026-07-22T05:40:48.224981+00:00,295819,298779,api.league-pro.com
1803,Matej Grundel,matej grundel,2026-07-22T05:40:48.224981+00:00,2026-07-22T05:40:48.224981+00:00,296032,298429,api.league-pro.com
1804,Martin Skotnica,martin skotnica,2026-07-22T05:40:48.224981+00:00,2026-07-22T05:40:48.224981+00:00,296031,298755,api.league-pro.com
1805,Ivo Taichman,ivo taichman,2026-07-22T05:40:48.224981+00:00,2026-07-22T05:40:48.224981+00:00,295883,298780,api.league-pro.com
1806,Petr Danko,petr danko,2026-07-22T05:40:48.224981+00:00,2026-07-22T05:40:48.224981+00:00,297608,297605,api.league-pro.com
1810,Filip Zurek,filip zurek,2026-07-22T05:40:48.224981+00:00,2026-07-22T05:40:48.224981+00:00,296116,298764,api.league-pro.com
1811,David Barton,david barton,2026-07-22T05:40:48.224981+00:00,2026-07-22T05:40:48.224981+00:00,296131,298707,api.league-pro.com
1812,Tomas Milkov,tomas milkov,2026-07-22T05:40:48.224981+00:00,2026-07-22T05:40:48.224981+00:00,295820,297665,api.league-pro.com
1813,Pavel Drazan,pavel drazan,2026-07-22T05:40:48.224981+00:00,2026-07-22T05:40:48.224981+00:00,295852,296301,api.league-pro.com
1814,Miroslav Stolba,miroslav stolba,2026-07-22T05:40:48.224981+00:00,2026-07-22T05:40:48.224981+00:00,296275,298082,api.league-pro.com
1817,Vojtech Cerny,vojtech cerny,2026-07-22T05:40:48.224981+00:00,2026-07-22T05:40:48.224981+00:00,296440,298545,api.league-pro.com
1822,Radim Kvasnicka,radim kvasnicka,2026-07-22T05:40:48.224981+00:00,2026-07-22T05:40:48.224981+00:00,296448,297998,api.league-pro.com
1824,Martin Ulrych,martin ulrych,2026-07-22T05:40:48.224981+00:00,2026-07-22T05:40:48.224981+00:00,295808,296641,api.league-pro.com
1825,Pavel Potmesil,pavel potmesil,2026-07-22T05:40:48.224981+00:00,2026-07-22T05:40:48.224981+00:00,295928,295934,api.league-pro.com
1827,Lukas Kern,lukas kern,2026-07-22T05:40:48.224981+00:00,2026-07-22T05:40:48.224981+00:00,297271,297462,api.league-pro.com
1829,Daniel Unzeitig,daniel unzeitig,2026-07-22T05:40:48.224981+00:00,2026-07-22T05:40:48.224981+00:00,296087,298594,api.league-pro.com
1832,Roman Urban,roman urban,2026-07-22T05:40:48.224981+00:00,2026-07-22T05:40:48.224981+00:00,297077,298057,api.league-pro.com
1833,Libor Stacho,libor stacho,2026-07-22T05:40:48.224981+00:00,2026-07-22T05:40:48.224981+00:00,297536,297550,api.league-pro.com
1836,Filip Jungman,filip jungman,2026-07-22T05:40:48.224981+00:00,2026-07-22T05:40:48.224981+00:00,298203,298723,api.league-pro.com
1838,Martin Polivka,martin polivka,2026-07-22T05:40:48.224981+00:00,2026-07-22T05:40:48.224981+00:00,296268,297705,api.league-pro.com
1839,Jan Simecek,jan simecek,2026-07-22T05:40:48.224981+00:00,2026-07-22T05:40:48.224981+00:00,296252,298301,api.league-pro.com
1841,Vlastimil Kolar,vlastimil kolar,2026-07-22T05:40:48.224981+00:00,2026-07-22T05:40:48.224981+00:00,296772,298617,api.league-pro.com
1843,Vladimir Adamczyk,vladimir adamczyk,2026-07-22T05:40:48.224981+00:00,2026-07-22T05:40:48.224981+00:00,296039,297605,api.league-pro.com
1844,Miroslav Kowolowski,miroslav kowolowski,2026-07-22T05:40:48.224981+00:00,2026-07-22T05:40:48.224981+00:00,295899,298646,api.league-pro.com
1845,Petr Banot,petr banot,2026-07-22T05:40:48.224981+00:00,2026-07-22T05:40:48.224981+00:00,297280,297862,api.league-pro.com
1847,Martin Skakal,martin skakal,2026-07-22T05:40:48.224981+00:00,2026-07-22T05:40:48.224981+00:00,297968,297910,api.league-pro.com
1848,Evald Gebek,evald gebek,2026-07-22T05:40:48.224981+00:00,2026-07-22T05:40:48.224981+00:00,297479,298265,api.league-pro.com
1850,Filip Wolf,filip wolf,2026-07-22T05:40:48.224981+00:00,2026-07-22T05:40:48.224981+00:00,295747,297713,api.league-pro.com
1852,Zbynek Drabek,zbynek drabek,2026-07-22T05:40:48.224981+00:00,2026-07-22T05:40:48.224981+00:00,298016,298021,api.league-pro.com
1853,Radek Adamczyk,radek adamczyk,2026-07-22T05:40:48.224981+00:00,2026-07-22T05:40:48.224981+00:00,297279,298081,api.league-pro.com
1854,Marek Bereiter,marek bereiter,2026-07-22T05:40:48.224981+00:00,2026-07-22T05:40:48.224981+00:00,298440,298593,api.league-pro.com
1858,Patrik Hanel,patrik hanel,2026-07-22T05:40:48.224981+00:00,2026-07-22T05:40:48.224981+00:00,296115,297853,api.league-pro.com
1859,Jan Framberk,jan framberk,2026-07-22T05:40:48.224981+00:00,2026-07-22T05:40:48.224981+00:00,297232,298819,api.league-pro.com
1860,Dmytro Opanasiuk,dmytro opanasiuk,2026-07-22T05:40:48.224981+00:00,2026-07-22T05:40:48.224981+00:00,295867,298537,api.league-pro.com
1862,Martin Novak,martin novak,2026-07-22T05:40:48.224981+00:00,2026-07-22T05:40:48.224981+00:00,296132,298054,api.league-pro.com
1864,Daniel Langer,daniel langer,2026-07-22T05:40:48.224981+00:00,2026-07-22T05:40:48.224981+00:00,295820,298779,api.league-pro.com
1866,Alfred Rinka,alfred rinka,2026-07-22T05:40:48.224981+00:00,2026-07-22T05:40:48.224981+00:00,297051,297058,api.league-pro.com
1869,Richard Wagner,richard wagner,2026-07-22T05:40:48.224981+00:00,2026-07-22T05:40:48.224981+00:00,296148,298812,api.league-pro.com
1870,Vaclav Rybar,vaclav rybar,2026-07-22T05:40:48.224981+00:00,2026-07-22T05:40:48.224981+00:00,297279,297861,api.league-pro.com
1871,Jan Kucharcik,jan kucharcik,2026-07-22T05:40:48.224981+00:00,2026-07-22T05:40:48.224981+00:00,298015,298022,api.league-pro.com
1872,Jan Trefny,jan trefny,2026-07-22T05:40:48.224981+00:00,2026-07-22T05:40:48.224981+00:00,295688,298473,api.league-pro.com
1873,Mark Wagner,mark wagner,2026-07-22T05:40:48.224981+00:00,2026-07-22T05:40:48.224981+00:00,296940,298700,api.league-pro.com
1874,Milan Langer,milan langer,2026-07-22T05:40:48.224981+00:00,2026-07-22T05:40:48.224981+00:00,298068,298074,api.league-pro.com
