tournament_id,tournament_name,league_band,first_seen_at_utc,last_seen_at_utc,first_scheduled_start_utc,latest_scheduled_start_utc,source
35025,Tournament A12. League 450-500,450-500,2026-07-22T05:40:48.224981+00:00,2026-07-22T05:40:48.224981+00:00,2026-07-06T22:30:07.082000+00:00,2026-07-07T03:30:06.435000+00:00,api.league-pro.com
35030,Tournament A14. League 900-1000,900-1000,2026-07-22T05:40:48.224981+00:00,2026-07-22T05:40:48.224981+00:00,2026-07-06T22:30:03.213000+00:00,2026-07-07T03:30:11.856000+00:00,api.league-pro.com
35039,Tournament A17. League 700-800,700-800,2026-07-22T05:40:48.224981+00:00,2026-07-22T05:40:48.224981+00:00,2026-07-06T22:30:13.098000+00:00,2026-07-07T03:30:23.543000+00:00,api.league-pro.com
35044,Tournament A12. League 700-800,700-800,2026-07-22T05:40:48.224981+00:00,2026-07-22T05:40:48.224981+00:00,2026-07-07T06:00:01.152000+00:00,2026-07-07T09:30:04.247000+00:00,api.league-pro.com
35045,Tournament A12. League 700-800,700-800,2026-07-22T05:40:48.224981+00:00,2026-07-22T05:40:48.224981+00:00,2026-07-07T10:00:14.742000+00:00,2026-07-07T13:30:02.831000+00:00,api.league-pro.com
35046,Tournament A12. League 1000-1100,1000-1100,2026-07-22T05:40:48.224981+00:00,2026-07-22T05:40:48.224981+00:00,2026-07-07T14:00:08.179000+00:00,2026-07-07T17:30:08.898000+00:00,api.league-pro.com
35047,Tournament A12. League 900-1000,900-1000,2026-07-22T05:40:48.224981+00:00,2026-07-22T05:40:48.224981+00:00,2026-07-07T18:00:06.946000+00:00,2026-07-07T21:30:05.643000+00:00,api.league-pro.com
35048,Tournament A12. League 400-450,400-450,2026-07-22T05:40:48.224981+00:00,2026-07-22T05:40:48.224981+00:00,2026-07-07T21:59:54.772000+00:00,2026-07-08T03:30:20.722000+00:00,api.league-pro.com
35049,Tournament A14. League 550-600,550-600,2026-07-22T05:40:48.224981+00:00,2026-07-22T05:40:48.224981+00:00,2026-07-07T06:00:19.297000+00:00,2026-07-07T09:30:18.804000+00:00,api.league-pro.com
35050,Tournament A14. League 900-1000,900-1000,2026-07-22T05:40:48.224981+00:00,2026-07-22T05:40:48.224981+00:00,2026-07-07T10:00:18.279000+00:00,2026-07-07T13:30:03.876000+00:00,api.league-pro.com
35051,Tournament A14. League 900-1000,900-1000,2026-07-22T05:40:48.224981+00:00,2026-07-22T05:40:48.224981+00:00,2026-07-07T14:00:08.493000+00:00,2026-07-07T17:30:17.504000+00:00,api.league-pro.com
35052,Tournament A14. League 600-700,600-700,2026-07-22T05:40:48.224981+00:00,2026-07-22T05:40:48.224981+00:00,2026-07-07T18:00:08.061000+00:00,2026-07-07T21:30:20.530000+00:00,api.league-pro.com
35053,Tournament A14. League 500-550,500-550,2026-07-22T05:40:48.224981+00:00,2026-07-22T05:40:48.224981+00:00,2026-07-07T22:00:14.471000+00:00,2026-07-08T03:30:08.603000+00:00,api.league-pro.com
35054,Tournament A16. League 550-600,550-600,2026-07-22T05:40:48.224981+00:00,2026-07-22T05:40:48.224981+00:00,2026-07-07T06:00:56.353000+00:00,2026-07-07T09:30:41.303000+00:00,api.league-pro.com
35055,Tournament A16. League 550-600,550-600,2026-07-22T05:40:48.224981+00:00,2026-07-22T05:40:48.224981+00:00,2026-07-07T10:00:15.246000+00:00,2026-07-07T13:30:13.095000+00:00,api.league-pro.com
35056,Tournament A17. League 600-700,600-700,2026-07-22T05:40:48.224981+00:00,2026-07-22T05:40:48.224981+00:00,2026-07-07T06:30:09.974000+00:00,2026-07-07T09:30:08.883000+00:00,api.league-pro.com
35057,Tournament A17. League 600-700,600-700,2026-07-22T05:40:48.224981+00:00,2026-07-22T05:40:48.224981+00:00,2026-07-07T10:00:22.931000+00:00,2026-07-07T13:30:07.665000+00:00,api.league-pro.com
35058,Tournament A17. League 450-500,450-500,2026-07-22T05:40:48.224981+00:00,2026-07-22T05:40:48.224981+00:00,2026-07-07T14:00:09.314000+00:00,2026-07-07T17:30:13.570000+00:00,api.league-pro.com
35059,Tournament A17. League 550-600,550-600,2026-07-22T05:40:48.224981+00:00,2026-07-22T05:40:48.224981+00:00,2026-07-07T18:00:17.891000+00:00,2026-07-07T21:30:10.324000+00:00,api.league-pro.com
35060,Tournament A16. League 1000-1100,1000-1100,2026-07-22T05:40:48.224981+00:00,2026-07-22T05:40:48.224981+00:00,2026-07-07T14:00:05.979000+00:00,2026-07-07T17:30:15.188000+00:00,api.league-pro.com
35061,Tournament A16. League 600-700,600-700,2026-07-22T05:40:48.224981+00:00,2026-07-22T05:40:48.224981+00:00,2026-07-07T18:00:07.071000+00:00,2026-07-07T21:30:08.458000+00:00,api.league-pro.com
35062,Tournament A18. League 550-600,550-600,2026-07-22T05:40:48.224981+00:00,2026-07-22T05:40:48.224981+00:00,2026-07-07T10:00:10.937000+00:00,2026-07-07T13:30:21.118000+00:00,api.league-pro.com
35063,Tournament A18. League 1000-1100,1000-1100,2026-07-22T05:40:48.224981+00:00,2026-07-22T05:40:48.224981+00:00,2026-07-07T14:00:10.021000+00:00,2026-07-07T17:30:07.339000+00:00,api.league-pro.com
35064,Tournament A18. League 500-550,500-550,2026-07-22T05:40:48.224981+00:00,2026-07-22T05:40:48.224981+00:00,2026-07-07T18:00:07.818000+00:00,2026-07-07T21:30:08.932000+00:00,api.league-pro.com
35065,Tournament A18. League 500-550,500-550,2026-07-22T05:40:48.224981+00:00,2026-07-22T05:40:48.224981+00:00,2026-07-07T06:00:13.052000+00:00,2026-07-07T09:33:13.895000+00:00,api.league-pro.com
35066,Tournament A17. League 600-700,600-700,2026-07-22T05:40:48.224981+00:00,2026-07-22T05:40:48.224981+00:00,2026-07-07T22:00:33.893000+00:00,2026-07-08T03:30:12.630000+00:00,api.league-pro.com
35067,Tournament A12. League 250-300,250-300,2026-07-22T05:40:48.224981+00:00,2026-07-22T05:40:48.224981+00:00,2026-07-08T06:00:08.018000+00:00,2026-07-08T09:30:07.908000+00:00,api.league-pro.com
35068,Tournament A12. League 900-1000,900-1000,2026-07-22T05:40:48.224981+00:00,2026-07-22T05:40:48.224981+00:00,2026-07-08T10:00:07.986000+00:00,2026-07-08T13:30:07.784000+00:00,api.league-pro.com
35069,Tournament A12. League 900-1000,900-1000,2026-07-22T05:40:48.224981+00:00,2026-07-22T05:40:48.224981+00:00,2026-07-08T14:00:15.752000+00:00,2026-07-08T17:30:21.678000+00:00,api.league-pro.com
35070,Tournament A12. League 900-1000,900-1000,2026-07-22T05:40:48.224981+00:00,2026-07-22T05:40:48.224981+00:00,2026-07-08T18:00:08.103000+00:00,2026-07-08T21:30:09.005000+00:00,api.league-pro.com
35071,Tournament A12. League 600-700,600-700,2026-07-22T05:40:48.224981+00:00,2026-07-22T05:40:48.224981+00:00,2026-07-08T22:00:10.940000+00:00,2026-07-09T03:30:02.615000+00:00,api.league-pro.com
35072,Tournament A14. League 800-900,800-900,2026-07-22T05:40:48.224981+00:00,2026-07-22T05:40:48.224981+00:00,2026-07-08T06:00:26.216000+00:00,2026-07-08T09:30:02.673000+00:00,api.league-pro.com
35073,Tournament A14. League 800-900,800-900,2026-07-22T05:40:48.224981+00:00,2026-07-22T05:40:48.224981+00:00,2026-07-08T10:03:05.913000+00:00,2026-07-08T13:30:11.764000+00:00,api.league-pro.com
35074,Tournament A14. League 700-800,700-800,2026-07-22T05:40:48.224981+00:00,2026-07-22T05:40:48.224981+00:00,2026-07-08T14:00:17.263000+00:00,2026-07-08T17:30:49.552000+00:00,api.league-pro.com
35075,Tournament A14. League 700-800,700-800,2026-07-22T05:40:48.224981+00:00,2026-07-22T05:40:48.224981+00:00,2026-07-08T18:00:15.373000+00:00,2026-07-08T21:30:18.126000+00:00,api.league-pro.com
35076,Tournament A14. League 800-900,800-900,2026-07-22T05:40:48.224981+00:00,2026-07-22T05:40:48.224981+00:00,2026-07-08T22:00:51.131000+00:00,2026-07-09T03:30:10.439000+00:00,api.league-pro.com
35077,Tournament A16. League 1000-1100,1000-1100,2026-07-22T05:40:48.224981+00:00,2026-07-22T05:40:48.224981+00:00,2026-07-08T06:00:29.832000+00:00,2026-07-08T09:30:12.024000+00:00,api.league-pro.com
35078,Tournament A16. League 1000-1100,1000-1100,2026-07-22T05:40:48.224981+00:00,2026-07-22T05:40:48.224981+00:00,2026-07-08T10:00:26.717000+00:00,2026-07-08T13:30:41.693000+00:00,api.league-pro.com
35079,Tournament A16. League 900-1000,900-1000,2026-07-22T05:40:48.224981+00:00,2026-07-22T05:40:48.224981+00:00,2026-07-08T14:00:06.458000+00:00,2026-07-08T17:30:07.156000+00:00,api.league-pro.com
35080,Tournament A16. League 700-800,700-800,2026-07-22T05:40:48.224981+00:00,2026-07-22T05:40:48.224981+00:00,2026-07-08T18:00:06.879000+00:00,2026-07-08T21:35:09.725000+00:00,api.league-pro.com
35081,Tournament A17. League 450-500,450-500,2026-07-22T05:40:48.224981+00:00,2026-07-22T05:40:48.224981+00:00,2026-07-08T06:00:14.603000+00:00,2026-07-08T09:30:08.954000+00:00,api.league-pro.com
35082,Tournament A17. League 550-600,550-600,2026-07-22T05:40:48.224981+00:00,2026-07-22T05:40:48.224981+00:00,2026-07-08T10:00:10.228000+00:00,2026-07-08T13:30:08.441000+00:00,api.league-pro.com
35083,Tournament A17. League 900-1000,900-1000,2026-07-22T05:40:48.224981+00:00,2026-07-22T05:40:48.224981+00:00,2026-07-08T14:00:09.575000+00:00,2026-07-08T17:30:07.332000+00:00,api.league-pro.com
35084,Tournament A17. League 600-700,600-700,2026-07-22T05:40:48.224981+00:00,2026-07-22T05:40:48.224981+00:00,2026-07-08T18:00:13.077000+00:00,2026-07-08T21:30:07.442000+00:00,api.league-pro.com
35085,Tournament A18. League 800-900,800-900,2026-07-22T05:40:48.224981+00:00,2026-07-22T05:40:48.224981+00:00,2026-07-08T10:00:17.141000+00:00,2026-07-08T13:30:06.962000+00:00,api.league-pro.com
35086,Tournament A18. League 800-900,800-900,2026-07-22T05:40:48.224981+00:00,2026-07-22T05:40:48.224981+00:00,2026-07-08T06:00:09.005000+00:00,2026-07-08T09:31:13.168000+00:00,api.league-pro.com
35087,Tournament A17. League 600-700,600-700,2026-07-22T05:40:48.224981+00:00,2026-07-22T05:40:48.224981+00:00,2026-07-08T22:00:44.340000+00:00,2026-07-09T03:29:58.246000+00:00,api.league-pro.com
35088,Tournament A18. League 900-1000,900-1000,2026-07-22T05:40:48.224981+00:00,2026-07-22T05:40:48.224981+00:00,2026-07-08T14:00:09.986000+00:00,2026-07-08T17:30:12.920000+00:00,api.league-pro.com
35089,Tournament A18. League 550-600,550-600,2026-07-22T05:40:48.224981+00:00,2026-07-22T05:40:48.224981+00:00,2026-07-08T18:00:09.761000+00:00,2026-07-08T21:30:10.463000+00:00,api.league-pro.com
35090,Tournament A12. League 500-550,500-550,2026-07-22T05:40:48.224981+00:00,2026-07-22T05:40:48.224981+00:00,2026-07-09T06:00:01.960000+00:00,2026-07-09T09:30:05.450000+00:00,api.league-pro.com
35091,Tournament A12. League 550-600,550-600,2026-07-22T05:40:48.224981+00:00,2026-07-22T05:40:48.224981+00:00,2026-07-09T10:00:13.505000+00:00,2026-07-09T13:30:16.400000+00:00,api.league-pro.com
35092,Tournament A12. League 550-600,550-600,2026-07-22T05:40:48.224981+00:00,2026-07-22T05:40:48.224981+00:00,2026-07-09T14:00:06.302000+00:00,2026-07-09T17:30:07.272000+00:00,api.league-pro.com
35093,Tournament A12. League 800-900,800-900,2026-07-22T05:40:48.224981+00:00,2026-07-22T05:40:48.224981+00:00,2026-07-09T18:00:06.636000+00:00,2026-07-09T21:30:06.684000+00:00,api.league-pro.com
35094,Tournament A12. League 800-900,800-900,2026-07-22T05:40:48.224981+00:00,2026-07-22T05:40:48.224981+00:00,2026-07-09T22:00:17.851000+00:00,2026-07-10T03:30:17.027000+00:00,api.league-pro.com
35095,Tournament A14. League 600-700,600-700,2026-07-22T05:40:48.224981+00:00,2026-07-22T05:40:48.224981+00:00,2026-07-09T06:00:16.687000+00:00,2026-07-09T09:30:28.549000+00:00,api.league-pro.com
35096,Tournament A14. League 600-700,600-700,2026-07-22T05:40:48.224981+00:00,2026-07-22T05:40:48.224981+00:00,2026-07-09T10:00:18.676000+00:00,2026-07-09T13:31:28.932000+00:00,api.league-pro.com
35097,Tournament A14. League 800-900,800-900,2026-07-22T05:40:48.224981+00:00,2026-07-22T05:40:48.224981+00:00,2026-07-09T14:00:12.108000+00:00,2026-07-09T17:30:09.915000+00:00,api.league-pro.com
35098,Tournament A14. League 500-550,500-550,2026-07-22T05:40:48.224981+00:00,2026-07-22T05:40:48.224981+00:00,2026-07-09T18:00:50.590000+00:00,2026-07-09T21:30:25.011000+00:00,api.league-pro.com
35099,Tournament A14. League 900-1000,900-1000,2026-07-22T05:40:48.224981+00:00,2026-07-22T05:40:48.224981+00:00,2026-07-09T22:00:20.709000+00:00,2026-07-10T03:30:00.667000+00:00,api.league-pro.com
35100,Tournament A16. League 500-550,500-550,2026-07-22T05:40:48.224981+00:00,2026-07-22T05:40:48.224981+00:00,2026-07-09T06:00:10.655000+00:00,2026-07-09T09:30:08.919000+00:00,api.league-pro.com
35101,Tournament A16. League 1000-1100,1000-1100,2026-07-22T05:40:48.224981+00:00,2026-07-22T05:40:48.224981+00:00,2026-07-09T10:00:05.676000+00:00,2026-07-09T13:30:08.258000+00:00,api.league-pro.com
35102,Tournament A16. League 1000-1100,1000-1100,2026-07-22T05:40:48.224981+00:00,2026-07-22T05:40:48.224981+00:00,2026-07-09T14:00:17.005000+00:00,2026-07-09T17:30:09.491000+00:00,api.league-pro.com
35103,Tournament A17. League 900-1000,900-1000,2026-07-22T05:40:48.224981+00:00,2026-07-22T05:40:48.224981+00:00,2026-07-09T06:00:07.891000+00:00,2026-07-09T09:30:10.810000+00:00,api.league-pro.com
35104,Tournament A17. League 900-1000,900-1000,2026-07-22T05:40:48.224981+00:00,2026-07-22T05:40:48.224981+00:00,2026-07-09T10:00:07.653000+00:00,2026-07-09T13:30:11.172000+00:00,api.league-pro.com
35105,Tournament A17. League 900-1000,900-1000,2026-07-22T05:40:48.224981+00:00,2026-07-22T05:40:48.224981+00:00,2026-07-09T14:00:15.289000+00:00,2026-07-09T17:30:15.638000+00:00,api.league-pro.com
35106,Tournament A16. League 1000-1100,1000-1100,2026-07-22T05:40:48.224981+00:00,2026-07-22T05:40:48.224981+00:00,2026-07-09T18:00:10.011000+00:00,2026-07-09T21:30:09.735000+00:00,api.league-pro.com
35107,Tournament A18. League 800-900,800-900,2026-07-22T05:40:48.224981+00:00,2026-07-22T05:40:48.224981+00:00,2026-07-09T10:00:12.044000+00:00,2026-07-09T13:30:10.566000+00:00,api.league-pro.com
35108,Tournament A18. League 350-400,350-400,2026-07-22T05:40:48.224981+00:00,2026-07-22T05:40:48.224981+00:00,2026-07-09T06:00:16.757000+00:00,2026-07-09T09:30:09.181000+00:00,api.league-pro.com
35109,Tournament A17. League 900-1000,900-1000,2026-07-22T05:40:48.224981+00:00,2026-07-22T05:40:48.224981+00:00,2026-07-09T18:00:14.906000+00:00,2026-07-09T21:30:09.428000+00:00,api.league-pro.com
35110,Tournament A17. League 400-450,400-450,2026-07-22T05:40:48.224981+00:00,2026-07-22T05:40:48.224981+00:00,2026-07-09T22:00:27.235000+00:00,2026-07-10T03:30:26.449000+00:00,api.league-pro.com
35111,Tournament A18. League 800-900,800-900,2026-07-22T05:40:48.224981+00:00,2026-07-22T05:40:48.224981+00:00,2026-07-09T14:00:12.262000+00:00,2026-07-09T17:30:12.608000+00:00,api.league-pro.com
35112,Tournament A18. League 550-600,550-600,2026-07-22T05:40:48.224981+00:00,2026-07-22T05:40:48.224981+00:00,2026-07-09T18:00:12.571000+00:00,2026-07-09T21:30:11.112000+00:00,api.league-pro.com
35113,Tournament A12. League 350-400,350-400,2026-07-22T05:40:48.224981+00:00,2026-07-22T05:40:48.224981+00:00,2026-07-10T06:00:03.556000+00:00,2026-07-10T09:30:06.639000+00:00,api.league-pro.com
35114,Tournament A12. League 900-1000,900-1000,2026-07-22T05:40:48.224981+00:00,2026-07-22T05:40:48.224981+00:00,2026-07-10T10:00:01.215000+00:00,2026-07-10T13:30:01.261000+00:00,api.league-pro.com
35115,Tournament A12. League 1000-1100,1000-1100,2026-07-22T05:40:48.224981+00:00,2026-07-22T05:40:48.224981+00:00,2026-07-10T14:00:07.159000+00:00,2026-07-10T17:30:07.142000+00:00,api.league-pro.com
35116,Tournament A12. League 900-1000,900-1000,2026-07-22T05:40:48.224981+00:00,2026-07-22T05:40:48.224981+00:00,2026-07-10T18:00:06.895000+00:00,2026-07-10T21:30:08.707000+00:00,api.league-pro.com
35117,Tournament A12. League 450-500,450-500,2026-07-22T05:40:48.224981+00:00,2026-07-22T05:40:48.224981+00:00,2026-07-10T22:00:04.014000+00:00,2026-07-11T03:30:01.017000+00:00,api.league-pro.com
35118,Tournament A14. League 800-900,800-900,2026-07-22T05:40:48.224981+00:00,2026-07-22T05:40:48.224981+00:00,2026-07-10T06:00:09.880000+00:00,2026-07-10T09:30:11.261000+00:00,api.league-pro.com
35119,Tournament A14. League 800-900,800-900,2026-07-22T05:40:48.224981+00:00,2026-07-22T05:40:48.224981+00:00,2026-07-10T10:00:19.512000+00:00,2026-07-10T13:30:16.812000+00:00,api.league-pro.com
35120,Tournament A14. League 600-700,600-700,2026-07-22T05:40:48.224981+00:00,2026-07-22T05:40:48.224981+00:00,2026-07-10T14:00:18.684000+00:00,2026-07-10T17:30:17.439000+00:00,api.league-pro.com
35121,Tournament A14. League 1000-1100,1000-1100,2026-07-22T05:40:48.224981+00:00,2026-07-22T05:40:48.224981+00:00,2026-07-10T18:00:45.799000+00:00,2026-07-10T21:30:05.952000+00:00,api.league-pro.com
35122,Tournament A14. League 800-900,800-900,2026-07-22T05:40:48.224981+00:00,2026-07-22T05:40:48.224981+00:00,2026-07-10T22:00:09.145000+00:00,2026-07-11T03:29:53.221000+00:00,api.league-pro.com
35123,Tournament A17. League 600-700,600-700,2026-07-22T05:40:48.224981+00:00,2026-07-22T05:40:48.224981+00:00,2026-07-10T06:00:41.456000+00:00,2026-07-10T09:30:12.114000+00:00,api.league-pro.com
35124,Tournament A17. League 600-700,600-700,2026-07-22T05:40:48.224981+00:00,2026-07-22T05:40:48.224981+00:00,2026-07-10T10:02:35.367000+00:00,2026-07-10T13:30:21.216000+00:00,api.league-pro.com
35125,Tournament A16. League 500-550,500-550,2026-07-22T05:40:48.224981+00:00,2026-07-22T05:40:48.224981+00:00,2026-07-10T06:00:18.044000+00:00,2026-07-10T09:30:12.637000+00:00,api.league-pro.com
35126,Tournament A16. League 600-700,600-700,2026-07-22T05:40:48.224981+00:00,2026-07-22T05:40:48.224981+00:00,2026-07-10T10:00:09.812000+00:00,2026-07-10T13:30:09.328000+00:00,api.league-pro.com
35127,Tournament A16. League 600-700,600-700,2026-07-22T05:40:48.224981+00:00,2026-07-22T05:40:48.224981+00:00,2026-07-10T14:00:09.220000+00:00,2026-07-10T17:30:07.431000+00:00,api.league-pro.com
35128,Tournament A16. League 500-550,500-550,2026-07-22T05:40:48.224981+00:00,2026-07-22T05:40:48.224981+00:00,2026-07-10T18:00:09.356000+00:00,2026-07-10T21:30:06.511000+00:00,api.league-pro.com
35129,Tournament A17. League 500-550,500-550,2026-07-22T05:40:48.224981+00:00,2026-07-22T05:40:48.224981+00:00,2026-07-10T14:00:07.032000+00:00,2026-07-10T17:30:09.826000+00:00,api.league-pro.com
35130,Tournament A17. League 900-1000,900-1000,2026-07-22T05:40:48.224981+00:00,2026-07-22T05:40:48.224981+00:00,2026-07-10T18:00:13.214000+00:00,2026-07-10T21:30:19.226000+00:00,api.league-pro.com
35131,Tournament A18. League 800-900,800-900,2026-07-22T05:40:48.224981+00:00,2026-07-22T05:40:48.224981+00:00,2026-07-10T10:00:21.401000+00:00,2026-07-10T13:30:19.424000+00:00,api.league-pro.com
35132,Tournament A18. League 800-900,800-900,2026-07-22T05:40:48.224981+00:00,2026-07-22T05:40:48.224981+00:00,2026-07-10T14:00:11.095000+00:00,2026-07-10T17:30:09.164000+00:00,api.league-pro.com
35133,Tournament A18. League 700-800,700-800,2026-07-22T05:40:48.224981+00:00,2026-07-22T05:40:48.224981+00:00,2026-07-10T06:00:41.512000+00:00,2026-07-10T09:30:17.048000+00:00,api.league-pro.com
35134,Tournament A17. League 600-700,600-700,2026-07-22T05:40:48.224981+00:00,2026-07-22T05:40:48.224981+00:00,2026-07-10T22:00:39.231000+00:00,2026-07-11T03:30:15.236000+00:00,api.league-pro.com
35135,Tournament A18. League 400-450,400-450,2026-07-22T05:40:48.224981+00:00,2026-07-22T05:40:48.224981+00:00,2026-07-10T18:00:10.751000+00:00,2026-07-10T21:30:09.795000+00:00,api.league-pro.com
35136,Tournament A12. League 350-400,350-400,2026-07-22T05:40:48.224981+00:00,2026-07-22T05:40:48.224981+00:00,2026-07-11T06:00:09.685000+00:00,2026-07-11T09:30:10.188000+00:00,api.league-pro.com
35137,Tournament A12. League 350-400,350-400,2026-07-22T05:40:48.224981+00:00,2026-07-22T05:40:48.224981+00:00,2026-07-11T10:00:08.276000+00:00,2026-07-11T13:30:07.303000+00:00,api.league-pro.com
35138,Tournament A12. League 450-500,450-500,2026-07-22T05:40:48.224981+00:00,2026-07-22T05:40:48.224981+00:00,2026-07-11T14:00:05.840000+00:00,2026-07-11T17:30:08.099000+00:00,api.league-pro.com
35139,Tournament A12. League 450-500,450-500,2026-07-22T05:40:48.224981+00:00,2026-07-22T05:40:48.224981+00:00,2026-07-11T18:00:07.113000+00:00,2026-07-11T21:30:06.827000+00:00,api.league-pro.com
35140,Tournament A12. League 900-1000,900-1000,2026-07-22T05:40:48.224981+00:00,2026-07-22T05:40:48.224981+00:00,2026-07-11T22:00:03.563000+00:00,2026-07-12T03:29:57.454000+00:00,api.league-pro.com
35141,Tournament A14. League 800-900,800-900,2026-07-22T05:40:48.224981+00:00,2026-07-22T05:40:48.224981+00:00,2026-07-11T06:00:19.145000+00:00,2026-07-11T09:30:09.349000+00:00,api.league-pro.com
35142,Tournament A14. League 800-900,800-900,2026-07-22T05:40:48.224981+00:00,2026-07-22T05:40:48.224981+00:00,2026-07-11T10:00:12.946000+00:00,2026-07-11T13:30:35.875000+00:00,api.league-pro.com
35143,Tournament A14. League 800-900,800-900,2026-07-22T05:40:48.224981+00:00,2026-07-22T05:40:48.224981+00:00,2026-07-11T14:00:40.994000+00:00,2026-07-11T17:30:22.716000+00:00,api.league-pro.com
35144,Tournament A14. League 900-1000,900-1000,2026-07-22T05:40:48.224981+00:00,2026-07-22T05:40:48.224981+00:00,2026-07-11T18:00:14.323000+00:00,2026-07-11T21:30:24.191000+00:00,api.league-pro.com
35145,Tournament A14. League 900-1000,900-1000,2026-07-22T05:40:48.224981+00:00,2026-07-22T05:40:48.224981+00:00,2026-07-11T22:00:12.485000+00:00,2026-07-12T03:32:13.705000+00:00,api.league-pro.com
35146,Tournament A16. League 550-600,550-600,2026-07-22T05:40:48.224981+00:00,2026-07-22T05:40:48.224981+00:00,2026-07-11T06:00:10.250000+00:00,2026-07-11T09:30:10.772000+00:00,api.league-pro.com
35147,Tournament A16. League 900-1000,900-1000,2026-07-22T05:40:48.224981+00:00,2026-07-22T05:40:48.224981+00:00,2026-07-11T10:09:05.035000+00:00,2026-07-11T13:34:18.376000+00:00,api.league-pro.com
35148,Tournament A16. League 900-1000,900-1000,2026-07-22T05:40:48.224981+00:00,2026-07-22T05:40:48.224981+00:00,2026-07-11T14:00:56.424000+00:00,2026-07-11T17:30:16.335000+00:00,api.league-pro.com
35149,Tournament A17. League 500-550,500-550,2026-07-22T05:40:48.224981+00:00,2026-07-22T05:40:48.224981+00:00,2026-07-11T06:00:13.386000+00:00,2026-07-11T09:30:09.978000+00:00,api.league-pro.com
35150,Tournament A17. League 500-550,500-550,2026-07-22T05:40:48.224981+00:00,2026-07-22T05:40:48.224981+00:00,2026-07-11T10:00:08.308000+00:00,2026-07-11T13:30:05.403000+00:00,api.league-pro.com
35151,Tournament A17. League 600-700,600-700,2026-07-22T05:40:48.224981+00:00,2026-07-22T05:40:48.224981+00:00,2026-07-11T14:00:09.210000+00:00,2026-07-11T17:32:33.660000+00:00,api.league-pro.com
35152,Tournament A17. League 600-700,600-700,2026-07-22T05:40:48.224981+00:00,2026-07-22T05:40:48.224981+00:00,2026-07-11T18:00:11.642000+00:00,2026-07-11T21:30:10.018000+00:00,api.league-pro.com
35153,Tournament A16. League 700-800,700-800,2026-07-22T05:40:48.224981+00:00,2026-07-22T05:40:48.224981+00:00,2026-07-11T18:00:20.253000+00:00,2026-07-11T21:30:13.724000+00:00,api.league-pro.com
35154,Tournament A18. League 1000-1100,1000-1100,2026-07-22T05:40:48.224981+00:00,2026-07-22T05:40:48.224981+00:00,2026-07-11T10:00:08.048000+00:00,2026-07-11T13:30:08.672000+00:00,api.league-pro.com
35155,Tournament A18. League 700-800,700-800,2026-07-22T05:40:48.224981+00:00,2026-07-22T05:40:48.224981+00:00,2026-07-11T14:00:09.572000+00:00,2026-07-11T17:30:11.948000+00:00,api.league-pro.com
35156,Tournament A18. League 500-550,500-550,2026-07-22T05:40:48.224981+00:00,2026-07-22T05:40:48.224981+00:00,2026-07-11T18:00:07.798000+00:00,2026-07-11T21:30:09.646000+00:00,api.league-pro.com
35157,Tournament A18. League 1000-1100,1000-1100,2026-07-22T05:40:48.224981+00:00,2026-07-22T05:40:48.224981+00:00,2026-07-11T06:00:10.970000+00:00,2026-07-11T09:30:10.648000+00:00,api.league-pro.com
35158,Tournament A17. League 800-900,800-900,2026-07-22T05:40:48.224981+00:00,2026-07-22T05:40:48.224981+00:00,2026-07-11T22:04:11.090000+00:00,2026-07-12T03:31:41.367000+00:00,api.league-pro.com
35159,Tournament A12. League 900-1000,900-1000,2026-07-22T05:40:48.224981+00:00,2026-07-22T05:40:48.224981+00:00,2026-07-12T06:00:09.773000+00:00,2026-07-12T09:30:08.201000+00:00,api.league-pro.com
35160,Tournament A12. League 900-1000,900-1000,2026-07-22T05:40:48.224981+00:00,2026-07-22T05:40:48.224981+00:00,2026-07-12T10:00:18.575000+00:00,2026-07-12T13:30:08.847000+00:00,api.league-pro.com
35161,Tournament A12. League 900-1000,900-1000,2026-07-22T05:40:48.224981+00:00,2026-07-22T05:40:48.224981+00:00,2026-07-12T14:00:07.881000+00:00,2026-07-12T17:30:10.658000+00:00,api.league-pro.com
35162,Tournament A12. League 450-500,450-500,2026-07-22T05:40:48.224981+00:00,2026-07-22T05:40:48.224981+00:00,2026-07-12T18:00:10.973000+00:00,2026-07-12T21:29:42.585000+00:00,api.league-pro.com
35163,Tournament A12. League 400-450,400-450,2026-07-22T05:40:48.224981+00:00,2026-07-22T05:40:48.224981+00:00,2026-07-12T22:00:09.167000+00:00,2026-07-13T03:30:09.216000+00:00,api.league-pro.com
35164,Tournament A14. League 500-550,500-550,2026-07-22T05:40:48.224981+00:00,2026-07-22T05:40:48.224981+00:00,2026-07-12T06:00:18.905000+00:00,2026-07-12T09:30:16.891000+00:00,api.league-pro.com
35165,Tournament A14. League 500-550,500-550,2026-07-22T05:40:48.224981+00:00,2026-07-22T05:40:48.224981+00:00,2026-07-12T10:01:51.256000+00:00,2026-07-12T13:30:01.473000+00:00,api.league-pro.com
35166,Tournament A14. League 800-900,800-900,2026-07-22T05:40:48.224981+00:00,2026-07-22T05:40:48.224981+00:00,2026-07-12T14:00:31.406000+00:00,2026-07-12T17:30:20.209000+00:00,api.league-pro.com
35167,Tournament A14. League 900-1000,900-1000,2026-07-22T05:40:48.224981+00:00,2026-07-22T05:40:48.224981+00:00,2026-07-12T18:00:10.627000+00:00,2026-07-12T21:30:47.299000+00:00,api.league-pro.com
35168,Tournament A14. League 600-700,600-700,2026-07-22T05:40:48.224981+00:00,2026-07-22T05:40:48.224981+00:00,2026-07-12T22:00:43.009000+00:00,2026-07-13T03:30:10.802000+00:00,api.league-pro.com
35169,Tournament A16. League 550-600,550-600,2026-07-22T05:40:48.224981+00:00,2026-07-22T05:40:48.224981+00:00,2026-07-12T06:00:12.938000+00:00,2026-07-12T09:30:09.690000+00:00,api.league-pro.com
35170,Tournament A17. League 450-500,450-500,2026-07-22T05:40:48.224981+00:00,2026-07-22T05:40:48.224981+00:00,2026-07-12T06:00:16.825000+00:00,2026-07-12T09:30:13.786000+00:00,api.league-pro.com
35171,Tournament A17. League 800-900,800-900,2026-07-22T05:40:48.224981+00:00,2026-07-22T05:40:48.224981+00:00,2026-07-12T10:00:34.603000+00:00,2026-07-12T13:30:18.049000+00:00,api.league-pro.com
35172,Tournament A16. League 1000-1100,1000-1100,2026-07-22T05:40:48.224981+00:00,2026-07-22T05:40:48.224981+00:00,2026-07-12T10:00:10.388000+00:00,2026-07-12T13:30:18.068000+00:00,api.league-pro.com
35173,Tournament A16. League 1000-1100,1000-1100,2026-07-22T05:40:48.224981+00:00,2026-07-22T05:40:48.224981+00:00,2026-07-12T14:00:09.400000+00:00,2026-07-12T17:30:13.947000+00:00,api.league-pro.com
35174,Tournament A16. League 1000-1100,1000-1100,2026-07-22T05:40:48.224981+00:00,2026-07-22T05:40:48.224981+00:00,2026-07-12T18:30:14.064000+00:00,2026-07-12T21:30:11.496000+00:00,api.league-pro.com
35175,Tournament A18. League 700-800,700-800,2026-07-22T05:40:48.224981+00:00,2026-07-22T05:40:48.224981+00:00,2026-07-12T10:01:28.499000+00:00,2026-07-12T13:30:26.497000+00:00,api.league-pro.com
35176,Tournament A18. League 700-800,700-800,2026-07-22T05:40:48.224981+00:00,2026-07-22T05:40:48.224981+00:00,2026-07-12T14:01:26.839000+00:00,2026-07-12T17:30:35.619000+00:00,api.league-pro.com
35177,Tournament A18. League 600-700,600-700,2026-07-22T05:40:48.224981+00:00,2026-07-22T05:40:48.224981+00:00,2026-07-12T18:00:11.977000+00:00,2026-07-12T21:38:33.623000+00:00,api.league-pro.com
35178,Tournament A18. League 900-1000,900-1000,2026-07-22T05:40:48.224981+00:00,2026-07-22T05:40:48.224981+00:00,2026-07-12T06:00:12.624000+00:00,2026-07-12T09:30:24.730000+00:00,api.league-pro.com
35179,Tournament A17. League 400-450,400-450,2026-07-22T05:40:48.224981+00:00,2026-07-22T05:40:48.224981+00:00,2026-07-12T14:00:05.477000+00:00,2026-07-12T17:30:01.399000+00:00,api.league-pro.com
35180,Tournament A17. League 700-800,700-800,2026-07-22T05:40:48.224981+00:00,2026-07-22T05:40:48.224981+00:00,2026-07-12T18:00:10.468000+00:00,2026-07-12T21:30:42.687000+00:00,api.league-pro.com
35181,Tournament A17. League 550-600,550-600,2026-07-22T05:40:48.224981+00:00,2026-07-22T05:40:48.224981+00:00,2026-07-12T22:00:07.205000+00:00,2026-07-13T03:30:06.614000+00:00,api.league-pro.com
35182,Tournament A12. League 600-700,600-700,2026-07-22T05:40:48.224981+00:00,2026-07-22T05:40:48.224981+00:00,2026-07-13T06:00:18.049000+00:00,2026-07-13T09:30:13.732000+00:00,api.league-pro.com
35183,Tournament A12. League 450-500,450-500,2026-07-22T05:40:48.224981+00:00,2026-07-22T05:40:48.224981+00:00,2026-07-13T10:00:12.714000+00:00,2026-07-13T13:30:11.258000+00:00,api.league-pro.com
35184,Tournament A12. League 1000-1100,1000-1100,2026-07-22T05:40:48.224981+00:00,2026-07-22T05:40:48.224981+00:00,2026-07-13T14:00:06.132000+00:00,2026-07-13T17:30:06.782000+00:00,api.league-pro.com
35185,Tournament A12. League 1000-1100,1000-1100,2026-07-22T05:40:48.224981+00:00,2026-07-22T05:40:48.224981+00:00,2026-07-13T18:00:08.357000+00:00,2026-07-13T21:30:08.506000+00:00,api.league-pro.com
35186,Tournament A12. League 800-900,800-900,2026-07-22T05:40:48.224981+00:00,2026-07-22T05:40:48.224981+00:00,2026-07-13T22:00:30.657000+00:00,2026-07-14T03:30:08.668000+00:00,api.league-pro.com
35187,Tournament A14. League 900-1000,900-1000,2026-07-22T05:40:48.224981+00:00,2026-07-22T05:40:48.224981+00:00,2026-07-13T06:00:15.910000+00:00,2026-07-13T09:30:30.993000+00:00,api.league-pro.com
35188,Tournament A14. League 900-1000,900-1000,2026-07-22T05:40:48.224981+00:00,2026-07-22T05:40:48.224981+00:00,2026-07-13T10:00:56.444000+00:00,2026-07-13T13:30:39.264000+00:00,api.league-pro.com
35189,Tournament A14. League 900-1000,900-1000,2026-07-22T05:40:48.224981+00:00,2026-07-22T05:40:48.224981+00:00,2026-07-13T14:00:37.121000+00:00,2026-07-13T17:30:07.848000+00:00,api.league-pro.com
35190,Tournament A14. League 800-900,800-900,2026-07-22T05:40:48.224981+00:00,2026-07-22T05:40:48.224981+00:00,2026-07-13T18:00:12.037000+00:00,2026-07-13T21:30:18.602000+00:00,api.league-pro.com
35191,Tournament A14. League 600-700,600-700,2026-07-22T05:40:48.224981+00:00,2026-07-22T05:40:48.224981+00:00,2026-07-13T22:00:03.796000+00:00,2026-07-14T03:30:11.848000+00:00,api.league-pro.com
35192,Tournament A16. League 1000-1100,1000-1100,2026-07-22T05:40:48.224981+00:00,2026-07-22T05:40:48.224981+00:00,2026-07-13T06:00:14.629000+00:00,2026-07-13T09:30:43.650000+00:00,api.league-pro.com
35193,Tournament A17. League 450-500,450-500,2026-07-22T05:40:48.224981+00:00,2026-07-22T05:40:48.224981+00:00,2026-07-13T06:00:08.331000+00:00,2026-07-13T09:32:38.597000+00:00,api.league-pro.com
35194,Tournament A17. League 550-600,550-600,2026-07-22T05:40:48.224981+00:00,2026-07-22T05:40:48.224981+00:00,2026-07-13T10:00:12.449000+00:00,2026-07-13T13:30:10.264000+00:00,api.league-pro.com
35195,Tournament A17. League 700-800,700-800,2026-07-22T05:40:48.224981+00:00,2026-07-22T05:40:48.224981+00:00,2026-07-13T14:00:07.897000+00:00,2026-07-13T17:30:24.630000+00:00,api.league-pro.com
35196,Tournament A16. League 1000-1100,1000-1100,2026-07-22T05:40:48.224981+00:00,2026-07-22T05:40:48.224981+00:00,2026-07-13T10:00:25.473000+00:00,2026-07-13T13:30:18.279000+00:00,api.league-pro.com
35197,Tournament A16. League 800-900,800-900,2026-07-22T05:40:48.224981+00:00,2026-07-22T05:40:48.224981+00:00,2026-07-13T14:00:14.924000+00:00,2026-07-13T17:30:42.477000+00:00,api.league-pro.com
35198,Tournament A16. League 500-550,500-550,2026-07-22T05:40:48.224981+00:00,2026-07-22T05:40:48.224981+00:00,2026-07-13T18:01:41.399000+00:00,2026-07-13T21:42:09.317000+00:00,api.league-pro.com
35199,Tournament A18. League 700-800,700-800,2026-07-22T05:40:48.224981+00:00,2026-07-22T05:40:48.224981+00:00,2026-07-13T10:00:48.691000+00:00,2026-07-13T13:30:22.166000+00:00,api.league-pro.com
35200,Tournament A18. League 700-800,700-800,2026-07-22T05:40:48.224981+00:00,2026-07-22T05:40:48.224981+00:00,2026-07-13T06:00:28.739000+00:00,2026-07-13T09:31:43.762000+00:00,api.league-pro.com
35201,Tournament A17. League 700-800,700-800,2026-07-22T05:40:48.224981+00:00,2026-07-22T05:40:48.224981+00:00,2026-07-13T18:00:08.793000+00:00,2026-07-13T21:30:07.462000+00:00,api.league-pro.com
35202,Tournament A17. League 500-550,500-550,2026-07-22T05:40:48.224981+00:00,2026-07-22T05:40:48.224981+00:00,2026-07-13T22:00:10.315000+00:00,2026-07-14T03:30:22.247000+00:00,api.league-pro.com
35203,Tournament A18. League 700-800,700-800,2026-07-22T05:40:48.224981+00:00,2026-07-22T05:40:48.224981+00:00,2026-07-13T14:00:10.446000+00:00,2026-07-13T17:30:26.575000+00:00,api.league-pro.com
35204,Tournament A18. League 600-700,600-700,2026-07-22T05:40:48.224981+00:00,2026-07-22T05:40:48.224981+00:00,2026-07-13T18:00:14.440000+00:00,2026-07-13T21:30:12.442000+00:00,api.league-pro.com
35205,Tournament A12. League 600-700,600-700,2026-07-22T05:40:48.224981+00:00,2026-07-22T05:40:48.224981+00:00,2026-07-14T06:00:14.640000+00:00,2026-07-14T09:32:25.676000+00:00,api.league-pro.com
35206,Tournament A12. League 800-900,800-900,2026-07-22T05:40:48.224981+00:00,2026-07-22T05:40:48.224981+00:00,2026-07-14T10:00:12.505000+00:00,2026-07-14T13:30:44.712000+00:00,api.league-pro.com
35207,Tournament A12. League 800-900,800-900,2026-07-22T05:40:48.224981+00:00,2026-07-22T05:40:48.224981+00:00,2026-07-14T14:00:07.342000+00:00,2026-07-14T17:30:06.860000+00:00,api.league-pro.com
35208,Tournament A12. League 1000-1100,1000-1100,2026-07-22T05:40:48.224981+00:00,2026-07-22T05:40:48.224981+00:00,2026-07-14T18:00:06.300000+00:00,2026-07-14T21:30:05.804000+00:00,api.league-pro.com
35209,Tournament A12. League 400-450,400-450,2026-07-22T05:40:48.224981+00:00,2026-07-22T05:40:48.224981+00:00,2026-07-14T22:02:46.416000+00:00,2026-07-15T03:29:54.792000+00:00,api.league-pro.com
35210,Tournament A14. League 900-1000,900-1000,2026-07-22T05:40:48.224981+00:00,2026-07-22T05:40:48.224981+00:00,2026-07-14T06:00:21.167000+00:00,2026-07-14T09:30:10.397000+00:00,api.league-pro.com
35211,Tournament A14. League 900-1000,900-1000,2026-07-22T05:40:48.224981+00:00,2026-07-22T05:40:48.224981+00:00,2026-07-14T10:00:56.632000+00:00,2026-07-14T13:30:47.103000+00:00,api.league-pro.com
35212,Tournament A14. League 900-1000,900-1000,2026-07-22T05:40:48.224981+00:00,2026-07-22T05:40:48.224981+00:00,2026-07-14T14:00:06.363000+00:00,2026-07-14T17:30:08.621000+00:00,api.league-pro.com
35213,Tournament A14. League 900-1000,900-1000,2026-07-22T05:40:48.224981+00:00,2026-07-22T05:40:48.224981+00:00,2026-07-14T18:00:07.447000+00:00,2026-07-14T21:30:14.401000+00:00,api.league-pro.com
35214,Tournament A14. League 550-600,550-600,2026-07-22T05:40:48.224981+00:00,2026-07-22T05:40:48.224981+00:00,2026-07-14T22:00:11.813000+00:00,2026-07-15T03:30:15.759000+00:00,api.league-pro.com
35215,Tournament A16. League 1000-1100,1000-1100,2026-07-22T05:40:48.224981+00:00,2026-07-22T05:40:48.224981+00:00,2026-07-14T06:00:17.389000+00:00,2026-07-14T09:30:11.262000+00:00,api.league-pro.com
35216,Tournament A16. League 1000-1100,1000-1100,2026-07-22T05:40:48.224981+00:00,2026-07-22T05:40:48.224981+00:00,2026-07-14T10:00:07.893000+00:00,2026-07-14T13:30:11.452000+00:00,api.league-pro.com
35217,Tournament A16. League 1000-1100,1000-1100,2026-07-22T05:40:48.224981+00:00,2026-07-22T05:40:48.224981+00:00,2026-07-14T14:00:09.157000+00:00,2026-07-14T17:30:07.864000+00:00,api.league-pro.com
35218,Tournament A17. League 400-450,400-450,2026-07-22T05:40:48.224981+00:00,2026-07-22T05:40:48.224981+00:00,2026-07-14T06:00:18.878000+00:00,2026-07-14T09:33:40.560000+00:00,api.league-pro.com
35219,Tournament A17. League 600-700,600-700,2026-07-22T05:40:48.224981+00:00,2026-07-22T05:40:48.224981+00:00,2026-07-14T10:04:01.560000+00:00,2026-07-14T13:30:09.847000+00:00,api.league-pro.com
35220,Tournament A17. League 550-600,550-600,2026-07-22T05:40:48.224981+00:00,2026-07-22T05:40:48.224981+00:00,2026-07-14T14:00:15.129000+00:00,2026-07-14T17:30:09.345000+00:00,api.league-pro.com
35221,Tournament A17. League 550-600,550-600,2026-07-22T05:40:48.224981+00:00,2026-07-22T05:40:48.224981+00:00,2026-07-14T18:01:07.330000+00:00,2026-07-14T21:30:08.870000+00:00,api.league-pro.com
35222,Tournament A16. League 550-600,550-600,2026-07-22T05:40:48.224981+00:00,2026-07-22T05:40:48.224981+00:00,2026-07-14T18:00:10.856000+00:00,2026-07-14T21:30:09.635000+00:00,api.league-pro.com
35223,Tournament A18. League 900-1000,900-1000,2026-07-22T05:40:48.224981+00:00,2026-07-22T05:40:48.224981+00:00,2026-07-14T10:00:23.537000+00:00,2026-07-14T13:30:17.930000+00:00,api.league-pro.com
35224,Tournament A18. League 800-900,800-900,2026-07-22T05:40:48.224981+00:00,2026-07-22T05:40:48.224981+00:00,2026-07-14T14:00:18.999000+00:00,2026-07-14T17:30:27.651000+00:00,api.league-pro.com
35225,Tournament A18. League 800-900,800-900,2026-07-22T05:40:48.224981+00:00,2026-07-22T05:40:48.224981+00:00,2026-07-14T18:00:06.339000+00:00,2026-07-14T21:30:07.901000+00:00,api.league-pro.com
35226,Tournament A18. League 350-400,350-400,2026-07-22T05:40:48.224981+00:00,2026-07-22T05:40:48.224981+00:00,2026-07-14T06:00:37.906000+00:00,2026-07-14T09:30:19.386000+00:00,api.league-pro.com
35227,Tournament A17. League 600-700,600-700,2026-07-22T05:40:48.224981+00:00,2026-07-22T05:40:48.224981+00:00,2026-07-14T22:00:21.199000+00:00,2026-07-15T03:30:16.098000+00:00,api.league-pro.com
35228,Tournament A12. League 700-800,700-800,2026-07-22T05:40:48.224981+00:00,2026-07-22T05:40:48.224981+00:00,2026-07-15T06:00:24.291000+00:00,2026-07-15T09:00:18.900000+00:00,api.league-pro.com
35229,Tournament A12. League 800-900,800-900,2026-07-22T05:40:48.224981+00:00,2026-07-22T05:40:48.224981+00:00,2026-07-15T10:00:09.733000+00:00,2026-07-15T13:30:35.393000+00:00,api.league-pro.com
35230,Tournament A12. League 700-800,700-800,2026-07-22T05:40:48.224981+00:00,2026-07-22T05:40:48.224981+00:00,2026-07-15T14:00:47.440000+00:00,2026-07-15T17:30:33.352000+00:00,api.league-pro.com
35231,Tournament A12. League 700-800,700-800,2026-07-22T05:40:48.224981+00:00,2026-07-22T05:40:48.224981+00:00,2026-07-15T18:00:15.795000+00:00,2026-07-15T21:30:08.713000+00:00,api.league-pro.com
35232,Tournament A12. League 900-1000,900-1000,2026-07-22T05:40:48.224981+00:00,2026-07-22T05:40:48.224981+00:00,2026-07-15T22:00:10.690000+00:00,2026-07-16T03:30:06.482000+00:00,api.league-pro.com
35233,Tournament A14. League 900-1000,900-1000,2026-07-22T05:40:48.224981+00:00,2026-07-22T05:40:48.224981+00:00,2026-07-15T06:00:22.866000+00:00,2026-07-15T09:30:50.121000+00:00,api.league-pro.com
35234,Tournament A14. League 800-900,800-900,2026-07-22T05:40:48.224981+00:00,2026-07-22T05:40:48.224981+00:00,2026-07-15T10:00:35.162000+00:00,2026-07-15T13:30:07.145000+00:00,api.league-pro.com
35235,Tournament A14. League 1000-1100,1000-1100,2026-07-22T05:40:48.224981+00:00,2026-07-22T05:40:48.224981+00:00,2026-07-15T14:00:09.176000+00:00,2026-07-15T17:30:02.688000+00:00,api.league-pro.com
35236,Tournament A14. League 800-900,800-900,2026-07-22T05:40:48.224981+00:00,2026-07-22T05:40:48.224981+00:00,2026-07-15T18:00:12.326000+00:00,2026-07-15T21:30:09.188000+00:00,api.league-pro.com
35237,Tournament A14. League 1000-1100,1000-1100,2026-07-22T05:40:48.224981+00:00,2026-07-22T05:40:48.224981+00:00,2026-07-15T22:00:03.681000+00:00,2026-07-16T03:30:01.175000+00:00,api.league-pro.com
35238,Tournament A16. League 500-550,500-550,2026-07-22T05:40:48.224981+00:00,2026-07-22T05:40:48.224981+00:00,2026-07-15T06:00:09.766000+00:00,2026-07-15T09:30:15.333000+00:00,api.league-pro.com
35239,Tournament A16. League 1000-1100,1000-1100,2026-07-22T05:40:48.224981+00:00,2026-07-22T05:40:48.224981+00:00,2026-07-15T10:00:11.196000+00:00,2026-07-15T13:30:31.923000+00:00,api.league-pro.com
35240,Tournament A17. League 350-400,350-400,2026-07-22T05:40:48.224981+00:00,2026-07-22T05:40:48.224981+00:00,2026-07-15T06:00:28.669000+00:00,2026-07-15T09:30:17.399000+00:00,api.league-pro.com
35241,Tournament A17. League 900-1000,900-1000,2026-07-22T05:40:48.224981+00:00,2026-07-22T05:40:48.224981+00:00,2026-07-15T10:00:09.968000+00:00,2026-07-15T13:30:16.147000+00:00,api.league-pro.com
35242,Tournament A17. League 900-1000,900-1000,2026-07-22T05:40:48.224981+00:00,2026-07-22T05:40:48.224981+00:00,2026-07-15T14:00:50.561000+00:00,2026-07-15T17:30:07.718000+00:00,api.league-pro.com
35243,Tournament A17. League 400-450,400-450,2026-07-22T05:40:48.224981+00:00,2026-07-22T05:40:48.224981+00:00,2026-07-15T18:00:07.704000+00:00,2026-07-15T21:30:06.769000+00:00,api.league-pro.com
35244,Tournament A17. League 800-900,800-900,2026-07-22T05:40:48.224981+00:00,2026-07-22T05:40:48.224981+00:00,2026-07-15T22:00:07.900000+00:00,2026-07-16T03:30:02.195000+00:00,api.league-pro.com
35245,Tournament A16. League 900-1000,900-1000,2026-07-22T05:40:48.224981+00:00,2026-07-22T05:40:48.224981+00:00,2026-07-15T14:00:12.202000+00:00,2026-07-15T17:46:52.086000+00:00,api.league-pro.com
35246,Tournament A16. League 800-900,800-900,2026-07-22T05:40:48.224981+00:00,2026-07-22T05:40:48.224981+00:00,2026-07-15T18:10:42.822000+00:00,2026-07-15T21:30:10.374000+00:00,api.league-pro.com
35247,Tournament A18. League 1000-1100,1000-1100,2026-07-22T05:40:48.224981+00:00,2026-07-22T05:40:48.224981+00:00,2026-07-15T10:00:24.800000+00:00,2026-07-15T13:30:11.151000+00:00,api.league-pro.com
35248,Tournament A18. League 800-900,800-900,2026-07-22T05:40:48.224981+00:00,2026-07-22T05:40:48.224981+00:00,2026-07-15T14:00:11.241000+00:00,2026-07-15T17:30:10.444000+00:00,api.league-pro.com
35249,Tournament A18. League 600-700,600-700,2026-07-22T05:40:48.224981+00:00,2026-07-22T05:40:48.224981+00:00,2026-07-15T18:00:08.331000+00:00,2026-07-15T21:30:08.847000+00:00,api.league-pro.com
35250,Tournament A18. League 1000-1100,1000-1100,2026-07-22T05:40:48.224981+00:00,2026-07-22T05:40:48.224981+00:00,2026-07-15T06:00:12.694000+00:00,2026-07-15T09:30:28.447000+00:00,api.league-pro.com
35251,Tournament A12. League 700-800,700-800,2026-07-22T05:40:48.224981+00:00,2026-07-22T05:40:48.224981+00:00,2026-07-16T06:00:08.124000+00:00,2026-07-16T09:30:11.304000+00:00,api.league-pro.com
35252,Tournament A12. League 900-1000,900-1000,2026-07-22T05:40:48.224981+00:00,2026-07-22T05:40:48.224981+00:00,2026-07-16T10:00:33.631000+00:00,2026-07-16T13:30:07.367000+00:00,api.league-pro.com
35253,Tournament A12. League 800-900,800-900,2026-07-22T05:40:48.224981+00:00,2026-07-22T05:40:48.224981+00:00,2026-07-16T14:00:06.442000+00:00,2026-07-16T17:30:07.450000+00:00,api.league-pro.com
35254,Tournament A12. League 1000-1100,1000-1100,2026-07-22T05:40:48.224981+00:00,2026-07-22T05:40:48.224981+00:00,2026-07-16T18:00:37.349000+00:00,2026-07-16T21:30:11.630000+00:00,api.league-pro.com
35255,Tournament A14. League 550-600,550-600,2026-07-22T05:40:48.224981+00:00,2026-07-22T05:40:48.224981+00:00,2026-07-16T06:00:37.866000+00:00,2026-07-16T09:30:21.708000+00:00,api.league-pro.com
35256,Tournament A14. League 600-700,600-700,2026-07-22T05:40:48.224981+00:00,2026-07-22T05:40:48.224981+00:00,2026-07-16T10:00:50.422000+00:00,2026-07-16T13:30:07.019000+00:00,api.league-pro.com
35257,Tournament A14. League 600-700,600-700,2026-07-22T05:40:48.224981+00:00,2026-07-22T05:40:48.224981+00:00,2026-07-16T14:00:20.556000+00:00,2026-07-16T17:30:13.629000+00:00,api.league-pro.com
35258,Tournament A14. League 450-500,450-500,2026-07-22T05:40:48.224981+00:00,2026-07-22T05:40:48.224981+00:00,2026-07-16T18:00:24.214000+00:00,2026-07-16T21:30:20.794000+00:00,api.league-pro.com
35259,Tournament A17. League 700-800,700-800,2026-07-22T05:40:48.224981+00:00,2026-07-22T05:40:48.224981+00:00,2026-07-16T06:00:18.980000+00:00,2026-07-16T09:30:20.736000+00:00,api.league-pro.com
35260,Tournament A16. League 700-800,700-800,2026-07-22T05:40:48.224981+00:00,2026-07-22T05:40:48.224981+00:00,2026-07-16T06:00:09.512000+00:00,2026-07-16T09:30:41.956000+00:00,api.league-pro.com
35261,Tournament A16. League 1000-1100,1000-1100,2026-07-22T05:40:48.224981+00:00,2026-07-22T05:40:48.224981+00:00,2026-07-16T10:00:18.510000+00:00,2026-07-16T13:30:11.532000+00:00,api.league-pro.com
35262,Tournament A16. League 1000-1100,1000-1100,2026-07-22T05:40:48.224981+00:00,2026-07-22T05:40:48.224981+00:00,2026-07-16T14:00:09.211000+00:00,2026-07-16T17:30:10.134000+00:00,api.league-pro.com
35263,Tournament A16. League 600-700,600-700,2026-07-22T05:40:48.224981+00:00,2026-07-22T05:40:48.224981+00:00,2026-07-16T18:00:06.677000+00:00,2026-07-16T21:30:11.931000+00:00,api.league-pro.com
35264,Tournament A18. League 700-800,700-800,2026-07-22T05:40:48.224981+00:00,2026-07-22T05:40:48.224981+00:00,2026-07-16T10:00:28.623000+00:00,2026-07-16T13:30:19.828000+00:00,api.league-pro.com
35265,Tournament A18. League 600-700,600-700,2026-07-22T05:40:48.224981+00:00,2026-07-22T05:40:48.224981+00:00,2026-07-16T06:00:11.651000+00:00,2026-07-16T09:30:07.729000+00:00,api.league-pro.com
35266,Tournament A17. League 700-800,700-800,2026-07-22T05:40:48.224981+00:00,2026-07-22T05:40:48.224981+00:00,2026-07-16T10:00:26.763000+00:00,2026-07-16T13:30:08.442000+00:00,api.league-pro.com
35267,Tournament A17. League 900-1000,900-1000,2026-07-22T05:40:48.224981+00:00,2026-07-22T05:40:48.224981+00:00,2026-07-16T14:00:15.461000+00:00,2026-07-16T17:30:11.223000+00:00,api.league-pro.com
35268,Tournament A17. League 900-1000,900-1000,2026-07-22T05:40:48.224981+00:00,2026-07-22T05:40:48.224981+00:00,2026-07-16T18:00:11.225000+00:00,2026-07-16T21:43:00.629000+00:00,api.league-pro.com
35269,Tournament A12. League 700-800,700-800,2026-07-22T05:40:48.224981+00:00,2026-07-22T05:40:48.224981+00:00,2026-07-16T22:00:19.148000+00:00,2026-07-17T03:30:03.647000+00:00,api.league-pro.com
35270,Tournament A18. League 700-800,700-800,2026-07-22T05:40:48.224981+00:00,2026-07-22T05:40:48.224981+00:00,2026-07-16T14:00:19.755000+00:00,2026-07-16T17:30:10.282000+00:00,api.league-pro.com
35271,Tournament A18. League 550-600,550-600,2026-07-22T05:40:48.224981+00:00,2026-07-22T05:40:48.224981+00:00,2026-07-16T18:00:15.186000+00:00,2026-07-16T21:30:11.416000+00:00,api.league-pro.com
35272,Tournament A14. League 400-450,400-450,2026-07-22T05:40:48.224981+00:00,2026-07-22T05:40:48.224981+00:00,2026-07-16T22:00:02.921000+00:00,2026-07-17T03:30:28.305000+00:00,api.league-pro.com
35273,Tournament A17. League 550-600,550-600,2026-07-22T05:40:48.224981+00:00,2026-07-22T05:40:48.224981+00:00,2026-07-16T22:09:03.421000+00:00,2026-07-17T03:30:08.926000+00:00,api.league-pro.com
35274,Tournament A12. League 800-900,800-900,2026-07-22T05:40:48.224981+00:00,2026-07-22T05:40:48.224981+00:00,2026-07-17T06:00:21.681000+00:00,2026-07-17T09:30:32.480000+00:00,api.league-pro.com
35275,Tournament A12. League 800-900,800-900,2026-07-22T05:40:48.224981+00:00,2026-07-22T05:40:48.224981+00:00,2026-07-17T10:00:06.669000+00:00,2026-07-17T13:30:11.223000+00:00,api.league-pro.com
35276,Tournament A12. League 1000-1100,1000-1100,2026-07-22T05:40:48.224981+00:00,2026-07-22T05:40:48.224981+00:00,2026-07-17T14:00:07.025000+00:00,2026-07-17T17:30:06.124000+00:00,api.league-pro.com
35277,Tournament A12. League 1000-1100,1000-1100,2026-07-22T05:40:48.224981+00:00,2026-07-22T05:40:48.224981+00:00,2026-07-17T18:01:04.262000+00:00,2026-07-17T21:30:06.416000+00:00,api.league-pro.com
35278,Tournament A14. League 800-900,800-900,2026-07-22T05:40:48.224981+00:00,2026-07-22T05:40:48.224981+00:00,2026-07-17T06:00:52.076000+00:00,2026-07-17T09:30:59.654000+00:00,api.league-pro.com
35279,Tournament A14. League 400-450,400-450,2026-07-22T05:40:48.224981+00:00,2026-07-22T05:40:48.224981+00:00,2026-07-17T10:31:31.233000+00:00,2026-07-17T13:30:15.094000+00:00,api.league-pro.com
35280,Tournament A14. League 450-500,450-500,2026-07-22T05:40:48.224981+00:00,2026-07-22T05:40:48.224981+00:00,2026-07-17T14:00:22.641000+00:00,2026-07-17T17:30:31.022000+00:00,api.league-pro.com
35281,Tournament A14. League 600-700,600-700,2026-07-22T05:40:48.224981+00:00,2026-07-22T05:40:48.224981+00:00,2026-07-17T18:01:10.932000+00:00,2026-07-17T21:30:07.455000+00:00,api.league-pro.com
35282,Tournament A16. League 1000-1100,1000-1100,2026-07-22T05:40:48.224981+00:00,2026-07-22T05:40:48.224981+00:00,2026-07-17T06:00:15.680000+00:00,2026-07-17T09:30:14.133000+00:00,api.league-pro.com
35283,Tournament A18. League 700-800,700-800,2026-07-22T05:40:48.224981+00:00,2026-07-22T05:40:48.224981+00:00,2026-07-17T06:00:13.029000+00:00,2026-07-17T09:30:08.580000+00:00,api.league-pro.com
35284,Tournament A17. League 900-1000,900-1000,2026-07-22T05:40:48.224981+00:00,2026-07-22T05:40:48.224981+00:00,2026-07-17T06:00:23.935000+00:00,2026-07-17T09:30:13.213000+00:00,api.league-pro.com
35285,Tournament A17. League 900-1000,900-1000,2026-07-22T05:40:48.224981+00:00,2026-07-22T05:40:48.224981+00:00,2026-07-17T10:00:17.331000+00:00,2026-07-17T13:30:20.096000+00:00,api.league-pro.com
35286,Tournament A17. League 700-800,700-800,2026-07-22T05:40:48.224981+00:00,2026-07-22T05:40:48.224981+00:00,2026-07-17T14:00:12.358000+00:00,2026-07-17T17:30:14.259000+00:00,api.league-pro.com
35287,Tournament A17. League 700-800,700-800,2026-07-22T05:40:48.224981+00:00,2026-07-22T05:40:48.224981+00:00,2026-07-17T18:01:22.237000+00:00,2026-07-17T21:30:21.841000+00:00,api.league-pro.com
35288,Tournament A16. League 1000-1100,1000-1100,2026-07-22T05:40:48.224981+00:00,2026-07-22T05:40:48.224981+00:00,2026-07-17T10:00:20.632000+00:00,2026-07-17T13:30:12.060000+00:00,api.league-pro.com
35289,Tournament A16. League 900-1000,900-1000,2026-07-22T05:40:48.224981+00:00,2026-07-22T05:40:48.224981+00:00,2026-07-17T14:00:09.423000+00:00,2026-07-17T17:30:50.255000+00:00,api.league-pro.com
35290,Tournament A16. League 600-700,600-700,2026-07-22T05:40:48.224981+00:00,2026-07-22T05:40:48.224981+00:00,2026-07-17T18:01:17.760000+00:00,2026-07-17T21:30:50.690000+00:00,api.league-pro.com
35291,Tournament A12. League 500-550,500-550,2026-07-22T05:40:48.224981+00:00,2026-07-22T05:40:48.224981+00:00,2026-07-17T22:00:03.938000+00:00,2026-07-18T03:29:53.948000+00:00,api.league-pro.com
35292,Tournament A18. League 300-350,300-350,2026-07-22T05:40:48.224981+00:00,2026-07-22T05:40:48.224981+00:00,2026-07-17T10:00:10.619000+00:00,2026-07-17T13:30:15.897000+00:00,api.league-pro.com
35293,Tournament A18. League 550-600,550-600,2026-07-22T05:40:48.224981+00:00,2026-07-22T05:40:48.224981+00:00,2026-07-17T14:00:30.670000+00:00,2026-07-17T17:30:11.781000+00:00,api.league-pro.com
35294,Tournament A18. League 400-450,400-450,2026-07-22T05:40:48.224981+00:00,2026-07-22T05:40:48.224981+00:00,2026-07-17T18:01:11.094000+00:00,2026-07-17T21:30:23.586000+00:00,api.league-pro.com
35295,Tournament A14. League 600-700,600-700,2026-07-22T05:40:48.224981+00:00,2026-07-22T05:40:48.224981+00:00,2026-07-17T22:00:02.339000+00:00,2026-07-18T03:29:59.598000+00:00,api.league-pro.com
35296,Tournament A17. League 700-800,700-800,2026-07-22T05:40:48.224981+00:00,2026-07-22T05:40:48.224981+00:00,2026-07-17T22:00:10.202000+00:00,2026-07-18T03:30:02.874000+00:00,api.league-pro.com
35297,Tournament A12. League 900-1000,900-1000,2026-07-22T05:40:48.224981+00:00,2026-07-22T05:40:48.224981+00:00,2026-07-18T06:03:44.144000+00:00,2026-07-18T09:30:12.616000+00:00,api.league-pro.com
35298,Tournament A12. League 600-700,600-700,2026-07-22T05:40:48.224981+00:00,2026-07-22T05:40:48.224981+00:00,2026-07-18T10:00:08.850000+00:00,2026-07-18T13:30:20.342000+00:00,api.league-pro.com
35299,Tournament A12. League 900-1000,900-1000,2026-07-22T05:40:48.224981+00:00,2026-07-22T05:40:48.224981+00:00,2026-07-18T22:00:18.202000+00:00,2026-07-19T03:29:43.348000+00:00,api.league-pro.com
35300,Tournament A12. League 800-900,800-900,2026-07-22T05:40:48.224981+00:00,2026-07-22T05:40:48.224981+00:00,2026-07-18T14:00:08.173000+00:00,2026-07-18T17:30:06.791000+00:00,api.league-pro.com
35301,Tournament A12. League 800-900,800-900,2026-07-22T05:40:48.224981+00:00,2026-07-22T05:40:48.224981+00:00,2026-07-18T18:00:06.634000+00:00,2026-07-18T21:30:07.055000+00:00,api.league-pro.com
35302,Tournament A14. League 900-1000,900-1000,2026-07-22T05:40:48.224981+00:00,2026-07-22T05:40:48.224981+00:00,2026-07-18T22:00:17.164000+00:00,2026-07-19T03:30:02.328000+00:00,api.league-pro.com
35303,Tournament A14. League 400-450,400-450,2026-07-22T05:40:48.224981+00:00,2026-07-22T05:40:48.224981+00:00,2026-07-18T06:00:49.934000+00:00,2026-07-18T09:30:33.609000+00:00,api.league-pro.com
35304,Tournament A14. League 1000-1100,1000-1100,2026-07-22T05:40:48.224981+00:00,2026-07-22T05:40:48.224981+00:00,2026-07-18T10:00:40.735000+00:00,2026-07-18T13:30:20.631000+00:00,api.league-pro.com
35305,Tournament A14. League 1000-1100,1000-1100,2026-07-22T05:40:48.224981+00:00,2026-07-22T05:40:48.224981+00:00,2026-07-18T14:00:10.024000+00:00,2026-07-18T17:30:06.990000+00:00,api.league-pro.com
35306,Tournament A14. League 800-900,800-900,2026-07-22T05:40:48.224981+00:00,2026-07-22T05:40:48.224981+00:00,2026-07-18T18:00:07.247000+00:00,2026-07-18T21:30:08.798000+00:00,api.league-pro.com
35307,Tournament A17. League 500-550,500-550,2026-07-22T05:40:48.224981+00:00,2026-07-22T05:40:48.224981+00:00,2026-07-18T06:00:25.482000+00:00,2026-07-18T09:30:34.188000+00:00,api.league-pro.com
35308,Tournament A16. League 500-550,500-550,2026-07-22T05:40:48.224981+00:00,2026-07-22T05:40:48.224981+00:00,2026-07-18T06:00:12.512000+00:00,2026-07-18T09:30:10.008000+00:00,api.league-pro.com
35309,Tournament A16. League 500-550,500-550,2026-07-22T05:40:48.224981+00:00,2026-07-22T05:40:48.224981+00:00,2026-07-18T10:00:08.878000+00:00,2026-07-18T13:35:13.934000+00:00,api.league-pro.com
35310,Tournament A16. League 1000-1100,1000-1100,2026-07-22T05:40:48.224981+00:00,2026-07-22T05:40:48.224981+00:00,2026-07-18T14:00:13.418000+00:00,2026-07-18T17:30:11.741000+00:00,api.league-pro.com
35311,Tournament A16. League 1000-1100,1000-1100,2026-07-22T05:40:48.224981+00:00,2026-07-22T05:40:48.224981+00:00,2026-07-18T18:00:09.308000+00:00,2026-07-18T21:30:08.334000+00:00,api.league-pro.com
35312,Tournament A17. League 450-500,450-500,2026-07-22T05:40:48.224981+00:00,2026-07-22T05:40:48.224981+00:00,2026-07-18T10:00:27.737000+00:00,2026-07-18T13:30:09.523000+00:00,api.league-pro.com
35313,Tournament A17. League 400-450,400-450,2026-07-22T05:40:48.224981+00:00,2026-07-22T05:40:48.224981+00:00,2026-07-18T14:00:07.569000+00:00,2026-07-18T17:30:11.383000+00:00,api.league-pro.com
35314,Tournament A17. League 700-800,700-800,2026-07-22T05:40:48.224981+00:00,2026-07-22T05:40:48.224981+00:00,2026-07-18T18:00:09.749000+00:00,2026-07-18T21:30:08.873000+00:00,api.league-pro.com
35315,Tournament A18. League 550-600,550-600,2026-07-22T05:40:48.224981+00:00,2026-07-22T05:40:48.224981+00:00,2026-07-18T06:00:25.450000+00:00,2026-07-18T09:31:00.552000+00:00,api.league-pro.com
35316,Tournament A17. League 550-600,550-600,2026-07-22T05:40:48.224981+00:00,2026-07-22T05:40:48.224981+00:00,2026-07-18T22:00:07.286000+00:00,2026-07-19T03:30:06.847000+00:00,api.league-pro.com
35317,Tournament A18. League 550-600,550-600,2026-07-22T05:40:48.224981+00:00,2026-07-22T05:40:48.224981+00:00,2026-07-18T10:00:10.976000+00:00,2026-07-18T13:30:11.116000+00:00,api.league-pro.com
35318,Tournament A18. League 800-900,800-900,2026-07-22T05:40:48.224981+00:00,2026-07-22T05:40:48.224981+00:00,2026-07-18T14:00:07.933000+00:00,2026-07-18T17:30:08.733000+00:00,api.league-pro.com
35319,Tournament A18. League 350-400,350-400,2026-07-22T05:40:48.224981+00:00,2026-07-22T05:40:48.224981+00:00,2026-07-18T18:00:06.052000+00:00,2026-07-18T21:30:06.204000+00:00,api.league-pro.com
35320,Tournament A12. League 500-550,500-550,2026-07-22T05:40:48.224981+00:00,2026-07-22T05:40:48.224981+00:00,2026-07-19T06:00:13.460000+00:00,2026-07-19T09:30:10.189000+00:00,api.league-pro.com
35321,Tournament A12. League 900-1000,900-1000,2026-07-22T05:40:48.224981+00:00,2026-07-22T05:40:48.224981+00:00,2026-07-19T10:04:40.196000+00:00,2026-07-19T13:30:17.378000+00:00,api.league-pro.com
35322,Tournament A12. League 900-1000,900-1000,2026-07-22T05:40:48.224981+00:00,2026-07-22T05:40:48.224981+00:00,2026-07-19T14:00:06.206000+00:00,2026-07-19T17:30:06.816000+00:00,api.league-pro.com
35323,Tournament A12. League 700-800,700-800,2026-07-22T05:40:48.224981+00:00,2026-07-22T05:40:48.224981+00:00,2026-07-19T18:00:09.365000+00:00,2026-07-19T21:30:05.674000+00:00,api.league-pro.com
35324,Tournament A12. League 700-800,700-800,2026-07-22T05:40:48.224981+00:00,2026-07-22T05:40:48.224981+00:00,2026-07-19T22:00:13.719000+00:00,2026-07-20T03:30:08.939000+00:00,api.league-pro.com
35325,Tournament A14. League 1000-1100,1000-1100,2026-07-22T05:40:48.224981+00:00,2026-07-22T05:40:48.224981+00:00,2026-07-19T06:00:40.389000+00:00,2026-07-19T09:30:10.059000+00:00,api.league-pro.com
35326,Tournament A14. League 1000-1100,1000-1100,2026-07-22T05:40:48.224981+00:00,2026-07-22T05:40:48.224981+00:00,2026-07-19T10:00:07.094000+00:00,2026-07-19T13:30:07.713000+00:00,api.league-pro.com
35327,Tournament A14. League 400-450,400-450,2026-07-22T05:40:48.224981+00:00,2026-07-22T05:40:48.224981+00:00,2026-07-19T14:00:07.287000+00:00,2026-07-19T17:30:10.383000+00:00,api.league-pro.com
35328,Tournament A14. League 800-900,800-900,2026-07-22T05:40:48.224981+00:00,2026-07-22T05:40:48.224981+00:00,2026-07-19T18:00:09.377000+00:00,2026-07-19T21:30:09.120000+00:00,api.league-pro.com
35329,Tournament A14. League 600-700,600-700,2026-07-22T05:40:48.224981+00:00,2026-07-22T05:40:48.224981+00:00,2026-07-19T22:00:24.731000+00:00,2026-07-20T03:30:09.367000+00:00,api.league-pro.com
35330,Tournament A16. League 500-550,500-550,2026-07-22T05:40:48.224981+00:00,2026-07-22T05:40:48.224981+00:00,2026-07-19T06:00:21.909000+00:00,2026-07-19T09:30:12.909000+00:00,api.league-pro.com
35331,Tournament A17. League 500-550,500-550,2026-07-22T05:40:48.224981+00:00,2026-07-22T05:40:48.224981+00:00,2026-07-19T06:00:08.288000+00:00,2026-07-19T09:30:11.876000+00:00,api.league-pro.com
35332,Tournament A17. League 350-400,350-400,2026-07-22T05:40:48.224981+00:00,2026-07-22T05:40:48.224981+00:00,2026-07-19T10:00:30.403000+00:00,2026-07-19T13:30:20.114000+00:00,api.league-pro.com
35333,Tournament A17. League 600-700,600-700,2026-07-22T05:40:48.224981+00:00,2026-07-22T05:40:48.224981+00:00,2026-07-19T14:00:09.021000+00:00,2026-07-19T17:30:17.277000+00:00,api.league-pro.com
35334,Tournament A17. League 600-700,600-700,2026-07-22T05:40:48.224981+00:00,2026-07-22T05:40:48.224981+00:00,2026-07-19T18:00:44.734000+00:00,2026-07-19T21:30:10.185000+00:00,api.league-pro.com
35335,Tournament A16. League 1000-1100,1000-1100,2026-07-22T05:40:48.224981+00:00,2026-07-22T05:40:48.224981+00:00,2026-07-19T10:00:12.993000+00:00,2026-07-19T13:30:11.753000+00:00,api.league-pro.com
35336,Tournament A16. League 400-450,400-450,2026-07-22T05:40:48.224981+00:00,2026-07-22T05:40:48.224981+00:00,2026-07-19T14:00:18.435000+00:00,2026-07-19T17:30:09.533000+00:00,api.league-pro.com
35337,Tournament A16. League 600-700,600-700,2026-07-22T05:40:48.224981+00:00,2026-07-22T05:40:48.224981+00:00,2026-07-19T18:00:13.970000+00:00,2026-07-19T21:30:16.850000+00:00,api.league-pro.com
35338,Tournament A18. League 700-800,700-800,2026-07-22T05:40:48.224981+00:00,2026-07-22T05:40:48.224981+00:00,2026-07-19T10:00:11.068000+00:00,2026-07-19T13:30:14.825000+00:00,api.league-pro.com
35339,Tournament A18. League 1000-1100,1000-1100,2026-07-22T05:40:48.224981+00:00,2026-07-22T05:40:48.224981+00:00,2026-07-19T14:00:10.497000+00:00,2026-07-19T17:30:09.132000+00:00,api.league-pro.com
35340,Tournament A18. League 1000-1100,1000-1100,2026-07-22T05:40:48.224981+00:00,2026-07-22T05:40:48.224981+00:00,2026-07-19T18:00:11.822000+00:00,2026-07-19T21:30:07.386000+00:00,api.league-pro.com
35341,Tournament A18. League 600-700,600-700,2026-07-22T05:40:48.224981+00:00,2026-07-22T05:40:48.224981+00:00,2026-07-19T06:00:19.556000+00:00,2026-07-19T09:30:21.562000+00:00,api.league-pro.com
35342,Tournament A17. League 400-450,400-450,2026-07-22T05:40:48.224981+00:00,2026-07-22T05:40:48.224981+00:00,2026-07-19T22:02:49.088000+00:00,2026-07-20T03:30:05.084000+00:00,api.league-pro.com
35343,Tournament A12. League 400-450,400-450,2026-07-22T05:40:48.224981+00:00,2026-07-22T05:40:48.224981+00:00,2026-07-20T06:00:08.176000+00:00,2026-07-20T09:30:06.774000+00:00,api.league-pro.com
35344,Tournament A12. League 900-1000,900-1000,2026-07-22T05:40:48.224981+00:00,2026-07-22T05:40:48.224981+00:00,2026-07-20T10:00:46.304000+00:00,2026-07-20T13:30:07.284000+00:00,api.league-pro.com
35345,Tournament A12. League 900-1000,900-1000,2026-07-22T05:40:48.224981+00:00,2026-07-22T05:40:48.224981+00:00,2026-07-20T14:00:10.912000+00:00,2026-07-20T17:30:08.894000+00:00,api.league-pro.com
35346,Tournament A12. League 800-900,800-900,2026-07-22T05:40:48.224981+00:00,2026-07-22T05:40:48.224981+00:00,2026-07-20T18:00:09.891000+00:00,2026-07-20T21:30:06.779000+00:00,api.league-pro.com
35347,Tournament A12. League 500-550,500-550,2026-07-22T05:40:48.224981+00:00,2026-07-22T05:40:48.224981+00:00,2026-07-20T22:00:13.529000+00:00,2026-07-21T03:31:35.451000+00:00,api.league-pro.com
35348,Tournament A14. League 700-800,700-800,2026-07-22T05:40:48.224981+00:00,2026-07-22T05:40:48.224981+00:00,2026-07-20T06:00:07.350000+00:00,2026-07-20T09:30:06.880000+00:00,api.league-pro.com
35349,Tournament A14. League 550-600,550-600,2026-07-22T05:40:48.224981+00:00,2026-07-22T05:40:48.224981+00:00,2026-07-20T10:00:22.239000+00:00,2026-07-20T13:30:11.044000+00:00,api.league-pro.com
35350,Tournament A14. League 1000-1100,1000-1100,2026-07-22T05:40:48.224981+00:00,2026-07-22T05:40:48.224981+00:00,2026-07-20T14:01:00.422000+00:00,2026-07-20T17:30:04.758000+00:00,api.league-pro.com
35351,Tournament A14. League 1000-1100,1000-1100,2026-07-22T05:40:48.224981+00:00,2026-07-22T05:40:48.224981+00:00,2026-07-20T18:00:09.572000+00:00,2026-07-20T21:31:20.236000+00:00,api.league-pro.com
35352,Tournament A14. League 550-600,550-600,2026-07-22T05:40:48.224981+00:00,2026-07-22T05:40:48.224981+00:00,2026-07-20T22:00:15.485000+00:00,2026-07-21T03:30:30.755000+00:00,api.league-pro.com
35353,Tournament A16. League 700-800,700-800,2026-07-22T05:40:48.224981+00:00,2026-07-22T05:40:48.224981+00:00,2026-07-20T06:00:09.102000+00:00,2026-07-20T10:00:09.658000+00:00,api.league-pro.com
35354,Tournament A16. League 450-500,450-500,2026-07-22T05:40:48.224981+00:00,2026-07-22T05:40:48.224981+00:00,2026-07-20T10:19:45.459000+00:00,2026-07-20T13:30:12.725000+00:00,api.league-pro.com
35355,Tournament A16. League 1000-1100,1000-1100,2026-07-22T05:40:48.224981+00:00,2026-07-22T05:40:48.224981+00:00,2026-07-20T14:00:07.331000+00:00,2026-07-20T17:30:18.079000+00:00,api.league-pro.com
35356,Tournament A16. League 1000-1100,1000-1100,2026-07-22T05:40:48.224981+00:00,2026-07-22T05:40:48.224981+00:00,2026-07-20T18:00:04.875000+00:00,2026-07-20T21:30:08.348000+00:00,api.league-pro.com
35357,Tournament A17. League 800-900,800-900,2026-07-22T05:40:48.224981+00:00,2026-07-22T05:40:48.224981+00:00,2026-07-20T06:00:28.509000+00:00,2026-07-20T09:30:25.470000+00:00,api.league-pro.com
35358,Tournament A17. League 800-900,800-900,2026-07-22T05:40:48.224981+00:00,2026-07-22T05:40:48.224981+00:00,2026-07-20T10:00:06.576000+00:00,2026-07-20T13:30:07.969000+00:00,api.league-pro.com
35359,Tournament A18. League 300-350,300-350,2026-07-22T05:40:48.224981+00:00,2026-07-22T05:40:48.224981+00:00,2026-07-20T10:00:12.577000+00:00,2026-07-20T13:30:09.853000+00:00,api.league-pro.com
35360,Tournament A18. League 900-1000,900-1000,2026-07-22T05:40:48.224981+00:00,2026-07-22T05:40:48.224981+00:00,2026-07-20T14:00:09.189000+00:00,2026-07-20T17:30:07.590000+00:00,api.league-pro.com
35361,Tournament A18. League 900-1000,900-1000,2026-07-22T05:40:48.224981+00:00,2026-07-22T05:40:48.224981+00:00,2026-07-20T18:00:10.580000+00:00,2026-07-20T21:30:10.658000+00:00,api.league-pro.com
35362,Tournament A18. League 700-800,700-800,2026-07-22T05:40:48.224981+00:00,2026-07-22T05:40:48.224981+00:00,2026-07-20T06:00:31.340000+00:00,2026-07-20T09:33:20.858000+00:00,api.league-pro.com
35363,Tournament A17. League 800-900,800-900,2026-07-22T05:40:48.224981+00:00,2026-07-22T05:40:48.224981+00:00,2026-07-20T14:00:09.677000+00:00,2026-07-20T17:30:11.160000+00:00,api.league-pro.com
35364,Tournament A17. League 600-700,600-700,2026-07-22T05:40:48.224981+00:00,2026-07-22T05:40:48.224981+00:00,2026-07-20T18:05:15.864000+00:00,2026-07-20T21:30:12.442000+00:00,api.league-pro.com
35365,Tournament A17. League 700-800,700-800,2026-07-22T05:40:48.224981+00:00,2026-07-22T05:40:48.224981+00:00,2026-07-20T22:00:03.724000+00:00,2026-07-21T03:30:02.711000+00:00,api.league-pro.com
35366,Tournament A12. League 700-800,700-800,2026-07-22T05:40:48.224981+00:00,2026-07-22T05:40:48.224981+00:00,2026-07-21T06:00:29.810000+00:00,2026-07-21T09:30:18.100000+00:00,api.league-pro.com
35367,Tournament A12. League 600-700,600-700,2026-07-22T05:40:48.224981+00:00,2026-07-22T05:40:48.224981+00:00,2026-07-21T10:00:27.256000+00:00,2026-07-21T13:30:10.699000+00:00,api.league-pro.com
35368,Tournament A12. League 500-550,500-550,2026-07-22T05:40:48.224981+00:00,2026-07-22T05:40:48.224981+00:00,2026-07-21T14:00:06.787000+00:00,2026-07-21T17:30:07.018000+00:00,api.league-pro.com
35369,Tournament A12. League 800-900,800-900,2026-07-22T05:40:48.224981+00:00,2026-07-22T05:40:48.224981+00:00,2026-07-21T18:00:07.767000+00:00,2026-07-21T21:30:09.658000+00:00,api.league-pro.com
35370,Tournament A14. League 300-350,300-350,2026-07-22T05:40:48.224981+00:00,2026-07-22T05:40:48.224981+00:00,2026-07-21T06:00:29.738000+00:00,2026-07-21T09:31:05.265000+00:00,api.league-pro.com
35371,Tournament A14. League 400-450,400-450,2026-07-22T05:40:48.224981+00:00,2026-07-22T05:40:48.224981+00:00,2026-07-21T10:00:35.984000+00:00,2026-07-21T13:30:35.529000+00:00,api.league-pro.com
35372,Tournament A14. League 400-450,400-450,2026-07-22T05:40:48.224981+00:00,2026-07-22T05:40:48.224981+00:00,2026-07-21T14:00:06.794000+00:00,2026-07-21T17:30:37.022000+00:00,api.league-pro.com
35373,Tournament A14. League 1000-1100,1000-1100,2026-07-22T05:40:48.224981+00:00,2026-07-22T05:40:48.224981+00:00,2026-07-21T18:00:18.429000+00:00,2026-07-21T21:30:38.428000+00:00,api.league-pro.com
35374,Tournament A16. League 550-600,550-600,2026-07-22T05:40:48.224981+00:00,2026-07-22T05:40:48.224981+00:00,2026-07-21T06:00:37.501000+00:00,2026-07-21T09:30:29.980000+00:00,api.league-pro.com
35375,Tournament A16. League 1000-1100,1000-1100,2026-07-22T05:40:48.224981+00:00,2026-07-22T05:40:48.224981+00:00,2026-07-21T10:02:16.365000+00:00,2026-07-21T13:30:13.491000+00:00,api.league-pro.com
35376,Tournament A16. League 1000-1100,1000-1100,2026-07-22T05:40:48.224981+00:00,2026-07-22T05:40:48.224981+00:00,2026-07-21T14:00:15.917000+00:00,2026-07-21T17:30:18.339000+00:00,api.league-pro.com
35377,Tournament A16. League 600-700,600-700,2026-07-22T05:40:48.224981+00:00,2026-07-22T05:40:48.224981+00:00,2026-07-21T18:00:10.864000+00:00,2026-07-21T21:30:08.456000+00:00,api.league-pro.com
35378,Tournament A18. League 1000-1100,1000-1100,2026-07-22T05:40:48.224981+00:00,2026-07-22T05:40:48.224981+00:00,2026-07-21T10:09:04.076000+00:00,2026-07-21T13:30:08.738000+00:00,api.league-pro.com
35379,Tournament A18. League 900-1000,900-1000,2026-07-22T05:40:48.224981+00:00,2026-07-22T05:40:48.224981+00:00,2026-07-21T14:00:09.878000+00:00,2026-07-21T17:30:10.432000+00:00,api.league-pro.com
35380,Tournament A18. League 700-800,700-800,2026-07-22T05:40:48.224981+00:00,2026-07-22T05:40:48.224981+00:00,2026-07-21T06:00:10.691000+00:00,2026-07-21T09:40:07.682000+00:00,api.league-pro.com
35381,Tournament A17. League 600-700,600-700,2026-07-22T05:40:48.224981+00:00,2026-07-22T05:40:48.224981+00:00,2026-07-21T06:00:19.395000+00:00,2026-07-21T09:30:09.173000+00:00,api.league-pro.com
35382,Tournament A17. League 900-1000,900-1000,2026-07-22T05:40:48.224981+00:00,2026-07-22T05:40:48.224981+00:00,2026-07-21T10:00:07.687000+00:00,2026-07-21T13:30:12.904000+00:00,api.league-pro.com
35383,Tournament A17. League 900-1000,900-1000,2026-07-22T05:40:48.224981+00:00,2026-07-22T05:40:48.224981+00:00,2026-07-21T14:00:15.757000+00:00,2026-07-21T17:30:16.202000+00:00,api.league-pro.com
35384,Tournament A17. League 700-800,700-800,2026-07-22T05:40:48.224981+00:00,2026-07-22T05:40:48.224981+00:00,2026-07-21T18:00:18.680000+00:00,2026-07-21T21:30:19.919000+00:00,api.league-pro.com
35385,Tournament A12. League 800-900,800-900,2026-07-22T05:40:48.224981+00:00,2026-07-22T05:40:48.224981+00:00,2026-07-21T22:00:03.348000+00:00,2026-07-22T03:30:08.666000+00:00,api.league-pro.com
35386,Tournament A18. League 500-550,500-550,2026-07-22T05:40:48.224981+00:00,2026-07-22T05:40:48.224981+00:00,2026-07-21T18:00:12.793000+00:00,2026-07-21T21:30:09.312000+00:00,api.league-pro.com
35387,Tournament A14. League 450-500,450-500,2026-07-22T05:40:48.224981+00:00,2026-07-22T05:40:48.224981+00:00,2026-07-21T22:00:39.299000+00:00,2026-07-22T03:30:06.806000+00:00,api.league-pro.com
35388,Tournament A17. League 700-800,700-800,2026-07-22T05:40:48.224981+00:00,2026-07-22T05:40:48.224981+00:00,2026-07-21T22:00:32.035000+00:00,2026-07-22T03:30:36.383000+00:00,api.league-pro.com
35389,Tournament A12. League 300-350,300-350,2026-07-22T05:40:48.224981+00:00,2026-07-22T05:40:48.224981+00:00,2026-07-22T06:00:00+00:00,2026-07-22T09:30:00+00:00,api.league-pro.com
35390,Tournament A12. League 300-350,300-350,2026-07-22T05:40:48.224981+00:00,2026-07-22T05:40:48.224981+00:00,2026-07-22T10:00:00+00:00,2026-07-22T13:30:00+00:00,api.league-pro.com
35391,Tournament A12. League 500-550,500-550,2026-07-22T05:40:48.224981+00:00,2026-07-22T05:40:48.224981+00:00,2026-07-22T14:00:00+00:00,2026-07-22T17:30:00+00:00,api.league-pro.com
35392,Tournament A12. League 800-900,800-900,2026-07-22T05:40:48.224981+00:00,2026-07-22T05:40:48.224981+00:00,2026-07-22T18:00:00+00:00,2026-07-22T21:30:00+00:00,api.league-pro.com
35393,Tournament A14. League 600-700,600-700,2026-07-22T05:40:48.224981+00:00,2026-07-22T05:40:48.224981+00:00,2026-07-22T06:00:00+00:00,2026-07-22T09:30:00+00:00,api.league-pro.com
35394,Tournament A14. League 550-600,550-600,2026-07-22T05:40:48.224981+00:00,2026-07-22T05:40:48.224981+00:00,2026-07-22T10:00:00+00:00,2026-07-22T13:30:00+00:00,api.league-pro.com
35395,Tournament A14. League 600-700,600-700,2026-07-22T05:40:48.224981+00:00,2026-07-22T05:40:48.224981+00:00,2026-07-22T14:00:00+00:00,2026-07-22T17:30:00+00:00,api.league-pro.com
35396,Tournament A14. League 400-450,400-450,2026-07-22T05:40:48.224981+00:00,2026-07-22T05:40:48.224981+00:00,2026-07-22T18:00:00+00:00,2026-07-22T21:30:00+00:00,api.league-pro.com
35397,Tournament A16. League 700-800,700-800,2026-07-22T05:40:48.224981+00:00,2026-07-22T05:40:48.224981+00:00,2026-07-22T06:00:00+00:00,2026-07-22T09:30:00+00:00,api.league-pro.com
35398,Tournament A16. League 700-800,700-800,2026-07-22T05:40:48.224981+00:00,2026-07-22T05:40:48.224981+00:00,2026-07-22T10:00:00+00:00,2026-07-22T13:30:00+00:00,api.league-pro.com
35399,Tournament A16. League 900-1000,900-1000,2026-07-22T05:40:48.224981+00:00,2026-07-22T05:40:48.224981+00:00,2026-07-22T14:00:00+00:00,2026-07-22T17:30:00+00:00,api.league-pro.com
35400,Tournament A16. League 550-600,550-600,2026-07-22T05:40:48.224981+00:00,2026-07-22T05:40:48.224981+00:00,2026-07-22T18:00:00+00:00,2026-07-22T21:30:00+00:00,api.league-pro.com
35401,Tournament A18. League 1000-1100,1000-1100,2026-07-22T05:40:48.224981+00:00,2026-07-22T05:40:48.224981+00:00,2026-07-22T10:00:00+00:00,2026-07-22T13:30:00+00:00,api.league-pro.com
35402,Tournament A18. League 600-700,600-700,2026-07-22T05:40:48.224981+00:00,2026-07-22T05:40:48.224981+00:00,2026-07-22T14:00:00+00:00,2026-07-22T17:30:00+00:00,api.league-pro.com
35403,Tournament A18. League 1000-1100,1000-1100,2026-07-22T05:40:48.224981+00:00,2026-07-22T05:40:48.224981+00:00,2026-07-22T06:00:00+00:00,2026-07-22T09:30:00+00:00,api.league-pro.com
35404,Tournament A17. League 400-450,400-450,2026-07-22T05:40:48.224981+00:00,2026-07-22T05:40:48.224981+00:00,2026-07-22T06:00:00+00:00,2026-07-22T09:30:00+00:00,api.league-pro.com
35405,Tournament A17. League 800-900,800-900,2026-07-22T05:40:48.224981+00:00,2026-07-22T05:40:48.224981+00:00,2026-07-22T10:00:00+00:00,2026-07-22T13:30:00+00:00,api.league-pro.com
35406,Tournament A17. League 800-900,800-900,2026-07-22T05:40:48.224981+00:00,2026-07-22T05:40:48.224981+00:00,2026-07-22T14:00:00+00:00,2026-07-22T17:30:00+00:00,api.league-pro.com
35407,Tournament A17. League 550-600,550-600,2026-07-22T05:40:48.224981+00:00,2026-07-22T05:40:48.224981+00:00,2026-07-22T18:00:00+00:00,2026-07-22T21:30:00+00:00,api.league-pro.com
35409,Tournament A18. League 600-700,600-700,2026-07-22T05:40:48.224981+00:00,2026-07-22T05:40:48.224981+00:00,2026-07-22T18:00:00+00:00,2026-07-22T21:30:00+00:00,api.league-pro.com
