match_id,tournament_id,tournament_name,league_band,scheduled_start_utc,scheduled_start_mountain,scheduled_start_prague,official_status,normalized_status,player_1_id,player_1_name,player_2_id,player_2_name,player_1_sets,player_2_sets,winner_player_id,winner_player_name,set_scores,completed_at_utc,calculated_finish_utc,calculated_finish_method,first_seen_at_utc,last_changed_at_utc,source_snapshot_id,source,data_quality,content_hash
277475,32903,Tournament A17. League 800-900,800-900,2026-04-06T00:00:06.965000+00:00,2026-04-05T18:00:06.965000-06:00,2026-04-06T02:00:06.965000+02:00,3,COMPLETED,1692,Petr Sebera,685,Ales Bayer,3,1,1692,Petr Sebera,,,2026-04-06T00:16:30.499000+00:00,SCHEDULED_START_PLUS_DURATION,2026-08-15T13:48:33.183594+00:00,2026-08-15T13:48:33.183594+00:00,6a021c31468ea5400198a8e9ee6703ac92c92dca8ab1642f58d5449477df90fc,api.league-pro.com,OK,fea4da0304e1279cd508d36716956c06ac4750c87ae3854aa09b18862b56e459
277375,32891,Tournament A14. League 700-800,700-800,2026-04-06T00:00:07.386000+00:00,2026-04-05T18:00:07.386000-06:00,2026-04-06T02:00:07.386000+02:00,3,COMPLETED,1673,Ba Hoang Tai Nguyen,837,Radim Pavelka,3,2,1673,Ba Hoang Tai Nguyen,,,2026-04-06T00:27:03.499000+00:00,SCHEDULED_START_PLUS_DURATION,2026-08-15T13:48:33.183594+00:00,2026-08-15T13:48:33.183594+00:00,6a021c31468ea5400198a8e9ee6703ac92c92dca8ab1642f58d5449477df90fc,api.league-pro.com,OK,2fd31be9d8181df61878846fab0808f40e8e67ef2356ae9b7457cbcdc497f973
277331,32886,Tournament A12. League 600-700,600-700,2026-04-06T00:00:11.956000+00:00,2026-04-05T18:00:11.956000-06:00,2026-04-06T02:00:11.956000+02:00,3,COMPLETED,934,Jiri Plachy,1434,Frantisek Briza,2,3,1434,Frantisek Briza,,,2026-04-06T00:27:07.852000+00:00,SCHEDULED_START_PLUS_DURATION,2026-08-15T13:48:33.183594+00:00,2026-08-15T13:48:33.183594+00:00,6a021c31468ea5400198a8e9ee6703ac92c92dca8ab1642f58d5449477df90fc,api.league-pro.com,OK,1322df9974dcdc3f19e9cf46be8cfbb2b12f81f0c75a27b7cfc702ff69eef7cd
277476,32903,Tournament A17. League 800-900,800-900,2026-04-06T00:30:07.180000+00:00,2026-04-05T18:30:07.180000-06:00,2026-04-06T02:30:07.180000+02:00,3,COMPLETED,809,Michal Regner,1563,Martin Sychra,3,0,809,Michal Regner,,,2026-04-06T00:43:01.453000+00:00,SCHEDULED_START_PLUS_DURATION,2026-08-15T13:48:33.183594+00:00,2026-08-15T13:48:33.183594+00:00,6a021c31468ea5400198a8e9ee6703ac92c92dca8ab1642f58d5449477df90fc,api.league-pro.com,OK,bc6078c62fbda2c5c4fca3bd3883660559b46f283de6e1fc726bd40700006158
277376,32891,Tournament A14. League 700-800,700-800,2026-04-06T00:30:08.024000+00:00,2026-04-05T18:30:08.024000-06:00,2026-04-06T02:30:08.024000+02:00,3,COMPLETED,822,Jaroslav Prokupek,1418,Tomas Dousa,3,2,822,Jaroslav Prokupek,,,2026-04-06T00:53:46.694000+00:00,SCHEDULED_START_PLUS_DURATION,2026-08-15T13:48:33.183594+00:00,2026-08-15T13:48:33.183594+00:00,6a021c31468ea5400198a8e9ee6703ac92c92dca8ab1642f58d5449477df90fc,api.league-pro.com,OK,62dad6e2aa7d68ad34a6ac5ada1afcfd6bb16d9323dd6a3e91e469b41610865f
277332,32886,Tournament A12. League 600-700,600-700,2026-04-06T00:30:11.855000+00:00,2026-04-05T18:30:11.855000-06:00,2026-04-06T02:30:11.855000+02:00,3,COMPLETED,1679,Jiri Dedek,952,Marek Placek,3,2,1679,Jiri Dedek,,,2026-04-06T01:03:11.010000+00:00,SCHEDULED_START_PLUS_DURATION,2026-08-15T13:48:33.183594+00:00,2026-08-15T13:48:33.183594+00:00,6a021c31468ea5400198a8e9ee6703ac92c92dca8ab1642f58d5449477df90fc,api.league-pro.com,OK,fbd86521889b0d267c3d6c067984265afb8e95ba1995c140da1a6688f5b0b83c
277477,32903,Tournament A17. League 800-900,800-900,2026-04-06T01:00:06.349000+00:00,2026-04-05T19:00:06.349000-06:00,2026-04-06T03:00:06.349000+02:00,3,COMPLETED,685,Ales Bayer,715,Karel Brozik,1,3,715,Karel Brozik,,,2026-04-06T01:17:13.635000+00:00,SCHEDULED_START_PLUS_DURATION,2026-08-15T13:48:33.183594+00:00,2026-08-15T13:48:33.183594+00:00,6a021c31468ea5400198a8e9ee6703ac92c92dca8ab1642f58d5449477df90fc,api.league-pro.com,OK,ccae031002b57e9efa29d35cf86e83fa38d5f38159b87a9d55f3bc86ee043eff
277377,32891,Tournament A14. League 700-800,700-800,2026-04-06T01:00:06.689000+00:00,2026-04-05T19:00:06.689000-06:00,2026-04-06T03:00:06.689000+02:00,3,COMPLETED,837,Radim Pavelka,1522,Tomas Barta,3,0,837,Radim Pavelka,,,2026-04-06T01:14:18.729000+00:00,SCHEDULED_START_PLUS_DURATION,2026-08-15T13:48:33.183594+00:00,2026-08-15T13:48:33.183594+00:00,6a021c31468ea5400198a8e9ee6703ac92c92dca8ab1642f58d5449477df90fc,api.league-pro.com,OK,bfceb79bfd5bb836dbc3e08dcc01fccdef201fe7b9757a33c80a7279ac6cecfd
277333,32886,Tournament A12. League 600-700,600-700,2026-04-06T01:04:45.213000+00:00,2026-04-05T19:04:45.213000-06:00,2026-04-06T03:04:45.213000+02:00,3,COMPLETED,1434,Frantisek Briza,1078,Kyryl Darin,3,0,1434,Frantisek Briza,,,2026-04-06T01:14:58.440000+00:00,SCHEDULED_START_PLUS_DURATION,2026-08-15T13:48:33.183594+00:00,2026-08-15T13:48:33.183594+00:00,6a021c31468ea5400198a8e9ee6703ac92c92dca8ab1642f58d5449477df90fc,api.league-pro.com,OK,816466489f1beb70b8e64f9a1e88a9eb10314c7c47393ca446382050344bfbdd
277478,32903,Tournament A17. League 800-900,800-900,2026-04-06T01:30:06.347000+00:00,2026-04-05T19:30:06.347000-06:00,2026-04-06T03:30:06.347000+02:00,3,COMPLETED,1563,Martin Sychra,1692,Petr Sebera,3,2,1563,Martin Sychra,,,2026-04-06T01:51:02.522000+00:00,SCHEDULED_START_PLUS_DURATION,2026-08-15T13:48:33.183594+00:00,2026-08-15T13:48:33.183594+00:00,6a021c31468ea5400198a8e9ee6703ac92c92dca8ab1642f58d5449477df90fc,api.league-pro.com,OK,c12272e59e88df544628bc9c58c42bae98492945f3b79343f1245577af6eec00
277378,32891,Tournament A14. League 700-800,700-800,2026-04-06T01:30:06.553000+00:00,2026-04-05T19:30:06.553000-06:00,2026-04-06T03:30:06.553000+02:00,3,COMPLETED,1418,Tomas Dousa,1673,Ba Hoang Tai Nguyen,0,3,1673,Ba Hoang Tai Nguyen,,,2026-04-06T01:40:46.053000+00:00,SCHEDULED_START_PLUS_DURATION,2026-08-15T13:48:33.183594+00:00,2026-08-15T13:48:33.183594+00:00,6a021c31468ea5400198a8e9ee6703ac92c92dca8ab1642f58d5449477df90fc,api.league-pro.com,OK,0e596758d58ec6bf89552137e3d68d91849f05769a119d4cb5ec640eacef61ad
277334,32886,Tournament A12. League 600-700,600-700,2026-04-06T01:30:15.079000+00:00,2026-04-05T19:30:15.079000-06:00,2026-04-06T03:30:15.079000+02:00,3,COMPLETED,952,Marek Placek,934,Jiri Plachy,2,3,934,Jiri Plachy,,,2026-04-06T01:50:55.709000+00:00,SCHEDULED_START_PLUS_DURATION,2026-08-15T13:48:33.183594+00:00,2026-08-15T13:48:33.183594+00:00,6a021c31468ea5400198a8e9ee6703ac92c92dca8ab1642f58d5449477df90fc,api.league-pro.com,OK,eb5e1ce43d6c2171fe01eb60351ea1a8f275f476556400a607fc8cb05075329d
277479,32903,Tournament A17. League 800-900,800-900,2026-04-06T02:00:06.350000+00:00,2026-04-05T20:00:06.350000-06:00,2026-04-06T04:00:06.350000+02:00,3,COMPLETED,685,Ales Bayer,809,Michal Regner,3,1,685,Ales Bayer,,,2026-04-06T02:19:34.374000+00:00,SCHEDULED_START_PLUS_DURATION,2026-08-15T13:48:33.183594+00:00,2026-08-15T13:48:33.183594+00:00,6a021c31468ea5400198a8e9ee6703ac92c92dca8ab1642f58d5449477df90fc,api.league-pro.com,OK,827eca6dacb9e25b2d156588d8d44851f4e04031563bc874b96aeca649606068
277335,32886,Tournament A12. League 600-700,600-700,2026-04-06T02:00:08.218000+00:00,2026-04-05T20:00:08.218000-06:00,2026-04-06T04:00:08.218000+02:00,3,COMPLETED,1434,Frantisek Briza,1679,Jiri Dedek,2,3,1679,Jiri Dedek,,,2026-04-06T02:24:21.034000+00:00,SCHEDULED_START_PLUS_DURATION,2026-08-15T13:48:33.183594+00:00,2026-08-15T13:48:33.183594+00:00,6a021c31468ea5400198a8e9ee6703ac92c92dca8ab1642f58d5449477df90fc,api.league-pro.com,OK,7daf6b0292b91a301ef4151e5bff906d9d4f53f58af14f217f7628b4bf824691
277379,32891,Tournament A14. League 700-800,700-800,2026-04-06T02:00:10.657000+00:00,2026-04-05T20:00:10.657000-06:00,2026-04-06T04:00:10.657000+02:00,3,COMPLETED,837,Radim Pavelka,822,Jaroslav Prokupek,0,3,822,Jaroslav Prokupek,,,2026-04-06T02:16:43.098000+00:00,SCHEDULED_START_PLUS_DURATION,2026-08-15T13:48:33.183594+00:00,2026-08-15T13:48:33.183594+00:00,6a021c31468ea5400198a8e9ee6703ac92c92dca8ab1642f58d5449477df90fc,api.league-pro.com,OK,5fd951dad4e307a00ecb63aa491419b876fa2e6de4ed49370d161bfbd334d1a1
277336,32886,Tournament A12. League 600-700,600-700,2026-04-06T02:30:03.489000+00:00,2026-04-05T20:30:03.489000-06:00,2026-04-06T04:30:03.489000+02:00,3,COMPLETED,934,Jiri Plachy,1078,Kyryl Darin,3,2,934,Jiri Plachy,,,2026-04-06T02:52:42.313000+00:00,SCHEDULED_START_PLUS_DURATION,2026-08-15T13:48:33.183594+00:00,2026-08-15T13:48:33.183594+00:00,6a021c31468ea5400198a8e9ee6703ac92c92dca8ab1642f58d5449477df90fc,api.league-pro.com,OK,d500823f0d9b46d0e4af966aca4358e552b479162623b76bdd72f3d6e58d31c6
277480,32903,Tournament A17. League 800-900,800-900,2026-04-06T02:30:06.587000+00:00,2026-04-05T20:30:06.587000-06:00,2026-04-06T04:30:06.587000+02:00,3,COMPLETED,1692,Petr Sebera,715,Karel Brozik,3,1,1692,Petr Sebera,,,2026-04-06T02:45:07.616000+00:00,SCHEDULED_START_PLUS_DURATION,2026-08-15T13:48:33.183594+00:00,2026-08-15T13:48:33.183594+00:00,6a021c31468ea5400198a8e9ee6703ac92c92dca8ab1642f58d5449477df90fc,api.league-pro.com,OK,db46a87c596e0928dbd25e654e62b9471528814011b8cb3b67bf612c6720d9af
277380,32891,Tournament A14. League 700-800,700-800,2026-04-06T02:30:13.682000+00:00,2026-04-05T20:30:13.682000-06:00,2026-04-06T04:30:13.682000+02:00,3,COMPLETED,1673,Ba Hoang Tai Nguyen,1522,Tomas Barta,2,3,1522,Tomas Barta,,,2026-04-06T02:49:22.251000+00:00,SCHEDULED_START_PLUS_DURATION,2026-08-15T13:48:33.183594+00:00,2026-08-15T13:48:33.183594+00:00,6a021c31468ea5400198a8e9ee6703ac92c92dca8ab1642f58d5449477df90fc,api.league-pro.com,OK,03d73dd6b43091f4c18e320ed9dfd8a818149fb5f851db2e5e02b890d794027e
277481,32903,Tournament A17. League 800-900,800-900,2026-04-06T03:00:05.697000+00:00,2026-04-05T21:00:05.697000-06:00,2026-04-06T05:00:05.697000+02:00,3,COMPLETED,809,Michal Regner,685,Ales Bayer,3,1,809,Michal Regner,,,2026-04-06T03:16:26.115000+00:00,SCHEDULED_START_PLUS_DURATION,2026-08-15T13:48:33.183594+00:00,2026-08-15T13:48:33.183594+00:00,6a021c31468ea5400198a8e9ee6703ac92c92dca8ab1642f58d5449477df90fc,api.league-pro.com,OK,3d1b5e35b4942186022161d5d9e7bd62af99445078db85f62cfd5201a84f4e95
277337,32886,Tournament A12. League 600-700,600-700,2026-04-06T03:00:06.761000+00:00,2026-04-05T21:00:06.761000-06:00,2026-04-06T05:00:06.761000+02:00,3,COMPLETED,1679,Jiri Dedek,952,Marek Placek,3,1,1679,Jiri Dedek,,,2026-04-06T03:16:33.781000+00:00,SCHEDULED_START_PLUS_DURATION,2026-08-15T13:48:33.183594+00:00,2026-08-15T13:48:33.183594+00:00,6a021c31468ea5400198a8e9ee6703ac92c92dca8ab1642f58d5449477df90fc,api.league-pro.com,OK,85ca7d0ed6abdc24d0e166a59dd1c041aa785f7d31bcbd07cb484c371dbc3809
277381,32891,Tournament A14. League 700-800,700-800,2026-04-06T03:00:08.072000+00:00,2026-04-05T21:00:08.072000-06:00,2026-04-06T05:00:08.072000+02:00,3,COMPLETED,837,Radim Pavelka,1673,Ba Hoang Tai Nguyen,3,2,837,Radim Pavelka,,,2026-04-06T03:24:58.846000+00:00,SCHEDULED_START_PLUS_DURATION,2026-08-15T13:48:33.183594+00:00,2026-08-15T13:48:33.183594+00:00,6a021c31468ea5400198a8e9ee6703ac92c92dca8ab1642f58d5449477df90fc,api.league-pro.com,OK,504cac3cd384020d14bd5060ebcda61b0207f4abb8fc8714d3c825044a4c3b47
277338,32886,Tournament A12. League 600-700,600-700,2026-04-06T03:30:04.247000+00:00,2026-04-05T21:30:04.247000-06:00,2026-04-06T05:30:04.247000+02:00,3,COMPLETED,1434,Frantisek Briza,934,Jiri Plachy,1,3,934,Jiri Plachy,,,2026-04-06T03:45:33.565000+00:00,SCHEDULED_START_PLUS_DURATION,2026-08-15T13:48:33.183594+00:00,2026-08-15T13:48:33.183594+00:00,6a021c31468ea5400198a8e9ee6703ac92c92dca8ab1642f58d5449477df90fc,api.league-pro.com,OK,77459832126b0b43cfd5b42f27df41ea56f02542464e3821d85730e42f9d648e
277482,32903,Tournament A17. League 800-900,800-900,2026-04-06T03:30:06.794000+00:00,2026-04-05T21:30:06.794000-06:00,2026-04-06T05:30:06.794000+02:00,3,COMPLETED,1692,Petr Sebera,1563,Martin Sychra,3,0,1692,Petr Sebera,,,2026-04-06T03:39:02.778000+00:00,SCHEDULED_START_PLUS_DURATION,2026-08-15T13:48:33.183594+00:00,2026-08-15T13:48:33.183594+00:00,6a021c31468ea5400198a8e9ee6703ac92c92dca8ab1642f58d5449477df90fc,api.league-pro.com,OK,b75c8a180ea25d93c0845da4e164f42e9a7be984b8544d2072312b751aea16bd
277382,32891,Tournament A14. League 700-800,700-800,2026-04-06T03:30:09.741000+00:00,2026-04-05T21:30:09.741000-06:00,2026-04-06T05:30:09.741000+02:00,3,COMPLETED,822,Jaroslav Prokupek,1522,Tomas Barta,3,1,822,Jaroslav Prokupek,,,2026-04-06T03:44:03.271000+00:00,SCHEDULED_START_PLUS_DURATION,2026-08-15T13:48:33.183594+00:00,2026-08-15T13:48:33.183594+00:00,6a021c31468ea5400198a8e9ee6703ac92c92dca8ab1642f58d5449477df90fc,api.league-pro.com,OK,214f527d15cda8d417c389d1d6d83d6c2d3d220a7aa83eefdd2ddd015e21f139
277579,32915,Tournament A16. League 550-600,550-600,2026-04-06T06:00:11+00:00,2026-04-06T00:00:11-06:00,2026-04-06T08:00:11+02:00,3,COMPLETED,1757,David Heczko,1736,Roman Guliak,0,3,1736,Roman Guliak,,,2026-04-06T06:13:33.847000+00:00,SCHEDULED_START_PLUS_DURATION,2026-08-15T13:48:33.183594+00:00,2026-08-15T13:48:33.183594+00:00,6a021c31468ea5400198a8e9ee6703ac92c92dca8ab1642f58d5449477df90fc,api.league-pro.com,OK,c22428e24bb5c106022c5ca0f1419a86ca145d252b213d83a47eacd37807f01c
277635,32922,Tournament A18. League 900-1000,900-1000,2026-04-06T06:00:11.919000+00:00,2026-04-06T00:00:11.919000-06:00,2026-04-06T08:00:11.919000+02:00,3,COMPLETED,1705,Michal Cabis,996,Tadeas Zika,3,0,1705,Michal Cabis,,,2026-04-06T06:13:13.278000+00:00,SCHEDULED_START_PLUS_DURATION,2026-08-15T13:48:33.183594+00:00,2026-08-15T13:48:33.183594+00:00,6a021c31468ea5400198a8e9ee6703ac92c92dca8ab1642f58d5449477df90fc,api.league-pro.com,OK,acf6a45c01f099f043c04b7319ebddb2641c22f08dd9de525cf91ad8ae80c2aa
277611,32919,Tournament A17. League 550-600,550-600,2026-04-06T06:00:20.534000+00:00,2026-04-06T00:00:20.534000-06:00,2026-04-06T08:00:20.534000+02:00,3,COMPLETED,1607,David Horak,1751,Jiri Havel,3,2,1607,David Horak,,,2026-04-06T06:18:17.735000+00:00,SCHEDULED_START_PLUS_DURATION,2026-08-15T13:48:33.183594+00:00,2026-08-15T13:48:33.183594+00:00,6a021c31468ea5400198a8e9ee6703ac92c92dca8ab1642f58d5449477df90fc,api.league-pro.com,OK,3d37fc59a3ebc19c4ef4a122cf5c5df63ac640f1aa044a7fa8ac77447aa1dcbf
277491,32905,Tournament A12. League 450-500,450-500,2026-04-06T06:00:21.133000+00:00,2026-04-06T00:00:21.133000-06:00,2026-04-06T08:00:21.133000+02:00,3,COMPLETED,1499,Milan Chalupnicek,942,Jaroslav Strnad,3,1,1499,Milan Chalupnicek,,,2026-04-06T06:24:52.601000+00:00,SCHEDULED_START_PLUS_DURATION,2026-08-15T13:48:33.183594+00:00,2026-08-15T13:48:33.183594+00:00,6a021c31468ea5400198a8e9ee6703ac92c92dca8ab1642f58d5449477df90fc,api.league-pro.com,OK,422387843c74f074cc927096e8232b353efba3582eba24d319e43e38b755d2e8
277535,32910,Tournament A14. League 500-550,500-550,2026-04-06T06:00:42.012000+00:00,2026-04-06T00:00:42.012000-06:00,2026-04-06T08:00:42.012000+02:00,3,COMPLETED,894,Lubor Sulava,825,Milan Regner,1,3,825,Milan Regner,,,2026-04-06T06:25:28.106000+00:00,SCHEDULED_START_PLUS_DURATION,2026-08-15T13:48:33.183594+00:00,2026-08-15T13:48:33.183594+00:00,6a021c31468ea5400198a8e9ee6703ac92c92dca8ab1642f58d5449477df90fc,api.league-pro.com,OK,c12f28cd603d94eed0812af93b1b55a5e48f45ed1266b13d50431d0ad40c4d04
277636,32922,Tournament A18. League 900-1000,900-1000,2026-04-06T06:30:11.974000+00:00,2026-04-06T00:30:11.974000-06:00,2026-04-06T08:30:11.974000+02:00,3,COMPLETED,1046,Radomir Revay,1835,Lukas Velebil,3,2,1046,Radomir Revay,,,2026-04-06T06:52:36.531000+00:00,SCHEDULED_START_PLUS_DURATION,2026-08-15T13:48:33.183594+00:00,2026-08-15T13:48:33.183594+00:00,6a021c31468ea5400198a8e9ee6703ac92c92dca8ab1642f58d5449477df90fc,api.league-pro.com,OK,7ff39a3a0d7f4ee479cff11090b3bcf1f335edcded6b1990bdd40454386e191b
277580,32915,Tournament A16. League 550-600,550-600,2026-04-06T06:30:12.035000+00:00,2026-04-06T00:30:12.035000-06:00,2026-04-06T08:30:12.035000+02:00,3,COMPLETED,1546,Petr Osvald,1805,Ivo Taichman,0,3,1805,Ivo Taichman,,,2026-04-06T06:42:09.412000+00:00,SCHEDULED_START_PLUS_DURATION,2026-08-15T13:48:33.183594+00:00,2026-08-15T13:48:33.183594+00:00,6a021c31468ea5400198a8e9ee6703ac92c92dca8ab1642f58d5449477df90fc,api.league-pro.com,OK,2288b2e896408b4753735901a29687727c36dd52c833a5227d7cab8757a96ab2
277612,32919,Tournament A17. League 550-600,550-600,2026-04-06T06:30:12.995000+00:00,2026-04-06T00:30:12.995000-06:00,2026-04-06T08:30:12.995000+02:00,3,COMPLETED,1670,Milos Pospisil,866,Vaclav Dolezal,3,1,1670,Milos Pospisil,,,2026-04-06T06:45:40.309000+00:00,SCHEDULED_START_PLUS_DURATION,2026-08-15T13:48:33.183594+00:00,2026-08-15T13:48:33.183594+00:00,6a021c31468ea5400198a8e9ee6703ac92c92dca8ab1642f58d5449477df90fc,api.league-pro.com,OK,55c507feb0f7637b75255092524a674871aa3c34556240bd50f4a39777db42f5
277492,32905,Tournament A12. League 450-500,450-500,2026-04-06T06:30:23.836000+00:00,2026-04-06T00:30:23.836000-06:00,2026-04-06T08:30:23.836000+02:00,3,COMPLETED,1813,Pavel Drazan,1621,Milan Cetner,0,3,1621,Milan Cetner,,,2026-04-06T06:40:39.540000+00:00,SCHEDULED_START_PLUS_DURATION,2026-08-15T13:48:33.183594+00:00,2026-08-15T13:48:33.183594+00:00,6a021c31468ea5400198a8e9ee6703ac92c92dca8ab1642f58d5449477df90fc,api.league-pro.com,OK,bb79f2b6fe456a28bcaf3ec4ae347abc518eea023047ce5c0dbf935fe0a54b6d
277536,32910,Tournament A14. League 500-550,500-550,2026-04-06T06:30:39.492000+00:00,2026-04-06T00:30:39.492000-06:00,2026-04-06T08:30:39.492000+02:00,3,COMPLETED,1070,Jan Briska,824,Milan Kolar,1,3,824,Milan Kolar,,,2026-04-06T06:54:30.851000+00:00,SCHEDULED_START_PLUS_DURATION,2026-08-15T13:48:33.183594+00:00,2026-08-15T13:48:33.183594+00:00,6a021c31468ea5400198a8e9ee6703ac92c92dca8ab1642f58d5449477df90fc,api.league-pro.com,OK,02fab27c49f0e6194a3eedb93df88bd7169a51a49972eecfc6a1c3ca1d5a046c
277613,32919,Tournament A17. League 550-600,550-600,2026-04-06T07:00:08.175000+00:00,2026-04-06T01:00:08.175000-06:00,2026-04-06T09:00:08.175000+02:00,3,COMPLETED,1751,Jiri Havel,1670,Milos Pospisil,3,1,1751,Jiri Havel,,,2026-04-06T07:19:22.730000+00:00,SCHEDULED_START_PLUS_DURATION,2026-08-15T13:48:33.183594+00:00,2026-08-15T13:48:33.183594+00:00,6a021c31468ea5400198a8e9ee6703ac92c92dca8ab1642f58d5449477df90fc,api.league-pro.com,OK,f266781ee9ba3fb1efce3b0fa9411358f971bb52671f52720a10e2d117bfefc5
277637,32922,Tournament A18. League 900-1000,900-1000,2026-04-06T07:00:11.500000+00:00,2026-04-06T01:00:11.500000-06:00,2026-04-06T09:00:11.500000+02:00,3,COMPLETED,996,Tadeas Zika,1046,Radomir Revay,1,3,1046,Radomir Revay,,,2026-04-06T07:17:07.936000+00:00,SCHEDULED_START_PLUS_DURATION,2026-08-15T13:48:33.183594+00:00,2026-08-15T13:48:33.183594+00:00,6a021c31468ea5400198a8e9ee6703ac92c92dca8ab1642f58d5449477df90fc,api.league-pro.com,OK,bff41b20a2ac5bb47a5fd2b40f89c79c27431be2ad1dc64a14afbfb7ecb93458
277581,32915,Tournament A16. League 550-600,550-600,2026-04-06T07:00:12.650000+00:00,2026-04-06T01:00:12.650000-06:00,2026-04-06T09:00:12.650000+02:00,3,COMPLETED,1736,Roman Guliak,1546,Petr Osvald,2,3,1546,Petr Osvald,,,2026-04-06T07:24:36.257000+00:00,SCHEDULED_START_PLUS_DURATION,2026-08-15T13:48:33.183594+00:00,2026-08-15T13:48:33.183594+00:00,6a021c31468ea5400198a8e9ee6703ac92c92dca8ab1642f58d5449477df90fc,api.league-pro.com,OK,8e0b67086fcb700010e622de37e29600c8aaae867d245a6151a1e3ef2ee6bbf8
277537,32910,Tournament A14. League 500-550,500-550,2026-04-06T07:00:26.625000+00:00,2026-04-06T01:00:26.625000-06:00,2026-04-06T09:00:26.625000+02:00,3,COMPLETED,825,Milan Regner,1070,Jan Briska,0,3,1070,Jan Briska,,,2026-04-06T07:16:00.673000+00:00,SCHEDULED_START_PLUS_DURATION,2026-08-15T13:48:33.183594+00:00,2026-08-15T13:48:33.183594+00:00,6a021c31468ea5400198a8e9ee6703ac92c92dca8ab1642f58d5449477df90fc,api.league-pro.com,OK,a0421b705b83c4b3e838c7434c1bd2a7e5ee9badc340c45d0d2925d6cadced7f
277493,32905,Tournament A12. League 450-500,450-500,2026-04-06T07:00:58.921000+00:00,2026-04-06T01:00:58.921000-06:00,2026-04-06T09:00:58.921000+02:00,3,COMPLETED,942,Jaroslav Strnad,1813,Pavel Drazan,1,3,1813,Pavel Drazan,,,2026-04-06T07:22:15.269000+00:00,SCHEDULED_START_PLUS_DURATION,2026-08-15T13:48:33.183594+00:00,2026-08-15T13:48:33.183594+00:00,6a021c31468ea5400198a8e9ee6703ac92c92dca8ab1642f58d5449477df90fc,api.league-pro.com,OK,b5c6b5a9d078a4e990a2c20abce2a9ddd1a5cf4e66600be96c6dc3dddc5ab2b8
277614,32919,Tournament A17. League 550-600,550-600,2026-04-06T07:30:10.137000+00:00,2026-04-06T01:30:10.137000-06:00,2026-04-06T09:30:10.137000+02:00,3,COMPLETED,866,Vaclav Dolezal,1607,David Horak,0,3,1607,David Horak,,,2026-04-06T07:42:03.486000+00:00,SCHEDULED_START_PLUS_DURATION,2026-08-15T13:48:33.183594+00:00,2026-08-15T13:48:33.183594+00:00,6a021c31468ea5400198a8e9ee6703ac92c92dca8ab1642f58d5449477df90fc,api.league-pro.com,OK,fc9f5189cb3e31a35665a865592859bfe3aa59559e003c4a2922ce1b91919e04
277638,32922,Tournament A18. League 900-1000,900-1000,2026-04-06T07:30:17.042000+00:00,2026-04-06T01:30:17.042000-06:00,2026-04-06T09:30:17.042000+02:00,3,COMPLETED,1835,Lukas Velebil,1705,Michal Cabis,3,1,1835,Lukas Velebil,,,2026-04-06T07:56:45.484000+00:00,SCHEDULED_START_PLUS_DURATION,2026-08-15T13:48:33.183594+00:00,2026-08-15T13:48:33.183594+00:00,6a021c31468ea5400198a8e9ee6703ac92c92dca8ab1642f58d5449477df90fc,api.league-pro.com,OK,cd05fb2b782de60624afc1859333a48683597bee490d415efc68bdaff03379f1
277582,32915,Tournament A16. League 550-600,550-600,2026-04-06T07:30:17.454000+00:00,2026-04-06T01:30:17.454000-06:00,2026-04-06T09:30:17.454000+02:00,3,COMPLETED,1805,Ivo Taichman,1757,David Heczko,3,2,1805,Ivo Taichman,,,2026-04-06T07:51:38.081000+00:00,SCHEDULED_START_PLUS_DURATION,2026-08-15T13:48:33.183594+00:00,2026-08-15T13:48:33.183594+00:00,6a021c31468ea5400198a8e9ee6703ac92c92dca8ab1642f58d5449477df90fc,api.league-pro.com,OK,f260014061f5cce970756047b0b431b41a8b84207f9f55d63e35430b8577c070
277538,32910,Tournament A14. League 500-550,500-550,2026-04-06T07:30:22.833000+00:00,2026-04-06T01:30:22.833000-06:00,2026-04-06T09:30:22.833000+02:00,3,COMPLETED,824,Milan Kolar,894,Lubor Sulava,2,3,894,Lubor Sulava,,,2026-04-06T07:59:20.585000+00:00,SCHEDULED_START_PLUS_DURATION,2026-08-15T13:48:33.183594+00:00,2026-08-15T13:48:33.183594+00:00,6a021c31468ea5400198a8e9ee6703ac92c92dca8ab1642f58d5449477df90fc,api.league-pro.com,OK,410d92ba97c4511a4f9f3994bdfcdee27ff946b8e1ec522bb8328f44fc51a3d6
277494,32905,Tournament A12. League 450-500,450-500,2026-04-06T07:30:27.961000+00:00,2026-04-06T01:30:27.961000-06:00,2026-04-06T09:30:27.961000+02:00,3,COMPLETED,1621,Milan Cetner,1499,Milan Chalupnicek,2,3,1499,Milan Chalupnicek,,,2026-04-06T07:56:52.278000+00:00,SCHEDULED_START_PLUS_DURATION,2026-08-15T13:48:33.183594+00:00,2026-08-15T13:48:33.183594+00:00,6a021c31468ea5400198a8e9ee6703ac92c92dca8ab1642f58d5449477df90fc,api.league-pro.com,OK,e90013e5d3fe5c3421ff6753fa4ca8e38e9f87ed3f374604adcbf6994f953f07
277615,32919,Tournament A17. League 550-600,550-600,2026-04-06T08:00:09.312000+00:00,2026-04-06T02:00:09.312000-06:00,2026-04-06T10:00:09.312000+02:00,3,COMPLETED,1607,David Horak,1670,Milos Pospisil,3,0,1607,David Horak,,,2026-04-06T08:13:45.142000+00:00,SCHEDULED_START_PLUS_DURATION,2026-08-15T13:48:33.183594+00:00,2026-08-15T13:48:33.183594+00:00,6a021c31468ea5400198a8e9ee6703ac92c92dca8ab1642f58d5449477df90fc,api.league-pro.com,OK,c6b09755bfa1abe6b04b5b47fcb71d31f08a1ae44cca08396f4083a7136610a8
277583,32915,Tournament A16. League 550-600,550-600,2026-04-06T08:00:23.664000+00:00,2026-04-06T02:00:23.664000-06:00,2026-04-06T10:00:23.664000+02:00,3,COMPLETED,1757,David Heczko,1546,Petr Osvald,3,2,1757,David Heczko,,,2026-04-06T08:23:16.886000+00:00,SCHEDULED_START_PLUS_DURATION,2026-08-15T13:48:33.183594+00:00,2026-08-15T13:48:33.183594+00:00,6a021c31468ea5400198a8e9ee6703ac92c92dca8ab1642f58d5449477df90fc,api.league-pro.com,OK,3349c19d7be5bfb6ab0c33a0df1575839c7fc7b370223317c6db42357adcba7f
277495,32905,Tournament A12. League 450-500,450-500,2026-04-06T08:00:36.071000+00:00,2026-04-06T02:00:36.071000-06:00,2026-04-06T10:00:36.071000+02:00,3,COMPLETED,1499,Milan Chalupnicek,1813,Pavel Drazan,2,3,1813,Pavel Drazan,,,2026-04-06T08:21:11.275000+00:00,SCHEDULED_START_PLUS_DURATION,2026-08-15T13:48:33.183594+00:00,2026-08-15T13:48:33.183594+00:00,6a021c31468ea5400198a8e9ee6703ac92c92dca8ab1642f58d5449477df90fc,api.league-pro.com,OK,928013adae3e42e7854bec11e5f15d549e87033238b00e9207c26c9c69b93299
277639,32922,Tournament A18. League 900-1000,900-1000,2026-04-06T08:01:16.537000+00:00,2026-04-06T02:01:16.537000-06:00,2026-04-06T10:01:16.537000+02:00,3,COMPLETED,1705,Michal Cabis,1046,Radomir Revay,3,2,1705,Michal Cabis,,,2026-04-06T08:28:05.127000+00:00,SCHEDULED_START_PLUS_DURATION,2026-08-15T13:48:33.183594+00:00,2026-08-15T13:48:33.183594+00:00,6a021c31468ea5400198a8e9ee6703ac92c92dca8ab1642f58d5449477df90fc,api.league-pro.com,OK,93aedc47cf026af3107a6ea3e3e9199e9dc1fe610977ab972d2039903396ac0e
277539,32910,Tournament A14. League 500-550,500-550,2026-04-06T08:02:21.546000+00:00,2026-04-06T02:02:21.546000-06:00,2026-04-06T10:02:21.546000+02:00,3,COMPLETED,894,Lubor Sulava,1070,Jan Briska,2,3,1070,Jan Briska,,,2026-04-06T08:29:16.220000+00:00,SCHEDULED_START_PLUS_DURATION,2026-08-15T13:48:33.183594+00:00,2026-08-15T13:48:33.183594+00:00,6a021c31468ea5400198a8e9ee6703ac92c92dca8ab1642f58d5449477df90fc,api.league-pro.com,OK,3389d77e406eb7c101498b4577f9ba321bd3a8b4edd179da00061e23333952c0
277616,32919,Tournament A17. League 550-600,550-600,2026-04-06T08:30:15.812000+00:00,2026-04-06T02:30:15.812000-06:00,2026-04-06T10:30:15.812000+02:00,3,COMPLETED,1751,Jiri Havel,866,Vaclav Dolezal,3,2,1751,Jiri Havel,,,2026-04-06T08:47:53.798000+00:00,SCHEDULED_START_PLUS_DURATION,2026-08-15T13:48:33.183594+00:00,2026-08-15T13:48:33.183594+00:00,6a021c31468ea5400198a8e9ee6703ac92c92dca8ab1642f58d5449477df90fc,api.league-pro.com,OK,2911982491f5192435606654af4f3d78e3ea46d4330b7634095e8c3a66059e93
277584,32915,Tournament A16. League 550-600,550-600,2026-04-06T08:30:17.306000+00:00,2026-04-06T02:30:17.306000-06:00,2026-04-06T10:30:17.306000+02:00,3,COMPLETED,1736,Roman Guliak,1805,Ivo Taichman,0,3,1805,Ivo Taichman,,,2026-04-06T08:43:21.324000+00:00,SCHEDULED_START_PLUS_DURATION,2026-08-15T13:48:33.183594+00:00,2026-08-15T13:48:33.183594+00:00,6a021c31468ea5400198a8e9ee6703ac92c92dca8ab1642f58d5449477df90fc,api.league-pro.com,OK,68a203f11f14e70a78fa1af571fdb5324dbf1821b42a3be12b343d4329474125
277496,32905,Tournament A12. League 450-500,450-500,2026-04-06T08:30:26.405000+00:00,2026-04-06T02:30:26.405000-06:00,2026-04-06T10:30:26.405000+02:00,3,COMPLETED,942,Jaroslav Strnad,1621,Milan Cetner,2,3,1621,Milan Cetner,,,2026-04-06T08:57:36.284000+00:00,SCHEDULED_START_PLUS_DURATION,2026-08-15T13:48:33.183594+00:00,2026-08-15T13:48:33.183594+00:00,6a021c31468ea5400198a8e9ee6703ac92c92dca8ab1642f58d5449477df90fc,api.league-pro.com,OK,e03d6e32fb0ef691b1158b93d7dd8dff606cf7cd07888107c08ad0b5dfe92a57
277640,32922,Tournament A18. League 900-1000,900-1000,2026-04-06T08:30:47.290000+00:00,2026-04-06T02:30:47.290000-06:00,2026-04-06T10:30:47.290000+02:00,3,COMPLETED,996,Tadeas Zika,1835,Lukas Velebil,1,3,1835,Lukas Velebil,,,2026-04-06T08:46:49.345000+00:00,SCHEDULED_START_PLUS_DURATION,2026-08-15T13:48:33.183594+00:00,2026-08-15T13:48:33.183594+00:00,6a021c31468ea5400198a8e9ee6703ac92c92dca8ab1642f58d5449477df90fc,api.league-pro.com,OK,98ed3604a89ba50b5d3aabdd2863ddd4c1ae808c53637d39287b6bc8f64247f6
277540,32910,Tournament A14. League 500-550,500-550,2026-04-06T08:32:06.643000+00:00,2026-04-06T02:32:06.643000-06:00,2026-04-06T10:32:06.643000+02:00,3,COMPLETED,825,Milan Regner,824,Milan Kolar,1,3,824,Milan Kolar,,,2026-04-06T08:49:21.328000+00:00,SCHEDULED_START_PLUS_DURATION,2026-08-15T13:48:33.183594+00:00,2026-08-15T13:48:33.183594+00:00,6a021c31468ea5400198a8e9ee6703ac92c92dca8ab1642f58d5449477df90fc,api.league-pro.com,OK,d4d34add08940bc125b3e7ab2732f27e9dc8efb627ae99c05d14c4c9e0e6de81
277617,32919,Tournament A17. League 550-600,550-600,2026-04-06T09:00:14.602000+00:00,2026-04-06T03:00:14.602000-06:00,2026-04-06T11:00:14.602000+02:00,3,COMPLETED,1670,Milos Pospisil,866,Vaclav Dolezal,3,2,1670,Milos Pospisil,,,2026-04-06T09:20:44.410000+00:00,SCHEDULED_START_PLUS_DURATION,2026-08-15T13:48:33.183594+00:00,2026-08-15T13:48:33.183594+00:00,6a021c31468ea5400198a8e9ee6703ac92c92dca8ab1642f58d5449477df90fc,api.league-pro.com,OK,2474fe67f2937ff21c80dc822b50cae4d14e26cac00fbe9cca0ab97c5767c636
277585,32915,Tournament A16. League 550-600,550-600,2026-04-06T09:00:16.799000+00:00,2026-04-06T03:00:16.799000-06:00,2026-04-06T11:00:16.799000+02:00,3,COMPLETED,1757,David Heczko,1546,Petr Osvald,3,1,1757,David Heczko,,,2026-04-06T09:19:12.030000+00:00,SCHEDULED_START_PLUS_DURATION,2026-08-15T13:48:33.183594+00:00,2026-08-15T13:48:33.183594+00:00,6a021c31468ea5400198a8e9ee6703ac92c92dca8ab1642f58d5449477df90fc,api.league-pro.com,OK,ffa767c48a81771c6058d36f0efd41fb0508f3ac14cff5c6fa3c466f867a941f
277641,32922,Tournament A18. League 900-1000,900-1000,2026-04-06T09:00:19.838000+00:00,2026-04-06T03:00:19.838000-06:00,2026-04-06T11:00:19.838000+02:00,3,COMPLETED,1705,Michal Cabis,996,Tadeas Zika,2,3,996,Tadeas Zika,,,2026-04-06T09:23:49.806000+00:00,SCHEDULED_START_PLUS_DURATION,2026-08-15T13:48:33.183594+00:00,2026-08-15T13:48:33.183594+00:00,6a021c31468ea5400198a8e9ee6703ac92c92dca8ab1642f58d5449477df90fc,api.league-pro.com,OK,7b4d3ad621d7feffdf3ae80bc18794b9c106eaa8f41abb1432b0fc8fa37ab368
277541,32910,Tournament A14. League 500-550,500-550,2026-04-06T09:00:47.368000+00:00,2026-04-06T03:00:47.368000-06:00,2026-04-06T11:00:47.368000+02:00,3,COMPLETED,894,Lubor Sulava,825,Milan Regner,3,2,894,Lubor Sulava,,,2026-04-06T09:23:14.558000+00:00,SCHEDULED_START_PLUS_DURATION,2026-08-15T13:48:33.183594+00:00,2026-08-15T13:48:33.183594+00:00,6a021c31468ea5400198a8e9ee6703ac92c92dca8ab1642f58d5449477df90fc,api.league-pro.com,OK,5fd55ff4f6e1d3c0e683816c6ba0c9da680027dbda9b5c92a5b438b40f70c09d
277497,32905,Tournament A12. League 450-500,450-500,2026-04-06T09:08:59.644000+00:00,2026-04-06T03:08:59.644000-06:00,2026-04-06T11:08:59.644000+02:00,3,COMPLETED,1813,Pavel Drazan,942,Jaroslav Strnad,3,1,1813,Pavel Drazan,,,2026-04-06T09:27:34.767000+00:00,SCHEDULED_START_PLUS_DURATION,2026-08-15T13:48:33.183594+00:00,2026-08-15T13:48:33.183594+00:00,6a021c31468ea5400198a8e9ee6703ac92c92dca8ab1642f58d5449477df90fc,api.league-pro.com,OK,fd98cff4c8d311ce6da235074b95ea36010bebd40baa107cdd3891bae537c5b7
277542,32910,Tournament A14. League 500-550,500-550,2026-04-06T09:30:11.205000+00:00,2026-04-06T03:30:11.205000-06:00,2026-04-06T11:30:11.205000+02:00,3,COMPLETED,824,Milan Kolar,1070,Jan Briska,3,0,824,Milan Kolar,,,2026-04-06T09:44:43.496000+00:00,SCHEDULED_START_PLUS_DURATION,2026-08-15T13:48:33.183594+00:00,2026-08-15T13:48:33.183594+00:00,6a021c31468ea5400198a8e9ee6703ac92c92dca8ab1642f58d5449477df90fc,api.league-pro.com,OK,592f04e42073c1905af76f7ea8f019a6527d6cc227bb093ee9bf041947869e17
277642,32922,Tournament A18. League 900-1000,900-1000,2026-04-06T09:30:11.675000+00:00,2026-04-06T03:30:11.675000-06:00,2026-04-06T11:30:11.675000+02:00,3,COMPLETED,1835,Lukas Velebil,1046,Radomir Revay,3,0,1835,Lukas Velebil,,,2026-04-06T09:44:54.017000+00:00,SCHEDULED_START_PLUS_DURATION,2026-08-15T13:48:33.183594+00:00,2026-08-15T13:48:33.183594+00:00,6a021c31468ea5400198a8e9ee6703ac92c92dca8ab1642f58d5449477df90fc,api.league-pro.com,OK,48dfcd2380ea3f7d306f334e8e6e56320150f797255c94811fd75f83898449cc
277618,32919,Tournament A17. League 550-600,550-600,2026-04-06T09:30:17.936000+00:00,2026-04-06T03:30:17.936000-06:00,2026-04-06T11:30:17.936000+02:00,3,COMPLETED,1607,David Horak,1751,Jiri Havel,1,3,1751,Jiri Havel,,,2026-04-06T09:46:11.130000+00:00,SCHEDULED_START_PLUS_DURATION,2026-08-15T13:48:33.183594+00:00,2026-08-15T13:48:33.183594+00:00,6a021c31468ea5400198a8e9ee6703ac92c92dca8ab1642f58d5449477df90fc,api.league-pro.com,OK,3894603cc287c23f3152cbd69634c24624956fd3f35e3def19ae1d6aff7571c6
277586,32915,Tournament A16. League 550-600,550-600,2026-04-06T09:30:25.496000+00:00,2026-04-06T03:30:25.496000-06:00,2026-04-06T11:30:25.496000+02:00,3,COMPLETED,1805,Ivo Taichman,1736,Roman Guliak,1,3,1736,Roman Guliak,,,2026-04-06T09:47:12.315000+00:00,SCHEDULED_START_PLUS_DURATION,2026-08-15T13:48:33.183594+00:00,2026-08-15T13:48:33.183594+00:00,6a021c31468ea5400198a8e9ee6703ac92c92dca8ab1642f58d5449477df90fc,api.league-pro.com,OK,60603c57c0176a212a3bf50961936925dfe77eca5abf0309b8740372b1513bd2
277498,32905,Tournament A12. League 450-500,450-500,2026-04-06T09:30:40.982000+00:00,2026-04-06T03:30:40.982000-06:00,2026-04-06T11:30:40.982000+02:00,3,COMPLETED,1621,Milan Cetner,1499,Milan Chalupnicek,2,3,1499,Milan Chalupnicek,,,2026-04-06T09:54:11.158000+00:00,SCHEDULED_START_PLUS_DURATION,2026-08-15T13:48:33.183594+00:00,2026-08-15T13:48:33.183594+00:00,6a021c31468ea5400198a8e9ee6703ac92c92dca8ab1642f58d5449477df90fc,api.league-pro.com,OK,3b0fdd053e2bfcb37bd9ec2e687f12bb2bc473b0478032b92f3f4662ab888631
277663,32925,Tournament A18. League 450-500,450-500,2026-04-06T10:00:09.925000+00:00,2026-04-06T04:00:09.925000-06:00,2026-04-06T12:00:09.925000+02:00,3,COMPLETED,1734,Daniel Priesol,1672,Antonin Schneeberger,3,2,1734,Daniel Priesol,,,2026-04-06T10:27:10.093000+00:00,SCHEDULED_START_PLUS_DURATION,2026-08-15T13:48:33.183594+00:00,2026-08-15T13:48:33.183594+00:00,6a021c31468ea5400198a8e9ee6703ac92c92dca8ab1642f58d5449477df90fc,api.league-pro.com,OK,3d902f1bb5e252309bdc9b65e9702af0724f43ffb0f573d91abcd8ccc706f379
277499,32906,Tournament A12. League 450-500,450-500,2026-04-06T10:00:12.273000+00:00,2026-04-06T04:00:12.273000-06:00,2026-04-06T12:00:12.273000+02:00,3,COMPLETED,1217,Martin Stefek,1635,Julius Didi,1,3,1635,Julius Didi,,,2026-04-06T10:17:19.582000+00:00,SCHEDULED_START_PLUS_DURATION,2026-08-15T13:48:33.183594+00:00,2026-08-15T13:48:33.183594+00:00,6a021c31468ea5400198a8e9ee6703ac92c92dca8ab1642f58d5449477df90fc,api.league-pro.com,OK,dda91ac5a1c144e132c86407d80fbd25d374cf6d389d0cd461b4dc5d9802d703
277619,32920,Tournament A17. League 550-600,550-600,2026-04-06T10:00:13.447000+00:00,2026-04-06T04:00:13.447000-06:00,2026-04-06T12:00:13.447000+02:00,3,COMPLETED,866,Vaclav Dolezal,1670,Milos Pospisil,0,3,1670,Milos Pospisil,,,2026-04-06T10:13:37.752000+00:00,SCHEDULED_START_PLUS_DURATION,2026-08-15T13:48:33.183594+00:00,2026-08-15T13:48:33.183594+00:00,6a021c31468ea5400198a8e9ee6703ac92c92dca8ab1642f58d5449477df90fc,api.league-pro.com,OK,6d8bfed445c24dd7d3e03abd4f8f3e0f9a0999162555daea977b3f05531a4935
277587,32916,Tournament A16. League 600-700,600-700,2026-04-06T10:00:15.652000+00:00,2026-04-06T04:00:15.652000-06:00,2026-04-06T12:00:15.652000+02:00,3,COMPLETED,1173,Dominik Oborny,1727,Pavel Smetka,2,3,1727,Pavel Smetka,,,2026-04-06T10:21:56.202000+00:00,SCHEDULED_START_PLUS_DURATION,2026-08-15T13:48:33.183594+00:00,2026-08-15T13:48:33.183594+00:00,6a021c31468ea5400198a8e9ee6703ac92c92dca8ab1642f58d5449477df90fc,api.league-pro.com,OK,cae72019261d3ae629a9e01fb942a4156478ccabad192f8374408487bf133225
277543,32911,Tournament A14. League 900-1000,900-1000,2026-04-06T10:00:29.043000+00:00,2026-04-06T04:00:29.043000-06:00,2026-04-06T12:00:29.043000+02:00,3,COMPLETED,687,Jan Kanera,1114,Michal Vavrecka,1,3,1114,Michal Vavrecka,,,2026-04-06T10:14:01.873000+00:00,SCHEDULED_START_PLUS_DURATION,2026-08-15T13:48:33.183594+00:00,2026-08-15T13:48:33.183594+00:00,6a021c31468ea5400198a8e9ee6703ac92c92dca8ab1642f58d5449477df90fc,api.league-pro.com,OK,9ea929e9c41dff682a6caec91e18b31d2c3e2cd608843ce3c3b9c9e446a673ce
277544,32911,Tournament A14. League 900-1000,900-1000,2026-04-06T10:30:11.021000+00:00,2026-04-06T04:30:11.021000-06:00,2026-04-06T12:30:11.021000+02:00,3,COMPLETED,714,Jiri Louda,695,Tomas Prosa,0,3,695,Tomas Prosa,,,2026-04-06T10:44:55.852000+00:00,SCHEDULED_START_PLUS_DURATION,2026-08-15T13:48:33.183594+00:00,2026-08-15T13:48:33.183594+00:00,6a021c31468ea5400198a8e9ee6703ac92c92dca8ab1642f58d5449477df90fc,api.league-pro.com,OK,a09ef56bd0bcdb66bec1578d24ae0d7e351bda0af7dd4a8429dc7a500582a058
277500,32906,Tournament A12. League 450-500,450-500,2026-04-06T10:30:11.899000+00:00,2026-04-06T04:30:11.899000-06:00,2026-04-06T12:30:11.899000+02:00,3,COMPLETED,1813,Pavel Drazan,931,Martin Tacinec,3,0,1813,Pavel Drazan,,,2026-04-06T10:39:48.836000+00:00,SCHEDULED_START_PLUS_DURATION,2026-08-15T13:48:33.183594+00:00,2026-08-15T13:48:33.183594+00:00,6a021c31468ea5400198a8e9ee6703ac92c92dca8ab1642f58d5449477df90fc,api.league-pro.com,OK,b4df6534738f0bddaf15596887544f86d035c86091af34e2c982742524d0c16c
277588,32916,Tournament A16. League 600-700,600-700,2026-04-06T10:30:15.990000+00:00,2026-04-06T04:30:15.990000-06:00,2026-04-06T12:30:15.990000+02:00,3,COMPLETED,1736,Roman Guliak,1757,David Heczko,0,3,1757,David Heczko,,,2026-04-06T10:43:02.342000+00:00,SCHEDULED_START_PLUS_DURATION,2026-08-15T13:48:33.183594+00:00,2026-08-15T13:48:33.183594+00:00,6a021c31468ea5400198a8e9ee6703ac92c92dca8ab1642f58d5449477df90fc,api.league-pro.com,OK,51aa4a7ab163d9cfa15d6ce1a38d6a99e65d74045c3ba9c5c50fa364545e2a7b
277620,32920,Tournament A17. League 550-600,550-600,2026-04-06T10:30:16.412000+00:00,2026-04-06T04:30:16.412000-06:00,2026-04-06T12:30:16.412000+02:00,3,COMPLETED,1751,Jiri Havel,1607,David Horak,0,3,1607,David Horak,,,2026-04-06T10:42:02.057000+00:00,SCHEDULED_START_PLUS_DURATION,2026-08-15T13:48:33.183594+00:00,2026-08-15T13:48:33.183594+00:00,6a021c31468ea5400198a8e9ee6703ac92c92dca8ab1642f58d5449477df90fc,api.league-pro.com,OK,c250cfafc0572fe5aebfffb9ec28a35def8f79b292ac3e97d5235ed739ae68a7
277664,32925,Tournament A18. League 450-500,450-500,2026-04-06T10:31:00.484000+00:00,2026-04-06T04:31:00.484000-06:00,2026-04-06T12:31:00.484000+02:00,3,COMPLETED,1810,Filip Zurek,1721,Alexandr Virag,1,3,1721,Alexandr Virag,,,2026-04-06T10:44:47.429000+00:00,SCHEDULED_START_PLUS_DURATION,2026-08-15T13:48:33.183594+00:00,2026-08-15T13:48:33.183594+00:00,6a021c31468ea5400198a8e9ee6703ac92c92dca8ab1642f58d5449477df90fc,api.league-pro.com,OK,c7d684df51edfcf0847d7f9bb1c41ea8bf42be08451cb3a8511c5d33469a0aa1
277665,32925,Tournament A18. League 450-500,450-500,2026-04-06T11:00:09.554000+00:00,2026-04-06T05:00:09.554000-06:00,2026-04-06T13:00:09.554000+02:00,3,COMPLETED,1672,Antonin Schneeberger,1810,Filip Zurek,1,3,1810,Filip Zurek,,,2026-04-06T11:19:56.012000+00:00,SCHEDULED_START_PLUS_DURATION,2026-08-15T13:48:33.183594+00:00,2026-08-15T13:48:33.183594+00:00,6a021c31468ea5400198a8e9ee6703ac92c92dca8ab1642f58d5449477df90fc,api.league-pro.com,OK,d5eca26b3c75418a5f2acbc33f02d15d9c57664c5316453d5b97aca2cc5897b1
277501,32906,Tournament A12. League 450-500,450-500,2026-04-06T11:00:09.648000+00:00,2026-04-06T05:00:09.648000-06:00,2026-04-06T13:00:09.648000+02:00,3,COMPLETED,1635,Julius Didi,1813,Pavel Drazan,3,1,1635,Julius Didi,,,2026-04-06T11:18:18.606000+00:00,SCHEDULED_START_PLUS_DURATION,2026-08-15T13:48:33.183594+00:00,2026-08-15T13:48:33.183594+00:00,6a021c31468ea5400198a8e9ee6703ac92c92dca8ab1642f58d5449477df90fc,api.league-pro.com,OK,e3392c1fcd5b81d5cdc74cea96787772e80dfa9e107a2feea5eef0c8bd212ffe
277621,32920,Tournament A17. League 550-600,550-600,2026-04-06T11:00:10.669000+00:00,2026-04-06T05:00:10.669000-06:00,2026-04-06T13:00:10.669000+02:00,3,COMPLETED,1670,Milos Pospisil,1751,Jiri Havel,3,1,1670,Milos Pospisil,,,2026-04-06T11:15:48.626000+00:00,SCHEDULED_START_PLUS_DURATION,2026-08-15T13:48:33.183594+00:00,2026-08-15T13:48:33.183594+00:00,6a021c31468ea5400198a8e9ee6703ac92c92dca8ab1642f58d5449477df90fc,api.league-pro.com,OK,23893a5272f0cac96f45c82ea5dd3728d9541b2534cc9a35360ba36551754768
277545,32911,Tournament A14. League 900-1000,900-1000,2026-04-06T11:00:12.887000+00:00,2026-04-06T05:00:12.887000-06:00,2026-04-06T13:00:12.887000+02:00,3,COMPLETED,1114,Michal Vavrecka,714,Jiri Louda,2,3,714,Jiri Louda,,,2026-04-06T11:22:45.671000+00:00,SCHEDULED_START_PLUS_DURATION,2026-08-15T13:48:33.183594+00:00,2026-08-15T13:48:33.183594+00:00,6a021c31468ea5400198a8e9ee6703ac92c92dca8ab1642f58d5449477df90fc,api.league-pro.com,OK,d5da3e9492ec11664be35e157f4907e005590b543ce34067082fafff4d3d9bd1
277589,32916,Tournament A16. League 600-700,600-700,2026-04-06T11:00:35.620000+00:00,2026-04-06T05:00:35.620000-06:00,2026-04-06T13:00:35.620000+02:00,3,COMPLETED,1727,Pavel Smetka,1736,Roman Guliak,3,0,1727,Pavel Smetka,,,2026-04-06T11:12:32.619000+00:00,SCHEDULED_START_PLUS_DURATION,2026-08-15T13:48:33.183594+00:00,2026-08-15T13:48:33.183594+00:00,6a021c31468ea5400198a8e9ee6703ac92c92dca8ab1642f58d5449477df90fc,api.league-pro.com,OK,120e855738046d4936c191af48340eb687adf4c0983dd948134a40be1c9459aa
277622,32920,Tournament A17. League 550-600,550-600,2026-04-06T11:30:05.482000+00:00,2026-04-06T05:30:05.482000-06:00,2026-04-06T13:30:05.482000+02:00,3,COMPLETED,1607,David Horak,866,Vaclav Dolezal,3,0,1607,David Horak,,,2026-04-06T11:43:13.750000+00:00,SCHEDULED_START_PLUS_DURATION,2026-08-15T13:48:33.183594+00:00,2026-08-15T13:48:33.183594+00:00,6a021c31468ea5400198a8e9ee6703ac92c92dca8ab1642f58d5449477df90fc,api.league-pro.com,OK,6f54eb1b6c9039ab0f5c928e030adcd7790d4342d15eeb8058dd2d24d92ec8d3
277502,32906,Tournament A12. League 450-500,450-500,2026-04-06T11:30:09.016000+00:00,2026-04-06T05:30:09.016000-06:00,2026-04-06T13:30:09.016000+02:00,3,COMPLETED,931,Martin Tacinec,1217,Martin Stefek,3,1,931,Martin Tacinec,,,2026-04-06T11:46:10.143000+00:00,SCHEDULED_START_PLUS_DURATION,2026-08-15T13:48:33.183594+00:00,2026-08-15T13:48:33.183594+00:00,6a021c31468ea5400198a8e9ee6703ac92c92dca8ab1642f58d5449477df90fc,api.league-pro.com,OK,e18554f524b90d8568c54333fc85afbcd7f1f56233c9d09e8bdebb744dff95b9
277590,32916,Tournament A16. League 600-700,600-700,2026-04-06T11:30:09.273000+00:00,2026-04-06T05:30:09.273000-06:00,2026-04-06T13:30:09.273000+02:00,3,COMPLETED,1757,David Heczko,1173,Dominik Oborny,0,3,1173,Dominik Oborny,,,2026-04-06T11:45:43.042000+00:00,SCHEDULED_START_PLUS_DURATION,2026-08-15T13:48:33.183594+00:00,2026-08-15T13:48:33.183594+00:00,6a021c31468ea5400198a8e9ee6703ac92c92dca8ab1642f58d5449477df90fc,api.league-pro.com,OK,186e6fc53b2389450fb395cf3fbc6b914408b14a3e00a26f1e470991a641dd90
277666,32925,Tournament A18. League 450-500,450-500,2026-04-06T11:30:09.898000+00:00,2026-04-06T05:30:09.898000-06:00,2026-04-06T13:30:09.898000+02:00,3,COMPLETED,1721,Alexandr Virag,1734,Daniel Priesol,3,1,1721,Alexandr Virag,,,2026-04-06T11:47:02.253000+00:00,SCHEDULED_START_PLUS_DURATION,2026-08-15T13:48:33.183594+00:00,2026-08-15T13:48:33.183594+00:00,6a021c31468ea5400198a8e9ee6703ac92c92dca8ab1642f58d5449477df90fc,api.league-pro.com,OK,3a1322bfc166524b4679b30b240dba7c1f9ad83dc56cb5163c9aa1541822348b
277546,32911,Tournament A14. League 900-1000,900-1000,2026-04-06T11:30:47.205000+00:00,2026-04-06T05:30:47.205000-06:00,2026-04-06T13:30:47.205000+02:00,3,COMPLETED,695,Tomas Prosa,687,Jan Kanera,3,1,695,Tomas Prosa,,,2026-04-06T11:49:53.986000+00:00,SCHEDULED_START_PLUS_DURATION,2026-08-15T13:48:33.183594+00:00,2026-08-15T13:48:33.183594+00:00,6a021c31468ea5400198a8e9ee6703ac92c92dca8ab1642f58d5449477df90fc,api.league-pro.com,OK,f0cce25ce58071876677b452c31f6bc75748718b127be7cd813468db387f1362
277623,32920,Tournament A17. League 550-600,550-600,2026-04-06T12:00:09.661000+00:00,2026-04-06T06:00:09.661000-06:00,2026-04-06T14:00:09.661000+02:00,3,COMPLETED,866,Vaclav Dolezal,1751,Jiri Havel,1,3,1751,Jiri Havel,,,2026-04-06T12:17:28.639000+00:00,SCHEDULED_START_PLUS_DURATION,2026-08-15T13:48:33.183594+00:00,2026-08-15T13:48:33.183594+00:00,6a021c31468ea5400198a8e9ee6703ac92c92dca8ab1642f58d5449477df90fc,api.league-pro.com,OK,41f34fb6e6aada6f8b011b798996f9ea1325d0d5cfe2b01c75f669d75023801e
277503,32906,Tournament A12. League 450-500,450-500,2026-04-06T12:00:09.994000+00:00,2026-04-06T06:00:09.994000-06:00,2026-04-06T14:00:09.994000+02:00,3,COMPLETED,1217,Martin Stefek,1813,Pavel Drazan,1,3,1813,Pavel Drazan,,,2026-04-06T12:15:02.555000+00:00,SCHEDULED_START_PLUS_DURATION,2026-08-15T13:48:33.183594+00:00,2026-08-15T13:48:33.183594+00:00,6a021c31468ea5400198a8e9ee6703ac92c92dca8ab1642f58d5449477df90fc,api.league-pro.com,OK,7870a444ae4e0e32f85716bcc4283322155d08c1dca9188960b758801d80d350
277667,32925,Tournament A18. League 450-500,450-500,2026-04-06T12:00:11.282000+00:00,2026-04-06T06:00:11.282000-06:00,2026-04-06T14:00:11.282000+02:00,3,COMPLETED,1734,Daniel Priesol,1810,Filip Zurek,2,3,1810,Filip Zurek,,,2026-04-06T12:27:59.127000+00:00,SCHEDULED_START_PLUS_DURATION,2026-08-15T13:48:33.183594+00:00,2026-08-15T13:48:33.183594+00:00,6a021c31468ea5400198a8e9ee6703ac92c92dca8ab1642f58d5449477df90fc,api.league-pro.com,OK,6bacb4a2d95eece65bb2ac8588480c2acd8bbb224bfc2827489cd70243de8b49
277591,32916,Tournament A16. League 600-700,600-700,2026-04-06T12:00:21.996000+00:00,2026-04-06T06:00:21.996000-06:00,2026-04-06T14:00:21.996000+02:00,3,COMPLETED,1173,Dominik Oborny,1736,Roman Guliak,2,3,1736,Roman Guliak,,,2026-04-06T12:21:20.813000+00:00,SCHEDULED_START_PLUS_DURATION,2026-08-15T13:48:33.183594+00:00,2026-08-15T13:48:33.183594+00:00,6a021c31468ea5400198a8e9ee6703ac92c92dca8ab1642f58d5449477df90fc,api.league-pro.com,OK,e0252feb39e6c48f13b92de0750a217e3410801a97dc89b6fbf59bf0b60e6170
277547,32911,Tournament A14. League 900-1000,900-1000,2026-04-06T12:00:34.540000+00:00,2026-04-06T06:00:34.540000-06:00,2026-04-06T14:00:34.540000+02:00,3,COMPLETED,687,Jan Kanera,714,Jiri Louda,2,3,714,Jiri Louda,,,2026-04-06T12:26:00.604000+00:00,SCHEDULED_START_PLUS_DURATION,2026-08-15T13:48:33.183594+00:00,2026-08-15T13:48:33.183594+00:00,6a021c31468ea5400198a8e9ee6703ac92c92dca8ab1642f58d5449477df90fc,api.league-pro.com,OK,49259328f1a2006989b695dd98b85a85996ca4f1b4b4b24604f1b11a76aad25f
277592,32916,Tournament A16. League 600-700,600-700,2026-04-06T12:30:10.433000+00:00,2026-04-06T06:30:10.433000-06:00,2026-04-06T14:30:10.433000+02:00,3,COMPLETED,1727,Pavel Smetka,1757,David Heczko,0,3,1757,David Heczko,,,2026-04-06T12:41:06.699000+00:00,SCHEDULED_START_PLUS_DURATION,2026-08-15T13:48:33.183594+00:00,2026-08-15T13:48:33.183594+00:00,6a021c31468ea5400198a8e9ee6703ac92c92dca8ab1642f58d5449477df90fc,api.league-pro.com,OK,fd4d07b21542ef2f6dbf1ee6b8b58658c417b2cc1ea5fcdbaac4ad01a0a40f02
277504,32906,Tournament A12. League 450-500,450-500,2026-04-06T12:30:10.466000+00:00,2026-04-06T06:30:10.466000-06:00,2026-04-06T14:30:10.466000+02:00,3,COMPLETED,1635,Julius Didi,931,Martin Tacinec,0,3,931,Martin Tacinec,,,2026-04-06T12:45:02.455000+00:00,SCHEDULED_START_PLUS_DURATION,2026-08-15T13:48:33.183594+00:00,2026-08-15T13:48:33.183594+00:00,6a021c31468ea5400198a8e9ee6703ac92c92dca8ab1642f58d5449477df90fc,api.league-pro.com,OK,448f46c8bb323522e7e9e79163939b3835c7e8b2f02e710294bc66d27dd07f28
277548,32911,Tournament A14. League 900-1000,900-1000,2026-04-06T12:30:14.213000+00:00,2026-04-06T06:30:14.213000-06:00,2026-04-06T14:30:14.213000+02:00,3,COMPLETED,1114,Michal Vavrecka,695,Tomas Prosa,3,0,1114,Michal Vavrecka,,,2026-04-06T12:41:21.462000+00:00,SCHEDULED_START_PLUS_DURATION,2026-08-15T13:48:33.183594+00:00,2026-08-15T13:48:33.183594+00:00,6a021c31468ea5400198a8e9ee6703ac92c92dca8ab1642f58d5449477df90fc,api.league-pro.com,OK,aeea886512805f45da3c25bd833f34616ac89f032c23795b3a2a119eac20603a
277624,32920,Tournament A17. League 550-600,550-600,2026-04-06T12:30:15.849000+00:00,2026-04-06T06:30:15.849000-06:00,2026-04-06T14:30:15.849000+02:00,3,COMPLETED,1670,Milos Pospisil,1607,David Horak,0,3,1607,David Horak,,,2026-04-06T12:43:35.376000+00:00,SCHEDULED_START_PLUS_DURATION,2026-08-15T13:48:33.183594+00:00,2026-08-15T13:48:33.183594+00:00,6a021c31468ea5400198a8e9ee6703ac92c92dca8ab1642f58d5449477df90fc,api.league-pro.com,OK,953b331fc499cd4b71629f31fae2bce7351e5066155b45b67b3e75ca8108288e
277668,32925,Tournament A18. League 450-500,450-500,2026-04-06T12:30:26.879000+00:00,2026-04-06T06:30:26.879000-06:00,2026-04-06T14:30:26.879000+02:00,3,COMPLETED,1672,Antonin Schneeberger,1721,Alexandr Virag,1,3,1721,Alexandr Virag,,,2026-04-06T12:43:33.042000+00:00,SCHEDULED_START_PLUS_DURATION,2026-08-15T13:48:33.183594+00:00,2026-08-15T13:48:33.183594+00:00,6a021c31468ea5400198a8e9ee6703ac92c92dca8ab1642f58d5449477df90fc,api.league-pro.com,OK,8b3b75e9e07a2d06525c2fa7a17b62f2ebbfdeca2742ea52e3767751a6ffe6ec
277505,32906,Tournament A12. League 450-500,450-500,2026-04-06T13:00:13.921000+00:00,2026-04-06T07:00:13.921000-06:00,2026-04-06T15:00:13.921000+02:00,3,COMPLETED,1635,Julius Didi,1217,Martin Stefek,3,0,1635,Julius Didi,,,2026-04-06T13:12:04.695000+00:00,SCHEDULED_START_PLUS_DURATION,2026-08-15T13:48:33.183594+00:00,2026-08-15T13:48:33.183594+00:00,6a021c31468ea5400198a8e9ee6703ac92c92dca8ab1642f58d5449477df90fc,api.league-pro.com,OK,73d5ca76eb95959d74b741c0aa2911d8ce809323bec475da1c36d1f5b2d59987
277669,32925,Tournament A18. League 450-500,450-500,2026-04-06T13:00:15.972000+00:00,2026-04-06T07:00:15.972000-06:00,2026-04-06T15:00:15.972000+02:00,3,COMPLETED,1734,Daniel Priesol,1672,Antonin Schneeberger,0,3,1672,Antonin Schneeberger,,,2026-04-06T13:13:57.825000+00:00,SCHEDULED_START_PLUS_DURATION,2026-08-15T13:48:33.183594+00:00,2026-08-15T13:48:33.183594+00:00,6a021c31468ea5400198a8e9ee6703ac92c92dca8ab1642f58d5449477df90fc,api.league-pro.com,OK,c00e0c4e6df2f431d00d510b7be83007a0bf1cdecf4faa3a09a383d71574b6b6
277549,32911,Tournament A14. League 900-1000,900-1000,2026-04-06T13:00:17.710000+00:00,2026-04-06T07:00:17.710000-06:00,2026-04-06T15:00:17.710000+02:00,3,COMPLETED,714,Jiri Louda,687,Jan Kanera,1,3,687,Jan Kanera,,,2026-04-06T13:13:51.721000+00:00,SCHEDULED_START_PLUS_DURATION,2026-08-15T13:48:33.183594+00:00,2026-08-15T13:48:33.183594+00:00,6a021c31468ea5400198a8e9ee6703ac92c92dca8ab1642f58d5449477df90fc,api.league-pro.com,OK,cebde497b7921181b9c24ca0eaa8fdf222bf45e0948268cecfa4736aeadd3b88
277625,32920,Tournament A17. League 550-600,550-600,2026-04-06T13:00:17.894000+00:00,2026-04-06T07:00:17.894000-06:00,2026-04-06T15:00:17.894000+02:00,3,COMPLETED,1751,Jiri Havel,866,Vaclav Dolezal,3,2,1751,Jiri Havel,,,2026-04-06T13:19:42.148000+00:00,SCHEDULED_START_PLUS_DURATION,2026-08-15T13:48:33.183594+00:00,2026-08-15T13:48:33.183594+00:00,6a021c31468ea5400198a8e9ee6703ac92c92dca8ab1642f58d5449477df90fc,api.league-pro.com,OK,bf975daeef6b92ddd2c1c88f142091437983b71e46fcf46748414420f56c6ed8
277593,32916,Tournament A16. League 600-700,600-700,2026-04-06T13:00:18.147000+00:00,2026-04-06T07:00:18.147000-06:00,2026-04-06T15:00:18.147000+02:00,3,COMPLETED,1173,Dominik Oborny,1736,Roman Guliak,1,3,1736,Roman Guliak,,,2026-04-06T13:15:59.593000+00:00,SCHEDULED_START_PLUS_DURATION,2026-08-15T13:48:33.183594+00:00,2026-08-15T13:48:33.183594+00:00,6a021c31468ea5400198a8e9ee6703ac92c92dca8ab1642f58d5449477df90fc,api.league-pro.com,OK,7525220fff269d2df72561861d8bf6134f7f3622f2088dfa88bbdb800eea26f3
277670,32925,Tournament A18. League 450-500,450-500,2026-04-06T13:30:08.826000+00:00,2026-04-06T07:30:08.826000-06:00,2026-04-06T15:30:08.826000+02:00,3,COMPLETED,1721,Alexandr Virag,1810,Filip Zurek,3,1,1721,Alexandr Virag,,,2026-04-06T13:49:34.723000+00:00,SCHEDULED_START_PLUS_DURATION,2026-08-15T13:48:33.183594+00:00,2026-08-15T13:48:33.183594+00:00,6a021c31468ea5400198a8e9ee6703ac92c92dca8ab1642f58d5449477df90fc,api.league-pro.com,OK,4da42aeadb6653ec0acf4723f688e0af205dcca61e4ef85798ecd0df5c3e9153
277550,32911,Tournament A14. League 900-1000,900-1000,2026-04-06T13:30:09.511000+00:00,2026-04-06T07:30:09.511000-06:00,2026-04-06T15:30:09.511000+02:00,3,COMPLETED,1114,Michal Vavrecka,695,Tomas Prosa,3,2,1114,Michal Vavrecka,,,2026-04-06T13:51:15.763000+00:00,SCHEDULED_START_PLUS_DURATION,2026-08-15T13:48:33.183594+00:00,2026-08-15T13:48:33.183594+00:00,6a021c31468ea5400198a8e9ee6703ac92c92dca8ab1642f58d5449477df90fc,api.league-pro.com,OK,f516655f291f9d2392fd4bab0113e2821fa2d451487c0fd6bb0ed0b212b311a7
277506,32906,Tournament A12. League 450-500,450-500,2026-04-06T13:30:09.926000+00:00,2026-04-06T07:30:09.926000-06:00,2026-04-06T15:30:09.926000+02:00,3,COMPLETED,1813,Pavel Drazan,931,Martin Tacinec,3,0,1813,Pavel Drazan,,,2026-04-06T13:42:26.680000+00:00,SCHEDULED_START_PLUS_DURATION,2026-08-15T13:48:33.183594+00:00,2026-08-15T13:48:33.183594+00:00,6a021c31468ea5400198a8e9ee6703ac92c92dca8ab1642f58d5449477df90fc,api.league-pro.com,OK,915f546d711628cb555b3e11e56002cfd1abeab7731e4a90e6fbfe12ae87323d
277594,32916,Tournament A16. League 600-700,600-700,2026-04-06T13:30:17.726000+00:00,2026-04-06T07:30:17.726000-06:00,2026-04-06T15:30:17.726000+02:00,3,COMPLETED,1757,David Heczko,1727,Pavel Smetka,3,0,1757,David Heczko,,,2026-04-06T13:40:56.494000+00:00,SCHEDULED_START_PLUS_DURATION,2026-08-15T13:48:33.183594+00:00,2026-08-15T13:48:33.183594+00:00,6a021c31468ea5400198a8e9ee6703ac92c92dca8ab1642f58d5449477df90fc,api.league-pro.com,OK,b09b55883dcc64fadbc0b25d4927910c5717a1e00a9721c57c3394d74d7fae1d
277626,32920,Tournament A17. League 550-600,550-600,2026-04-06T13:30:41.078000+00:00,2026-04-06T07:30:41.078000-06:00,2026-04-06T15:30:41.078000+02:00,3,COMPLETED,1607,David Horak,1670,Milos Pospisil,1,3,1670,Milos Pospisil,,,2026-04-06T13:48:33.170000+00:00,SCHEDULED_START_PLUS_DURATION,2026-08-15T13:48:33.183594+00:00,2026-08-15T13:48:33.183594+00:00,6a021c31468ea5400198a8e9ee6703ac92c92dca8ab1642f58d5449477df90fc,api.league-pro.com,OK,dd64f4081e442959520312c25d7ebf07e7181dac28a6196855c2fb2fe0c48217
277627,32921,Tournament A17. League 900-1000,900-1000,2026-04-06T14:00:09.551000+00:00,2026-04-06T08:00:09.551000-06:00,2026-04-06T16:00:09.551000+02:00,3,COMPLETED,1611,Vaclav Nohejl,1630,Petr Saleny,3,1,1611,Vaclav Nohejl,,,2026-04-06T14:17:05.962000+00:00,SCHEDULED_START_PLUS_DURATION,2026-08-15T13:48:33.183594+00:00,2026-08-15T13:48:33.183594+00:00,6a021c31468ea5400198a8e9ee6703ac92c92dca8ab1642f58d5449477df90fc,api.league-pro.com,OK,b3b80cbad67be528f4e9af021d8b1e84ab82859dc6729dac9e141bd50db9f165
277671,32926,Tournament A18. League 1000-1100,1000-1100,2026-04-06T14:00:10.361000+00:00,2026-04-06T08:00:10.361000-06:00,2026-04-06T16:00:10.361000+02:00,3,COMPLETED,1004,Ondrej Paril,1379,Pavel Wawrosz,2,3,1379,Pavel Wawrosz,,,2026-04-06T14:20:17.132000+00:00,SCHEDULED_START_PLUS_DURATION,2026-08-15T13:48:33.183594+00:00,2026-08-15T13:48:33.183594+00:00,6a021c31468ea5400198a8e9ee6703ac92c92dca8ab1642f58d5449477df90fc,api.league-pro.com,OK,a797b4429855727f8a7da59b40152786a3f3a9fa502c98175788401fc0af1f84
277507,32907,Tournament A12. League 600-700,600-700,2026-04-06T14:00:13.225000+00:00,2026-04-06T08:00:13.225000-06:00,2026-04-06T16:00:13.225000+02:00,3,COMPLETED,1015,Michal Vedmoch,865,Vladimir Postelt,2,3,865,Vladimir Postelt,,,2026-04-06T14:20:03.646000+00:00,SCHEDULED_START_PLUS_DURATION,2026-08-15T13:48:33.183594+00:00,2026-08-15T13:48:33.183594+00:00,6a021c31468ea5400198a8e9ee6703ac92c92dca8ab1642f58d5449477df90fc,api.league-pro.com,OK,f92f25aeb1944785f3866f7e262a203fa49b53a2d36e1fc018c31c75181c8355
277595,32917,Tournament A16. League 700-800,700-800,2026-04-06T14:00:15.129000+00:00,2026-04-06T08:00:15.129000-06:00,2026-04-06T16:00:15.129000+02:00,3,COMPLETED,1096,Lukas Martinak,1038,Dalimil Machander,2,3,1038,Dalimil Machander,,,2026-04-06T14:34:31.025000+00:00,SCHEDULED_START_PLUS_DURATION,2026-08-15T13:48:33.183594+00:00,2026-08-15T13:48:33.183594+00:00,6a021c31468ea5400198a8e9ee6703ac92c92dca8ab1642f58d5449477df90fc,api.league-pro.com,OK,ea07984d4203ca99b001758f1a04e4fd282461dbcfbb2ed89e93c8dba18fae68
277552,32912,Tournament A14. League 700-800,700-800,2026-04-06T14:00:16.977000+00:00,2026-04-06T08:00:16.977000-06:00,2026-04-06T16:00:16.977000+02:00,3,COMPLETED,830,Jakub Hradecky,781,Jiri Pozarsky,3,2,830,Jakub Hradecky,,,2026-04-06T14:24:14.526000+00:00,SCHEDULED_START_PLUS_DURATION,2026-08-15T13:48:33.183594+00:00,2026-08-15T13:48:33.183594+00:00,6a021c31468ea5400198a8e9ee6703ac92c92dca8ab1642f58d5449477df90fc,api.league-pro.com,OK,f104d94be33749dd7ef00ebf50f170dfd5d86ad4be6e73e43850cfb1174b7527
277628,32921,Tournament A17. League 900-1000,900-1000,2026-04-06T14:30:09.195000+00:00,2026-04-06T08:30:09.195000-06:00,2026-04-06T16:30:09.195000+02:00,3,COMPLETED,1633,Ondrej Cmerda,1839,Jan Simecek,0,3,1839,Jan Simecek,,,2026-04-06T14:41:46.822000+00:00,SCHEDULED_START_PLUS_DURATION,2026-08-15T13:48:33.183594+00:00,2026-08-15T13:48:33.183594+00:00,6a021c31468ea5400198a8e9ee6703ac92c92dca8ab1642f58d5449477df90fc,api.league-pro.com,OK,aaf935518bf5d3c7242579d138ae24110557d0948a867ab733c8f22708cc70f1
277508,32907,Tournament A12. League 600-700,600-700,2026-04-06T14:30:09.369000+00:00,2026-04-06T08:30:09.369000-06:00,2026-04-06T16:30:09.369000+02:00,3,COMPLETED,1545,Yurii Holovatiuk,1078,Kyryl Darin,3,1,1545,Yurii Holovatiuk,,,2026-04-06T14:47:57.464000+00:00,SCHEDULED_START_PLUS_DURATION,2026-08-15T13:48:33.183594+00:00,2026-08-15T13:48:33.183594+00:00,6a021c31468ea5400198a8e9ee6703ac92c92dca8ab1642f58d5449477df90fc,api.league-pro.com,OK,46181276403fca439a44e3be252c589da35fde2ab9fc4d334db5b3f13296c073
277672,32926,Tournament A18. League 1000-1100,1000-1100,2026-04-06T14:30:12.163000+00:00,2026-04-06T08:30:12.163000-06:00,2026-04-06T16:30:12.163000+02:00,3,COMPLETED,1164,Michael Sedlacek,1804,Martin Skotnica,3,1,1164,Michael Sedlacek,,,2026-04-06T14:50:26.435000+00:00,SCHEDULED_START_PLUS_DURATION,2026-08-15T13:48:33.183594+00:00,2026-08-15T13:48:33.183594+00:00,6a021c31468ea5400198a8e9ee6703ac92c92dca8ab1642f58d5449477df90fc,api.league-pro.com,OK,d7e55ee084e64eed7204a07b62a1e51dfbeb93a8f6cd927e5066572cd965c51d
277551,32912,Tournament A14. League 700-800,700-800,2026-04-06T14:30:12.173000+00:00,2026-04-06T08:30:12.173000-06:00,2026-04-06T16:30:12.173000+02:00,3,COMPLETED,1627,Tomas Vinter,863,Daniel Tuma,3,1,1627,Tomas Vinter,,,2026-04-06T14:45:18.237000+00:00,SCHEDULED_START_PLUS_DURATION,2026-08-15T13:48:33.183594+00:00,2026-08-15T13:48:33.183594+00:00,6a021c31468ea5400198a8e9ee6703ac92c92dca8ab1642f58d5449477df90fc,api.league-pro.com,OK,8e368cd46c0c438471f0d075726f5904555d33fd0b7da6edd01fc418548d5fa7
277596,32917,Tournament A16. League 700-800,700-800,2026-04-06T14:36:50.456000+00:00,2026-04-06T08:36:50.456000-06:00,2026-04-06T16:36:50.456000+02:00,3,COMPLETED,1710,Evzen Rychlik,1743,Adrian Walek,2,3,1743,Adrian Walek,,,2026-04-06T15:04:43.205000+00:00,SCHEDULED_START_PLUS_DURATION,2026-08-15T13:48:33.183594+00:00,2026-08-15T13:48:33.183594+00:00,6a021c31468ea5400198a8e9ee6703ac92c92dca8ab1642f58d5449477df90fc,api.league-pro.com,OK,5f5f43fe286be9f5a5afaf7e4acaa821aac06e218ae96ed6bf58b7f5ae56ea3d
277673,32926,Tournament A18. League 1000-1100,1000-1100,2026-04-06T15:00:07.980000+00:00,2026-04-06T09:00:07.980000-06:00,2026-04-06T17:00:07.980000+02:00,3,COMPLETED,1379,Pavel Wawrosz,1164,Michael Sedlacek,0,3,1164,Michael Sedlacek,,,2026-04-06T15:10:51.893000+00:00,SCHEDULED_START_PLUS_DURATION,2026-08-15T13:48:33.183594+00:00,2026-08-15T13:48:33.183594+00:00,6a021c31468ea5400198a8e9ee6703ac92c92dca8ab1642f58d5449477df90fc,api.league-pro.com,OK,d88536056ef3293a7be7052bbf2a79a8e3c66b3c4f443bf87316c3cced287f6d
277509,32907,Tournament A12. League 600-700,600-700,2026-04-06T15:00:08.780000+00:00,2026-04-06T09:00:08.780000-06:00,2026-04-06T17:00:08.780000+02:00,3,COMPLETED,865,Vladimir Postelt,1545,Yurii Holovatiuk,3,2,865,Vladimir Postelt,,,2026-04-06T15:23:33.917000+00:00,SCHEDULED_START_PLUS_DURATION,2026-08-15T13:48:33.183594+00:00,2026-08-15T13:48:33.183594+00:00,6a021c31468ea5400198a8e9ee6703ac92c92dca8ab1642f58d5449477df90fc,api.league-pro.com,OK,4b64c3733a245b14881c96daeb8202c40f9ee9daf0c5f3b15ad7991b9a195e29
277629,32921,Tournament A17. League 900-1000,900-1000,2026-04-06T15:00:08.877000+00:00,2026-04-06T09:00:08.877000-06:00,2026-04-06T17:00:08.877000+02:00,3,COMPLETED,1630,Petr Saleny,1633,Ondrej Cmerda,3,1,1630,Petr Saleny,,,2026-04-06T15:13:47.765000+00:00,SCHEDULED_START_PLUS_DURATION,2026-08-15T13:48:33.183594+00:00,2026-08-15T13:48:33.183594+00:00,6a021c31468ea5400198a8e9ee6703ac92c92dca8ab1642f58d5449477df90fc,api.league-pro.com,OK,349b361c969024dbf6e2dee63badd4858e711007d401ee8d8c33035cae1c57ba
277553,32912,Tournament A14. League 700-800,700-800,2026-04-06T15:00:52.325000+00:00,2026-04-06T09:00:52.325000-06:00,2026-04-06T17:00:52.325000+02:00,3,COMPLETED,863,Daniel Tuma,830,Jakub Hradecky,3,0,863,Daniel Tuma,,,2026-04-06T15:13:51.584000+00:00,SCHEDULED_START_PLUS_DURATION,2026-08-15T13:48:33.183594+00:00,2026-08-15T13:48:33.183594+00:00,6a021c31468ea5400198a8e9ee6703ac92c92dca8ab1642f58d5449477df90fc,api.league-pro.com,OK,a896acf05b4679839633b7b620126fd92f51445a8e34e1185e2aa9922f95cbba
277597,32917,Tournament A16. League 700-800,700-800,2026-04-06T15:08:21.157000+00:00,2026-04-06T09:08:21.157000-06:00,2026-04-06T17:08:21.157000+02:00,3,COMPLETED,1038,Dalimil Machander,1710,Evzen Rychlik,2,3,1710,Evzen Rychlik,,,2026-04-06T15:33:04.095000+00:00,SCHEDULED_START_PLUS_DURATION,2026-08-15T13:48:33.183594+00:00,2026-08-15T13:48:33.183594+00:00,6a021c31468ea5400198a8e9ee6703ac92c92dca8ab1642f58d5449477df90fc,api.league-pro.com,OK,19d6c80d7dd92949110358717cdbb6ed453e7218d0b97d4f9670aa6ba2f36adb
277674,32926,Tournament A18. League 1000-1100,1000-1100,2026-04-06T15:30:08.920000+00:00,2026-04-06T09:30:08.920000-06:00,2026-04-06T17:30:08.920000+02:00,3,COMPLETED,1804,Martin Skotnica,1004,Ondrej Paril,1,3,1004,Ondrej Paril,,,2026-04-06T15:45:15.706000+00:00,SCHEDULED_START_PLUS_DURATION,2026-08-15T13:48:33.183594+00:00,2026-08-15T13:48:33.183594+00:00,6a021c31468ea5400198a8e9ee6703ac92c92dca8ab1642f58d5449477df90fc,api.league-pro.com,OK,992950f1e345df01a319a4738f2557f7127c3175fc876a61598c0cd86e023fa4
277510,32907,Tournament A12. League 600-700,600-700,2026-04-06T15:30:09.344000+00:00,2026-04-06T09:30:09.344000-06:00,2026-04-06T17:30:09.344000+02:00,3,COMPLETED,1078,Kyryl Darin,1015,Michal Vedmoch,0,3,1015,Michal Vedmoch,,,2026-04-06T15:41:06.694000+00:00,SCHEDULED_START_PLUS_DURATION,2026-08-15T13:48:33.183594+00:00,2026-08-15T13:48:33.183594+00:00,6a021c31468ea5400198a8e9ee6703ac92c92dca8ab1642f58d5449477df90fc,api.league-pro.com,OK,10d076889520e44addd8732161d56966d5e592644cbd69eaec368e826c837bbf
277630,32921,Tournament A17. League 900-1000,900-1000,2026-04-06T15:30:10.751000+00:00,2026-04-06T09:30:10.751000-06:00,2026-04-06T17:30:10.751000+02:00,3,COMPLETED,1839,Jan Simecek,1611,Vaclav Nohejl,3,2,1839,Jan Simecek,,,2026-04-06T15:55:20.715000+00:00,SCHEDULED_START_PLUS_DURATION,2026-08-15T13:48:33.183594+00:00,2026-08-15T13:48:33.183594+00:00,6a021c31468ea5400198a8e9ee6703ac92c92dca8ab1642f58d5449477df90fc,api.league-pro.com,OK,2271bebe641a8afbc9733dcbc9599d9fe4dc920c36911e43dcb9a05107aea791
277554,32912,Tournament A14. League 700-800,700-800,2026-04-06T15:31:00.602000+00:00,2026-04-06T09:31:00.602000-06:00,2026-04-06T17:31:00.602000+02:00,3,COMPLETED,781,Jiri Pozarsky,1627,Tomas Vinter,3,2,781,Jiri Pozarsky,,,2026-04-06T15:52:24.146000+00:00,SCHEDULED_START_PLUS_DURATION,2026-08-15T13:48:33.183594+00:00,2026-08-15T13:48:33.183594+00:00,6a021c31468ea5400198a8e9ee6703ac92c92dca8ab1642f58d5449477df90fc,api.league-pro.com,OK,ab90a5d681b19b60d2d567c0196e6b379a95485301de7e6f9031c83dc952ae4b
277598,32917,Tournament A16. League 700-800,700-800,2026-04-06T15:35:45.638000+00:00,2026-04-06T09:35:45.638000-06:00,2026-04-06T17:35:45.638000+02:00,3,COMPLETED,1743,Adrian Walek,1096,Lukas Martinak,3,1,1743,Adrian Walek,,,2026-04-06T15:55:17.272000+00:00,SCHEDULED_START_PLUS_DURATION,2026-08-15T13:48:33.183594+00:00,2026-08-15T13:48:33.183594+00:00,6a021c31468ea5400198a8e9ee6703ac92c92dca8ab1642f58d5449477df90fc,api.league-pro.com,OK,bdacf98d209edcca0df4a296f025bfe0487951f6feca5280c9bfb909d6a2e8ea
277675,32926,Tournament A18. League 1000-1100,1000-1100,2026-04-06T16:00:09.765000+00:00,2026-04-06T10:00:09.765000-06:00,2026-04-06T18:00:09.765000+02:00,3,COMPLETED,1004,Ondrej Paril,1164,Michael Sedlacek,0,3,1164,Michael Sedlacek,,,2026-04-06T16:10:46.356000+00:00,SCHEDULED_START_PLUS_DURATION,2026-08-15T13:48:33.183594+00:00,2026-08-15T13:48:33.183594+00:00,6a021c31468ea5400198a8e9ee6703ac92c92dca8ab1642f58d5449477df90fc,api.league-pro.com,OK,fc2b35822d458fc808055839d52b382ee26ac88caa26ec24d986c6aa022b202a
277511,32907,Tournament A12. League 600-700,600-700,2026-04-06T16:00:10.109000+00:00,2026-04-06T10:00:10.109000-06:00,2026-04-06T18:00:10.109000+02:00,3,COMPLETED,1015,Michal Vedmoch,1545,Yurii Holovatiuk,0,3,1545,Yurii Holovatiuk,,,2026-04-06T16:10:14.211000+00:00,SCHEDULED_START_PLUS_DURATION,2026-08-15T13:48:33.183594+00:00,2026-08-15T13:48:33.183594+00:00,6a021c31468ea5400198a8e9ee6703ac92c92dca8ab1642f58d5449477df90fc,api.league-pro.com,OK,ca235d14a6fa15fe2d656820c9508aaa08056d5f00852143fc695692f744ceab
277599,32917,Tournament A16. League 700-800,700-800,2026-04-06T16:00:13.525000+00:00,2026-04-06T10:00:13.525000-06:00,2026-04-06T18:00:13.525000+02:00,3,COMPLETED,1096,Lukas Martinak,1710,Evzen Rychlik,1,3,1710,Evzen Rychlik,,,2026-04-06T16:26:47.923000+00:00,SCHEDULED_START_PLUS_DURATION,2026-08-15T13:48:33.183594+00:00,2026-08-15T13:48:33.183594+00:00,6a021c31468ea5400198a8e9ee6703ac92c92dca8ab1642f58d5449477df90fc,api.league-pro.com,OK,1d5c1ccd9d3e7390a751b452f4b80b630bb396e073307b22c597ce74ebb36ee5
277631,32921,Tournament A17. League 900-1000,900-1000,2026-04-06T16:00:21.642000+00:00,2026-04-06T10:00:21.642000-06:00,2026-04-06T18:00:21.642000+02:00,3,COMPLETED,1611,Vaclav Nohejl,1633,Ondrej Cmerda,3,0,1611,Vaclav Nohejl,,,2026-04-06T16:10:48.950000+00:00,SCHEDULED_START_PLUS_DURATION,2026-08-15T13:48:33.183594+00:00,2026-08-15T13:48:33.183594+00:00,6a021c31468ea5400198a8e9ee6703ac92c92dca8ab1642f58d5449477df90fc,api.league-pro.com,OK,f8e41b08830e19f55ac05b1291004fdf01a1226c47a44f4a9fbfa69a3bd54084
277555,32912,Tournament A14. League 700-800,700-800,2026-04-06T16:00:29.262000+00:00,2026-04-06T10:00:29.262000-06:00,2026-04-06T18:00:29.262000+02:00,3,COMPLETED,1627,Tomas Vinter,830,Jakub Hradecky,3,2,1627,Tomas Vinter,,,2026-04-06T16:17:37.246000+00:00,SCHEDULED_START_PLUS_DURATION,2026-08-15T13:48:33.183594+00:00,2026-08-15T13:48:33.183594+00:00,6a021c31468ea5400198a8e9ee6703ac92c92dca8ab1642f58d5449477df90fc,api.league-pro.com,OK,146e9363ddce49854e2c8f4f264f085a09aadb5a046839102ae71e96b270400a
277676,32926,Tournament A18. League 1000-1100,1000-1100,2026-04-06T16:30:07.738000+00:00,2026-04-06T10:30:07.738000-06:00,2026-04-06T18:30:07.738000+02:00,3,COMPLETED,1379,Pavel Wawrosz,1804,Martin Skotnica,2,3,1804,Martin Skotnica,,,2026-04-06T16:51:29.243000+00:00,SCHEDULED_START_PLUS_DURATION,2026-08-15T13:48:33.183594+00:00,2026-08-15T13:48:33.183594+00:00,6a021c31468ea5400198a8e9ee6703ac92c92dca8ab1642f58d5449477df90fc,api.league-pro.com,OK,f642ca93eac1309ff1a8f99660eda276a5e38c04eb37e5bf5fad8da65a9e6479
277556,32912,Tournament A14. League 700-800,700-800,2026-04-06T16:30:09.486000+00:00,2026-04-06T10:30:09.486000-06:00,2026-04-06T18:30:09.486000+02:00,3,COMPLETED,863,Daniel Tuma,781,Jiri Pozarsky,0,3,781,Jiri Pozarsky,,,2026-04-06T16:42:19.651000+00:00,SCHEDULED_START_PLUS_DURATION,2026-08-15T13:48:33.183594+00:00,2026-08-15T13:48:33.183594+00:00,6a021c31468ea5400198a8e9ee6703ac92c92dca8ab1642f58d5449477df90fc,api.league-pro.com,OK,9cf42f53e99206afc95297b6f40425b9b391c53d909d681d7a6685ca6dc3c39c
277512,32907,Tournament A12. League 600-700,600-700,2026-04-06T16:30:11.110000+00:00,2026-04-06T10:30:11.110000-06:00,2026-04-06T18:30:11.110000+02:00,3,COMPLETED,865,Vladimir Postelt,1078,Kyryl Darin,3,1,865,Vladimir Postelt,,,2026-04-06T16:46:35.623000+00:00,SCHEDULED_START_PLUS_DURATION,2026-08-15T13:48:33.183594+00:00,2026-08-15T13:48:33.183594+00:00,6a021c31468ea5400198a8e9ee6703ac92c92dca8ab1642f58d5449477df90fc,api.league-pro.com,OK,b2fcebb92df43fc511bdab63bb168cbcd8c6f2eea966809302c2ab1ec5eca184
277600,32917,Tournament A16. League 700-800,700-800,2026-04-06T16:30:13.217000+00:00,2026-04-06T10:30:13.217000-06:00,2026-04-06T18:30:13.217000+02:00,3,COMPLETED,1038,Dalimil Machander,1743,Adrian Walek,3,2,1038,Dalimil Machander,,,2026-04-06T16:51:30.627000+00:00,SCHEDULED_START_PLUS_DURATION,2026-08-15T13:48:33.183594+00:00,2026-08-15T13:48:33.183594+00:00,6a021c31468ea5400198a8e9ee6703ac92c92dca8ab1642f58d5449477df90fc,api.league-pro.com,OK,ee6f36bd0bbd5abaf8b8a9b9f29d08d2404056ed30e4a9cfa723db30c4bcc6a7
277632,32921,Tournament A17. League 900-1000,900-1000,2026-04-06T16:30:14.115000+00:00,2026-04-06T10:30:14.115000-06:00,2026-04-06T18:30:14.115000+02:00,3,COMPLETED,1630,Petr Saleny,1839,Jan Simecek,0,3,1839,Jan Simecek,,,2026-04-06T16:40:02.145000+00:00,SCHEDULED_START_PLUS_DURATION,2026-08-15T13:48:33.183594+00:00,2026-08-15T13:48:33.183594+00:00,6a021c31468ea5400198a8e9ee6703ac92c92dca8ab1642f58d5449477df90fc,api.league-pro.com,OK,b6f01b0e08d81df196d5a598184958de718f4b12e7cc22e9a320acdb55393828
277557,32912,Tournament A14. League 700-800,700-800,2026-04-06T17:00:12.248000+00:00,2026-04-06T11:00:12.248000-06:00,2026-04-06T19:00:12.248000+02:00,3,COMPLETED,830,Jakub Hradecky,863,Daniel Tuma,0,3,863,Daniel Tuma,,,2026-04-06T17:10:45.301000+00:00,SCHEDULED_START_PLUS_DURATION,2026-08-15T13:48:33.183594+00:00,2026-08-15T13:48:33.183594+00:00,6a021c31468ea5400198a8e9ee6703ac92c92dca8ab1642f58d5449477df90fc,api.league-pro.com,OK,2117f11d24c8e5e27cdb5eae68a08f9b26204f3e7030f874ad4014f64b3ccde3
277513,32907,Tournament A12. League 600-700,600-700,2026-04-06T17:00:15.590000+00:00,2026-04-06T11:00:15.590000-06:00,2026-04-06T19:00:15.590000+02:00,3,COMPLETED,1015,Michal Vedmoch,1078,Kyryl Darin,1,3,1078,Kyryl Darin,,,2026-04-06T17:17:25.822000+00:00,SCHEDULED_START_PLUS_DURATION,2026-08-15T13:48:33.183594+00:00,2026-08-15T13:48:33.183594+00:00,6a021c31468ea5400198a8e9ee6703ac92c92dca8ab1642f58d5449477df90fc,api.league-pro.com,OK,6e87a4dd313e30cc843c550b76f77d23d5e333306b577e91acf87813308311d2
277633,32921,Tournament A17. League 900-1000,900-1000,2026-04-06T17:00:17.550000+00:00,2026-04-06T11:00:17.550000-06:00,2026-04-06T19:00:17.550000+02:00,3,COMPLETED,1630,Petr Saleny,1633,Ondrej Cmerda,3,0,1630,Petr Saleny,,,2026-04-06T17:10:20.765000+00:00,SCHEDULED_START_PLUS_DURATION,2026-08-15T13:48:33.183594+00:00,2026-08-15T13:48:33.183594+00:00,6a021c31468ea5400198a8e9ee6703ac92c92dca8ab1642f58d5449477df90fc,api.league-pro.com,OK,37f25c5955c50713c9849b88eb611732292321d1aa83bb216c1e68e3818d3be0
277677,32926,Tournament A18. League 1000-1100,1000-1100,2026-04-06T17:01:54.269000+00:00,2026-04-06T11:01:54.269000-06:00,2026-04-06T19:01:54.269000+02:00,3,COMPLETED,1804,Martin Skotnica,1379,Pavel Wawrosz,3,0,1804,Martin Skotnica,,,2026-04-06T17:14:00.037000+00:00,SCHEDULED_START_PLUS_DURATION,2026-08-15T13:48:33.183594+00:00,2026-08-15T13:48:33.183594+00:00,6a021c31468ea5400198a8e9ee6703ac92c92dca8ab1642f58d5449477df90fc,api.league-pro.com,OK,d4509a6dbacb32700c6a06b51b48be2889a129f89958703530a0fe80d6be1be4
277601,32917,Tournament A16. League 700-800,700-800,2026-04-06T17:01:54.639000+00:00,2026-04-06T11:01:54.639000-06:00,2026-04-06T19:01:54.639000+02:00,3,COMPLETED,1038,Dalimil Machander,1096,Lukas Martinak,3,2,1038,Dalimil Machander,,,2026-04-06T17:33:21.884000+00:00,SCHEDULED_START_PLUS_DURATION,2026-08-15T13:48:33.183594+00:00,2026-08-15T13:48:33.183594+00:00,6a021c31468ea5400198a8e9ee6703ac92c92dca8ab1642f58d5449477df90fc,api.league-pro.com,OK,20ef9ed2d5ac5adc2fbbeffd08531e70ee94d50979293b98dc7b308b0be3c669
277514,32907,Tournament A12. League 600-700,600-700,2026-04-06T17:30:10.397000+00:00,2026-04-06T11:30:10.397000-06:00,2026-04-06T19:30:10.397000+02:00,3,COMPLETED,865,Vladimir Postelt,1545,Yurii Holovatiuk,1,3,1545,Yurii Holovatiuk,,,2026-04-06T17:47:51.156000+00:00,SCHEDULED_START_PLUS_DURATION,2026-08-15T13:48:33.183594+00:00,2026-08-15T13:48:33.183594+00:00,6a021c31468ea5400198a8e9ee6703ac92c92dca8ab1642f58d5449477df90fc,api.league-pro.com,OK,b8f04d19253c5f15c1486f7cb5896dfc27ecd467e699cf263ac4cfe6c099bbcd
277678,32926,Tournament A18. League 1000-1100,1000-1100,2026-04-06T17:30:11.990000+00:00,2026-04-06T11:30:11.990000-06:00,2026-04-06T19:30:11.990000+02:00,3,COMPLETED,1164,Michael Sedlacek,1004,Ondrej Paril,3,0,1164,Michael Sedlacek,,,2026-04-06T17:47:39.422000+00:00,SCHEDULED_START_PLUS_DURATION,2026-08-15T13:48:33.183594+00:00,2026-08-15T13:48:33.183594+00:00,6a021c31468ea5400198a8e9ee6703ac92c92dca8ab1642f58d5449477df90fc,api.league-pro.com,OK,9319a3ce3e81d3b33a4497447b2c57cb9f26a6773d012de3e9eff95283d6123c
277634,32921,Tournament A17. League 900-1000,900-1000,2026-04-06T17:30:12.152000+00:00,2026-04-06T11:30:12.152000-06:00,2026-04-06T19:30:12.152000+02:00,3,COMPLETED,1839,Jan Simecek,1611,Vaclav Nohejl,3,2,1839,Jan Simecek,,,2026-04-06T17:58:59.009000+00:00,SCHEDULED_START_PLUS_DURATION,2026-08-15T13:48:33.183594+00:00,2026-08-15T13:48:33.183594+00:00,6a021c31468ea5400198a8e9ee6703ac92c92dca8ab1642f58d5449477df90fc,api.league-pro.com,OK,d91962b339a716abc6d79b25984722d330c1293d7b0d7698610c8342475d765a
277558,32912,Tournament A14. League 700-800,700-800,2026-04-06T17:30:15.275000+00:00,2026-04-06T11:30:15.275000-06:00,2026-04-06T19:30:15.275000+02:00,3,COMPLETED,781,Jiri Pozarsky,1627,Tomas Vinter,2,3,1627,Tomas Vinter,,,2026-04-06T17:51:25.668000+00:00,SCHEDULED_START_PLUS_DURATION,2026-08-15T13:48:33.183594+00:00,2026-08-15T13:48:33.183594+00:00,6a021c31468ea5400198a8e9ee6703ac92c92dca8ab1642f58d5449477df90fc,api.league-pro.com,OK,a69cf0aa2ce7df91db0e148b6545689999bec010b35101fdf000dad5e6c11eb4
277602,32917,Tournament A16. League 700-800,700-800,2026-04-06T17:35:55.512000+00:00,2026-04-06T11:35:55.512000-06:00,2026-04-06T19:35:55.512000+02:00,3,COMPLETED,1710,Evzen Rychlik,1743,Adrian Walek,1,3,1743,Adrian Walek,,,2026-04-06T17:53:54.561000+00:00,SCHEDULED_START_PLUS_DURATION,2026-08-15T13:48:33.183594+00:00,2026-08-15T13:48:33.183594+00:00,6a021c31468ea5400198a8e9ee6703ac92c92dca8ab1642f58d5449477df90fc,api.league-pro.com,OK,4b8d64ea440b5321b04055f90fb79f34e9b68c4eb2451a5f3c3b52468c88a1ef
277679,32927,Tournament A18. League 800-900,800-900,2026-04-06T18:00:08.884000+00:00,2026-04-06T12:00:08.884000-06:00,2026-04-06T20:00:08.884000+02:00,3,COMPLETED,1093,Sebastian Kasnik,1162,Roman Hudeczek,3,2,1093,Sebastian Kasnik,,,2026-04-06T18:26:36.661000+00:00,SCHEDULED_START_PLUS_DURATION,2026-08-15T13:48:33.183594+00:00,2026-08-15T13:48:33.183594+00:00,6a021c31468ea5400198a8e9ee6703ac92c92dca8ab1642f58d5449477df90fc,api.league-pro.com,OK,6429e136a9cf07b4889d9a0e564214ee2f862260f83865ec2a9d4f0829573dfa
277515,32908,Tournament A12. League 500-550,500-550,2026-04-06T18:00:11.986000+00:00,2026-04-06T12:00:11.986000-06:00,2026-04-06T20:00:11.986000+02:00,3,COMPLETED,1836,Filip Jungman,1520,Tomas Regner,3,1,1836,Filip Jungman,,,2026-04-06T18:14:38.525000+00:00,SCHEDULED_START_PLUS_DURATION,2026-08-15T13:48:33.183594+00:00,2026-08-15T13:48:33.183594+00:00,6a021c31468ea5400198a8e9ee6703ac92c92dca8ab1642f58d5449477df90fc,api.league-pro.com,OK,2bc490df8ee7cc8b7793e384ecb4b950a71e8a68769fa2aa73ddc6796a91b09d
277603,32918,Tournament A16. League 900-1000,900-1000,2026-04-06T18:00:13.759000+00:00,2026-04-06T12:00:13.759000-06:00,2026-04-06T20:00:13.759000+02:00,3,COMPLETED,1705,Michal Cabis,1707,Michal Hrabec,1,3,1707,Michal Hrabec,,,2026-04-06T18:16:55.342000+00:00,SCHEDULED_START_PLUS_DURATION,2026-08-15T13:48:33.183594+00:00,2026-08-15T13:48:33.183594+00:00,6a021c31468ea5400198a8e9ee6703ac92c92dca8ab1642f58d5449477df90fc,api.league-pro.com,OK,868af941285a51aa34383a6b76632c0e56f1132a2177a477a3ac62829bba236e
277559,32913,Tournament A14. League 700-800,700-800,2026-04-06T18:00:39.517000+00:00,2026-04-06T12:00:39.517000-06:00,2026-04-06T20:00:39.517000+02:00,3,COMPLETED,843,Tomas Janata,822,Jaroslav Prokupek,1,3,822,Jaroslav Prokupek,,,2026-04-06T18:16:28.042000+00:00,SCHEDULED_START_PLUS_DURATION,2026-08-15T13:48:33.183594+00:00,2026-08-15T13:48:33.183594+00:00,6a021c31468ea5400198a8e9ee6703ac92c92dca8ab1642f58d5449477df90fc,api.league-pro.com,OK,500a9fba671e2dcc9609baae1bf90ea3fe6957219f79f099f33a944a9744ad94
277643,32923,Tournament A17. League 900-1000,900-1000,2026-04-06T18:02:11.535000+00:00,2026-04-06T12:02:11.535000-06:00,2026-04-06T20:02:11.535000+02:00,3,COMPLETED,1324,Ondrej Svacha,714,Jiri Louda,3,2,1324,Ondrej Svacha,,,2026-04-06T18:22:39.929000+00:00,SCHEDULED_START_PLUS_DURATION,2026-08-15T13:48:33.183594+00:00,2026-08-15T13:48:33.183594+00:00,6a021c31468ea5400198a8e9ee6703ac92c92dca8ab1642f58d5449477df90fc,api.league-pro.com,OK,cf80414dcfb00a1b07aee2b039dc8da8237de526470ab27a094a1992ce1c9392
277680,32927,Tournament A18. League 800-900,800-900,2026-04-06T18:30:08.824000+00:00,2026-04-06T12:30:08.824000-06:00,2026-04-06T20:30:08.824000+02:00,3,COMPLETED,1294,Zbynek Pagac,1709,Michal Chalupa,3,1,1294,Zbynek Pagac,,,2026-04-06T18:49:25.263000+00:00,SCHEDULED_START_PLUS_DURATION,2026-08-15T13:48:33.183594+00:00,2026-08-15T13:48:33.183594+00:00,6a021c31468ea5400198a8e9ee6703ac92c92dca8ab1642f58d5449477df90fc,api.league-pro.com,OK,03e9ffb4ac89c4dec24c17f4b2270f86ff1b9cd35f12778a1dcd525bfdac09ac
277644,32923,Tournament A17. League 900-1000,900-1000,2026-04-06T18:30:08.865000+00:00,2026-04-06T12:30:08.865000-06:00,2026-04-06T20:30:08.865000+02:00,3,COMPLETED,1630,Petr Saleny,1839,Jan Simecek,1,3,1839,Jan Simecek,,,2026-04-06T18:48:07.248000+00:00,SCHEDULED_START_PLUS_DURATION,2026-08-15T13:48:33.183594+00:00,2026-08-15T13:48:33.183594+00:00,6a021c31468ea5400198a8e9ee6703ac92c92dca8ab1642f58d5449477df90fc,api.league-pro.com,OK,cfc3f205402e6b52dad3bbf5ae0f497f2574699cfec722ae1bfcbcdf84429758
277516,32908,Tournament A12. League 500-550,500-550,2026-04-06T18:30:10.322000+00:00,2026-04-06T12:30:10.322000-06:00,2026-04-06T20:30:10.322000+02:00,3,COMPLETED,798,Radek Bartunek,1217,Martin Stefek,3,1,798,Radek Bartunek,,,2026-04-06T18:47:59.219000+00:00,SCHEDULED_START_PLUS_DURATION,2026-08-15T13:48:33.183594+00:00,2026-08-15T13:48:33.183594+00:00,6a021c31468ea5400198a8e9ee6703ac92c92dca8ab1642f58d5449477df90fc,api.league-pro.com,OK,9d9b1244aa8fc123352b153db006a02d49efe8370777af5f9d37b865a10bb59c
277604,32918,Tournament A16. League 900-1000,900-1000,2026-04-06T18:30:20.411000+00:00,2026-04-06T12:30:20.411000-06:00,2026-04-06T20:30:20.411000+02:00,3,COMPLETED,1283,Radovan Polasek,1121,Matyas Navedla,3,2,1283,Radovan Polasek,,,2026-04-06T18:55:20.689000+00:00,SCHEDULED_START_PLUS_DURATION,2026-08-15T13:48:33.183594+00:00,2026-08-15T13:48:33.183594+00:00,6a021c31468ea5400198a8e9ee6703ac92c92dca8ab1642f58d5449477df90fc,api.league-pro.com,OK,a0bec76bb05da0e672bc52c2616b61c4cde76b14fa85e29d18c8cc3e1bd3e47d
277560,32913,Tournament A14. League 700-800,700-800,2026-04-06T18:30:37.552000+00:00,2026-04-06T12:30:37.552000-06:00,2026-04-06T20:30:37.552000+02:00,3,COMPLETED,1673,Ba Hoang Tai Nguyen,1428,Lubos Krticka,3,0,1673,Ba Hoang Tai Nguyen,,,2026-04-06T18:41:52.633000+00:00,SCHEDULED_START_PLUS_DURATION,2026-08-15T13:48:33.183594+00:00,2026-08-15T13:48:33.183594+00:00,6a021c31468ea5400198a8e9ee6703ac92c92dca8ab1642f58d5449477df90fc,api.league-pro.com,OK,02dde0261fd78075f4b7b7e1939a99e8617191eb2eaaffc17d21cbc56e9fde10
277681,32927,Tournament A18. League 800-900,800-900,2026-04-06T19:00:09.422000+00:00,2026-04-06T13:00:09.422000-06:00,2026-04-06T21:00:09.422000+02:00,3,COMPLETED,1162,Roman Hudeczek,1294,Zbynek Pagac,2,3,1294,Zbynek Pagac,,,2026-04-06T19:23:54.078000+00:00,SCHEDULED_START_PLUS_DURATION,2026-08-15T13:48:33.183594+00:00,2026-08-15T13:48:33.183594+00:00,6a021c31468ea5400198a8e9ee6703ac92c92dca8ab1642f58d5449477df90fc,api.league-pro.com,OK,b52812f765767042575b725d64c33399371621139690f95eb7cd305908f361c7
277645,32923,Tournament A17. League 900-1000,900-1000,2026-04-06T19:00:10.302000+00:00,2026-04-06T13:00:10.302000-06:00,2026-04-06T21:00:10.302000+02:00,3,COMPLETED,714,Jiri Louda,1630,Petr Saleny,3,0,714,Jiri Louda,,,2026-04-06T19:11:35.492000+00:00,SCHEDULED_START_PLUS_DURATION,2026-08-15T13:48:33.183594+00:00,2026-08-15T13:48:33.183594+00:00,6a021c31468ea5400198a8e9ee6703ac92c92dca8ab1642f58d5449477df90fc,api.league-pro.com,OK,562ff50dd41cf2dc0e7e9a10c11856e0e9b54b0012418e724e2be7bf2337d6eb
277517,32908,Tournament A12. League 500-550,500-550,2026-04-06T19:00:11.711000+00:00,2026-04-06T13:00:11.711000-06:00,2026-04-06T21:00:11.711000+02:00,3,COMPLETED,1520,Tomas Regner,798,Radek Bartunek,3,1,1520,Tomas Regner,,,2026-04-06T19:23:30.836000+00:00,SCHEDULED_START_PLUS_DURATION,2026-08-15T13:48:33.183594+00:00,2026-08-15T13:48:33.183594+00:00,6a021c31468ea5400198a8e9ee6703ac92c92dca8ab1642f58d5449477df90fc,api.league-pro.com,OK,671bd19641d1edc7dc96a546684c2380f8a2fc8b37437c999f27325b3657acd8
277605,32918,Tournament A16. League 900-1000,900-1000,2026-04-06T19:00:16.344000+00:00,2026-04-06T13:00:16.344000-06:00,2026-04-06T21:00:16.344000+02:00,3,COMPLETED,1707,Michal Hrabec,1283,Radovan Polasek,3,1,1707,Michal Hrabec,,,2026-04-06T19:18:45.677000+00:00,SCHEDULED_START_PLUS_DURATION,2026-08-15T13:48:33.183594+00:00,2026-08-15T13:48:33.183594+00:00,6a021c31468ea5400198a8e9ee6703ac92c92dca8ab1642f58d5449477df90fc,api.league-pro.com,OK,ad2856829e410390bc659ffb9a1a0e269a4f2f7aa59b828ff2cb8931cec05f25
277561,32913,Tournament A14. League 700-800,700-800,2026-04-06T19:00:19.114000+00:00,2026-04-06T13:00:19.114000-06:00,2026-04-06T21:00:19.114000+02:00,3,COMPLETED,822,Jaroslav Prokupek,1673,Ba Hoang Tai Nguyen,1,3,1673,Ba Hoang Tai Nguyen,,,2026-04-06T19:17:25.600000+00:00,SCHEDULED_START_PLUS_DURATION,2026-08-15T13:48:33.183594+00:00,2026-08-15T13:48:33.183594+00:00,6a021c31468ea5400198a8e9ee6703ac92c92dca8ab1642f58d5449477df90fc,api.league-pro.com,OK,0b7a202ee9a71368ef36ae76f8d9b5c5756b8d23a7471e234f2ceb0eddcb6cd5
277682,32927,Tournament A18. League 800-900,800-900,2026-04-06T19:30:09.278000+00:00,2026-04-06T13:30:09.278000-06:00,2026-04-06T21:30:09.278000+02:00,3,COMPLETED,1709,Michal Chalupa,1093,Sebastian Kasnik,1,3,1093,Sebastian Kasnik,,,2026-04-06T19:50:35.415000+00:00,SCHEDULED_START_PLUS_DURATION,2026-08-15T13:48:33.183594+00:00,2026-08-15T13:48:33.183594+00:00,6a021c31468ea5400198a8e9ee6703ac92c92dca8ab1642f58d5449477df90fc,api.league-pro.com,OK,6fbbf365b6da50cfe22fa324675abbea9a46b4dff239a6a92a4d8bfd715f6c08
277562,32913,Tournament A14. League 700-800,700-800,2026-04-06T19:30:10.961000+00:00,2026-04-06T13:30:10.961000-06:00,2026-04-06T21:30:10.961000+02:00,3,COMPLETED,1428,Lubos Krticka,843,Tomas Janata,1,3,843,Tomas Janata,,,2026-04-06T19:46:31.444000+00:00,SCHEDULED_START_PLUS_DURATION,2026-08-15T13:48:33.183594+00:00,2026-08-15T13:48:33.183594+00:00,6a021c31468ea5400198a8e9ee6703ac92c92dca8ab1642f58d5449477df90fc,api.league-pro.com,OK,732aa9d3532fe9f88d3b76da84bb308a39b0e7abb1b1294837e3a88da8b7ca5c
277646,32923,Tournament A17. League 900-1000,900-1000,2026-04-06T19:30:11.593000+00:00,2026-04-06T13:30:11.593000-06:00,2026-04-06T21:30:11.593000+02:00,3,COMPLETED,1839,Jan Simecek,1324,Ondrej Svacha,3,0,1839,Jan Simecek,,,2026-04-06T19:40:53.193000+00:00,SCHEDULED_START_PLUS_DURATION,2026-08-15T13:48:33.183594+00:00,2026-08-15T13:48:33.183594+00:00,6a021c31468ea5400198a8e9ee6703ac92c92dca8ab1642f58d5449477df90fc,api.league-pro.com,OK,facc6fa264ababcedab0da59ef9172c25768dd72acc42ded349ad5899dfb1827
277518,32908,Tournament A12. League 500-550,500-550,2026-04-06T19:30:13.001000+00:00,2026-04-06T13:30:13.001000-06:00,2026-04-06T21:30:13.001000+02:00,3,COMPLETED,1217,Martin Stefek,1836,Filip Jungman,0,3,1836,Filip Jungman,,,2026-04-06T19:40:44.715000+00:00,SCHEDULED_START_PLUS_DURATION,2026-08-15T13:48:33.183594+00:00,2026-08-15T13:48:33.183594+00:00,6a021c31468ea5400198a8e9ee6703ac92c92dca8ab1642f58d5449477df90fc,api.league-pro.com,OK,11d39867196a174e0037dfd3f44186cff4c592557f8f9c525cfc4ea9373f52c1
277606,32918,Tournament A16. League 900-1000,900-1000,2026-04-06T19:30:14.971000+00:00,2026-04-06T13:30:14.971000-06:00,2026-04-06T21:30:14.971000+02:00,3,COMPLETED,1121,Matyas Navedla,1705,Michal Cabis,1,3,1705,Michal Cabis,,,2026-04-06T19:48:12.536000+00:00,SCHEDULED_START_PLUS_DURATION,2026-08-15T13:48:33.183594+00:00,2026-08-15T13:48:33.183594+00:00,6a021c31468ea5400198a8e9ee6703ac92c92dca8ab1642f58d5449477df90fc,api.league-pro.com,OK,f43583202dedd1d4879b17308fb2905f12748a44b8544466baacc3133e99bc28
277683,32927,Tournament A18. League 800-900,800-900,2026-04-06T20:00:07.842000+00:00,2026-04-06T14:00:07.842000-06:00,2026-04-06T22:00:07.842000+02:00,3,COMPLETED,1093,Sebastian Kasnik,1294,Zbynek Pagac,3,1,1093,Sebastian Kasnik,,,2026-04-06T20:19:34.037000+00:00,SCHEDULED_START_PLUS_DURATION,2026-08-15T13:48:33.183594+00:00,2026-08-15T13:48:33.183594+00:00,6a021c31468ea5400198a8e9ee6703ac92c92dca8ab1642f58d5449477df90fc,api.league-pro.com,OK,637d2ab7097df1c77790252d39fe3be7f02e77f9ad9f58a0f273662a8ce68b0e
277607,32918,Tournament A16. League 900-1000,900-1000,2026-04-06T20:00:10.487000+00:00,2026-04-06T14:00:10.487000-06:00,2026-04-06T22:00:10.487000+02:00,3,COMPLETED,1705,Michal Cabis,1283,Radovan Polasek,3,1,1705,Michal Cabis,,,2026-04-06T20:21:27.540000+00:00,SCHEDULED_START_PLUS_DURATION,2026-08-15T13:48:33.183594+00:00,2026-08-15T13:48:33.183594+00:00,6a021c31468ea5400198a8e9ee6703ac92c92dca8ab1642f58d5449477df90fc,api.league-pro.com,OK,4163e51f35314c353a292ba2ea7ef4ee16fc20a04db024a058fb90fae225ad46
277647,32923,Tournament A17. League 900-1000,900-1000,2026-04-06T20:00:11.184000+00:00,2026-04-06T14:00:11.184000-06:00,2026-04-06T22:00:11.184000+02:00,3,COMPLETED,1324,Ondrej Svacha,1630,Petr Saleny,3,2,1324,Ondrej Svacha,,,2026-04-06T20:17:56.447000+00:00,SCHEDULED_START_PLUS_DURATION,2026-08-15T13:48:33.183594+00:00,2026-08-15T13:48:33.183594+00:00,6a021c31468ea5400198a8e9ee6703ac92c92dca8ab1642f58d5449477df90fc,api.league-pro.com,OK,64ada28fc5456e7e0b5554d8bdd6720647d97c2b0c4d7d93d1adbceb3402cac8
277563,32913,Tournament A14. League 700-800,700-800,2026-04-06T20:00:12.547000+00:00,2026-04-06T14:00:12.547000-06:00,2026-04-06T22:00:12.547000+02:00,3,COMPLETED,843,Tomas Janata,1673,Ba Hoang Tai Nguyen,3,2,843,Tomas Janata,,,2026-04-06T20:20:54.936000+00:00,SCHEDULED_START_PLUS_DURATION,2026-08-15T13:48:33.183594+00:00,2026-08-15T13:48:33.183594+00:00,6a021c31468ea5400198a8e9ee6703ac92c92dca8ab1642f58d5449477df90fc,api.league-pro.com,OK,b27e0a481b1d0fe6e73ddadce843e40bc0e417738f3d52a1e072030d9b10008d
277519,32908,Tournament A12. League 500-550,500-550,2026-04-06T20:00:15.702000+00:00,2026-04-06T14:00:15.702000-06:00,2026-04-06T22:00:15.702000+02:00,3,COMPLETED,1836,Filip Jungman,798,Radek Bartunek,3,0,1836,Filip Jungman,,,2026-04-06T20:18:37.903000+00:00,SCHEDULED_START_PLUS_DURATION,2026-08-15T13:48:33.183594+00:00,2026-08-15T13:48:33.183594+00:00,6a021c31468ea5400198a8e9ee6703ac92c92dca8ab1642f58d5449477df90fc,api.league-pro.com,OK,2a20fbc6d7a8f808a21cce3dcf1342b2ea7b93b817c0114f136213c8f1af6356
277520,32908,Tournament A12. League 500-550,500-550,2026-04-06T20:30:09.007000+00:00,2026-04-06T14:30:09.007000-06:00,2026-04-06T22:30:09.007000+02:00,3,COMPLETED,1520,Tomas Regner,1217,Martin Stefek,0,3,1217,Martin Stefek,,,2026-04-06T20:41:00.041000+00:00,SCHEDULED_START_PLUS_DURATION,2026-08-15T13:48:33.183594+00:00,2026-08-15T13:48:33.183594+00:00,6a021c31468ea5400198a8e9ee6703ac92c92dca8ab1642f58d5449477df90fc,api.league-pro.com,OK,fba526d4f9c972ef247959c2b06067315b35892d5cd372e0bd10b309fadef82c
277648,32923,Tournament A17. League 900-1000,900-1000,2026-04-06T20:30:09.063000+00:00,2026-04-06T14:30:09.063000-06:00,2026-04-06T22:30:09.063000+02:00,3,COMPLETED,714,Jiri Louda,1839,Jan Simecek,1,3,1839,Jan Simecek,,,2026-04-06T20:43:33.211000+00:00,SCHEDULED_START_PLUS_DURATION,2026-08-15T13:48:33.183594+00:00,2026-08-15T13:48:33.183594+00:00,6a021c31468ea5400198a8e9ee6703ac92c92dca8ab1642f58d5449477df90fc,api.league-pro.com,OK,abc6fb67f41d85e7e8b1db3daf92fc3f67322251370c565ee7a84635ac7f1a73
277608,32918,Tournament A16. League 900-1000,900-1000,2026-04-06T20:30:09.376000+00:00,2026-04-06T14:30:09.376000-06:00,2026-04-06T22:30:09.376000+02:00,3,COMPLETED,1707,Michal Hrabec,1121,Matyas Navedla,2,3,1121,Matyas Navedla,,,2026-04-06T20:49:58.620000+00:00,SCHEDULED_START_PLUS_DURATION,2026-08-15T13:48:33.183594+00:00,2026-08-15T13:48:33.183594+00:00,6a021c31468ea5400198a8e9ee6703ac92c92dca8ab1642f58d5449477df90fc,api.league-pro.com,OK,4521e883c1d1d8eac8c0eb72d8473242553c65591dbc2a1adfb0ac7da059a5fc
277684,32927,Tournament A18. League 800-900,800-900,2026-04-06T20:30:10.770000+00:00,2026-04-06T14:30:10.770000-06:00,2026-04-06T22:30:10.770000+02:00,3,COMPLETED,1162,Roman Hudeczek,1709,Michal Chalupa,3,1,1162,Roman Hudeczek,,,2026-04-06T20:47:54.297000+00:00,SCHEDULED_START_PLUS_DURATION,2026-08-15T13:48:33.183594+00:00,2026-08-15T13:48:33.183594+00:00,6a021c31468ea5400198a8e9ee6703ac92c92dca8ab1642f58d5449477df90fc,api.league-pro.com,OK,5a28b09d4325b2802ade19bed0bd8a69fac2fca6e52b12d3b4fd9ff9e951323b
277564,32913,Tournament A14. League 700-800,700-800,2026-04-06T20:30:26.961000+00:00,2026-04-06T14:30:26.961000-06:00,2026-04-06T22:30:26.961000+02:00,3,COMPLETED,822,Jaroslav Prokupek,1428,Lubos Krticka,3,1,822,Jaroslav Prokupek,,,2026-04-06T20:48:45.111000+00:00,SCHEDULED_START_PLUS_DURATION,2026-08-15T13:48:33.183594+00:00,2026-08-15T13:48:33.183594+00:00,6a021c31468ea5400198a8e9ee6703ac92c92dca8ab1642f58d5449477df90fc,api.league-pro.com,OK,96712744a6d62b569fc2c2f42c900b94b25299aa07312d4d5f8047295929b52a
277565,32913,Tournament A14. League 700-800,700-800,2026-04-06T21:00:21.593000+00:00,2026-04-06T15:00:21.593000-06:00,2026-04-06T23:00:21.593000+02:00,3,COMPLETED,843,Tomas Janata,1428,Lubos Krticka,0,3,1428,Lubos Krticka,,,2026-04-06T21:11:13.910000+00:00,SCHEDULED_START_PLUS_DURATION,2026-08-15T13:48:33.183594+00:00,2026-08-15T13:48:33.183594+00:00,6a021c31468ea5400198a8e9ee6703ac92c92dca8ab1642f58d5449477df90fc,api.league-pro.com,OK,581c027b0ad27e410fbc29f0f07d7b13e090ea1b31ed9c0b16ab9c3575b791c4
277521,32908,Tournament A12. League 500-550,500-550,2026-04-06T21:00:25.550000+00:00,2026-04-06T15:00:25.550000-06:00,2026-04-06T23:00:25.550000+02:00,3,COMPLETED,798,Radek Bartunek,1520,Tomas Regner,3,0,798,Radek Bartunek,,,2026-04-06T21:13:30.121000+00:00,SCHEDULED_START_PLUS_DURATION,2026-08-15T13:48:33.183594+00:00,2026-08-15T13:48:33.183594+00:00,6a021c31468ea5400198a8e9ee6703ac92c92dca8ab1642f58d5449477df90fc,api.league-pro.com,OK,1a5f6a569d95ec917978bbbc95c99e534e269eac8379707105a2a5041ff39b6f
277609,32918,Tournament A16. League 900-1000,900-1000,2026-04-06T21:00:26.105000+00:00,2026-04-06T15:00:26.105000-06:00,2026-04-06T23:00:26.105000+02:00,3,COMPLETED,1121,Matyas Navedla,1283,Radovan Polasek,1,3,1283,Radovan Polasek,,,2026-04-06T21:19:58.913000+00:00,SCHEDULED_START_PLUS_DURATION,2026-08-15T13:48:33.183594+00:00,2026-08-15T13:48:33.183594+00:00,6a021c31468ea5400198a8e9ee6703ac92c92dca8ab1642f58d5449477df90fc,api.league-pro.com,OK,35ee27d8adc487c0c81738dea3ab91bdb6c61b61adc210ee236f0395c1999623
277685,32927,Tournament A18. League 800-900,800-900,2026-04-06T21:00:28.369000+00:00,2026-04-06T15:00:28.369000-06:00,2026-04-06T23:00:28.369000+02:00,3,COMPLETED,1162,Roman Hudeczek,1709,Michal Chalupa,2,3,1709,Michal Chalupa,,,2026-04-06T21:33:32.642000+00:00,SCHEDULED_START_PLUS_DURATION,2026-08-15T13:48:33.183594+00:00,2026-08-15T13:48:33.183594+00:00,6a021c31468ea5400198a8e9ee6703ac92c92dca8ab1642f58d5449477df90fc,api.league-pro.com,OK,0f495af775de509ff9003c82b826a55a829ae065b53a8514f6a145c6c3526ab2
277649,32923,Tournament A17. League 900-1000,900-1000,2026-04-06T21:00:30.549000+00:00,2026-04-06T15:00:30.549000-06:00,2026-04-06T23:00:30.549000+02:00,3,COMPLETED,714,Jiri Louda,1630,Petr Saleny,3,0,714,Jiri Louda,,,2026-04-06T21:10:03.576000+00:00,SCHEDULED_START_PLUS_DURATION,2026-08-15T13:48:33.183594+00:00,2026-08-15T13:48:33.183594+00:00,6a021c31468ea5400198a8e9ee6703ac92c92dca8ab1642f58d5449477df90fc,api.league-pro.com,OK,ca9f31823b60363abbd1ba52abe4f22883649acc7f8bf970e7c3a79866e84f6a
277650,32923,Tournament A17. League 900-1000,900-1000,2026-04-06T21:30:09.460000+00:00,2026-04-06T15:30:09.460000-06:00,2026-04-06T23:30:09.460000+02:00,3,COMPLETED,1839,Jan Simecek,1324,Ondrej Svacha,0,3,1324,Ondrej Svacha,,,2026-04-06T21:41:44.226000+00:00,SCHEDULED_START_PLUS_DURATION,2026-08-15T13:48:33.183594+00:00,2026-08-15T13:48:33.183594+00:00,6a021c31468ea5400198a8e9ee6703ac92c92dca8ab1642f58d5449477df90fc,api.league-pro.com,OK,14b72938962eb2086c77e6491b20e94e37b3817d11fa138272fc1cf9723bea20
277522,32908,Tournament A12. League 500-550,500-550,2026-04-06T21:30:11.056000+00:00,2026-04-06T15:30:11.056000-06:00,2026-04-06T23:30:11.056000+02:00,3,COMPLETED,1836,Filip Jungman,1217,Martin Stefek,0,3,1217,Martin Stefek,,,2026-04-06T21:41:12.965000+00:00,SCHEDULED_START_PLUS_DURATION,2026-08-15T13:48:33.183594+00:00,2026-08-15T13:48:33.183594+00:00,6a021c31468ea5400198a8e9ee6703ac92c92dca8ab1642f58d5449477df90fc,api.league-pro.com,OK,c11b08c79a254804d10f6e4ba2fa4c99cbb2ee3cd78aa53aa3a3173d5f938297
277610,32918,Tournament A16. League 900-1000,900-1000,2026-04-06T21:30:11.424000+00:00,2026-04-06T15:30:11.424000-06:00,2026-04-06T23:30:11.424000+02:00,3,COMPLETED,1707,Michal Hrabec,1705,Michal Cabis,2,3,1705,Michal Cabis,,,2026-04-06T21:50:33.304000+00:00,SCHEDULED_START_PLUS_DURATION,2026-08-15T13:48:33.183594+00:00,2026-08-15T13:48:33.183594+00:00,6a021c31468ea5400198a8e9ee6703ac92c92dca8ab1642f58d5449477df90fc,api.league-pro.com,OK,222d94275a00aeb4fd2971c708491c216caa18da6303361e4ad19a7da341af8c
277566,32913,Tournament A14. League 700-800,700-800,2026-04-06T21:30:35.810000+00:00,2026-04-06T15:30:35.810000-06:00,2026-04-06T23:30:35.810000+02:00,3,COMPLETED,1673,Ba Hoang Tai Nguyen,822,Jaroslav Prokupek,0,3,822,Jaroslav Prokupek,,,2026-04-06T21:41:15.546000+00:00,SCHEDULED_START_PLUS_DURATION,2026-08-15T13:48:33.183594+00:00,2026-08-15T13:48:33.183594+00:00,6a021c31468ea5400198a8e9ee6703ac92c92dca8ab1642f58d5449477df90fc,api.league-pro.com,OK,3941d9d8295bba9b25399167f79650e91136700e701dbade6dc29abafff19f8d
277686,32927,Tournament A18. League 800-900,800-900,2026-04-06T21:34:43.644000+00:00,2026-04-06T15:34:43.644000-06:00,2026-04-06T23:34:43.644000+02:00,3,COMPLETED,1093,Sebastian Kasnik,1294,Zbynek Pagac,1,3,1294,Zbynek Pagac,,,2026-04-06T21:53:28.794000+00:00,SCHEDULED_START_PLUS_DURATION,2026-08-15T13:48:33.183594+00:00,2026-08-15T13:48:33.183594+00:00,6a021c31468ea5400198a8e9ee6703ac92c92dca8ab1642f58d5449477df90fc,api.league-pro.com,OK,c9afb6173c667d579aa648194a93a33615df2c917ec7cc6fdf63ac37e7bca3cb
277568,32914,Tournament A14. League 700-800,700-800,2026-04-06T22:30:07.814000+00:00,2026-04-06T16:30:07.814000-06:00,2026-04-07T00:30:07.814000+02:00,3,COMPLETED,1673,Ba Hoang Tai Nguyen,843,Tomas Janata,3,2,1673,Ba Hoang Tai Nguyen,,,2026-04-06T22:48:10.422000+00:00,SCHEDULED_START_PLUS_DURATION,2026-08-15T13:48:35.066494+00:00,2026-08-15T13:48:35.066494+00:00,45a2e367b91ad8f88357bc6139fc75ac56eeeb635973936df04014a7ec77cae5,api.league-pro.com,OK,e3efc1f1659552de7032763a88a2485e96219b5a6057548dbc9c0b18b1bcfbc1
277524,32909,Tournament A12. League 800-900,800-900,2026-04-06T22:30:10.931000+00:00,2026-04-06T16:30:10.931000-06:00,2026-04-07T00:30:10.931000+02:00,3,COMPLETED,1563,Martin Sychra,875,Martin Sobisek,3,0,1563,Martin Sychra,,,2026-04-06T22:43:29.946000+00:00,SCHEDULED_START_PLUS_DURATION,2026-08-15T13:48:35.066494+00:00,2026-08-15T13:48:35.066494+00:00,45a2e367b91ad8f88357bc6139fc75ac56eeeb635973936df04014a7ec77cae5,api.league-pro.com,OK,439f59809ee9f19a2e47a84df2eb5ba377fb93f8043583d3bb53d679bafcb8a0
277652,32924,Tournament A17. League 600-700,600-700,2026-04-06T22:30:11.639000+00:00,2026-04-06T16:30:11.639000-06:00,2026-04-07T00:30:11.639000+02:00,3,COMPLETED,1260,Pavel Fojt,1344,Petr Picek,3,0,1260,Pavel Fojt,,,2026-04-06T22:41:05.157000+00:00,SCHEDULED_START_PLUS_DURATION,2026-08-15T13:48:35.066494+00:00,2026-08-15T13:48:35.066494+00:00,45a2e367b91ad8f88357bc6139fc75ac56eeeb635973936df04014a7ec77cae5,api.league-pro.com,OK,fa9b7774ef5425e46192cfe3051d2a822852a36277f14b9574663f2f45b06342
277569,32914,Tournament A14. League 700-800,700-800,2026-04-06T23:00:09.350000+00:00,2026-04-06T17:00:09.350000-06:00,2026-04-07T01:00:09.350000+02:00,3,COMPLETED,1522,Tomas Barta,853,Patrik Pycha,2,3,853,Patrik Pycha,,,2026-04-06T23:19:12.355000+00:00,SCHEDULED_START_PLUS_DURATION,2026-08-15T13:48:35.066494+00:00,2026-08-15T13:48:35.066494+00:00,45a2e367b91ad8f88357bc6139fc75ac56eeeb635973936df04014a7ec77cae5,api.league-pro.com,OK,c01a843d14065cb0eacf75565836c761d7d470f14d1027a1459f5c23afac198e
277653,32924,Tournament A17. League 600-700,600-700,2026-04-06T23:00:11.948000+00:00,2026-04-06T17:00:11.948000-06:00,2026-04-07T01:00:11.948000+02:00,3,COMPLETED,834,Tomas Andrle,1690,Alexander Mikuska,3,1,834,Tomas Andrle,,,2026-04-06T23:23:33.222000+00:00,SCHEDULED_START_PLUS_DURATION,2026-08-15T13:48:35.066494+00:00,2026-08-15T13:48:35.066494+00:00,45a2e367b91ad8f88357bc6139fc75ac56eeeb635973936df04014a7ec77cae5,api.league-pro.com,OK,49eb6799ef60c3f0c822a1e2892c5fee3791917454705615d840ab30d24ebe2b
277525,32909,Tournament A12. League 800-900,800-900,2026-04-06T23:00:13.768000+00:00,2026-04-06T17:00:13.768000-06:00,2026-04-07T01:00:13.768000+02:00,3,COMPLETED,809,Michal Regner,685,Ales Bayer,3,0,809,Michal Regner,,,2026-04-06T23:10:12.039000+00:00,SCHEDULED_START_PLUS_DURATION,2026-08-15T13:48:35.066494+00:00,2026-08-15T13:48:35.066494+00:00,45a2e367b91ad8f88357bc6139fc75ac56eeeb635973936df04014a7ec77cae5,api.league-pro.com,OK,bd861b2ce8947461799a8d297d84ba0581f82ce06c3fb5c9e15a09a67428cdf0
277570,32914,Tournament A14. League 700-800,700-800,2026-04-06T23:30:07.470000+00:00,2026-04-06T17:30:07.470000-06:00,2026-04-07T01:30:07.470000+02:00,3,COMPLETED,1629,Matej Volf,1673,Ba Hoang Tai Nguyen,2,3,1673,Ba Hoang Tai Nguyen,,,2026-04-06T23:49:43.798000+00:00,SCHEDULED_START_PLUS_DURATION,2026-08-15T13:48:35.066494+00:00,2026-08-15T13:48:35.066494+00:00,45a2e367b91ad8f88357bc6139fc75ac56eeeb635973936df04014a7ec77cae5,api.league-pro.com,OK,fc441b68479be2c8b649d9487897a813a7bd0f0c39ef5440f272727ef09ce163
277526,32909,Tournament A12. League 800-900,800-900,2026-04-06T23:30:11.604000+00:00,2026-04-06T17:30:11.604000-06:00,2026-04-07T01:30:11.604000+02:00,3,COMPLETED,1692,Petr Sebera,1563,Martin Sychra,3,1,1692,Petr Sebera,,,2026-04-06T23:49:32.698000+00:00,SCHEDULED_START_PLUS_DURATION,2026-08-15T13:48:35.066494+00:00,2026-08-15T13:48:35.066494+00:00,45a2e367b91ad8f88357bc6139fc75ac56eeeb635973936df04014a7ec77cae5,api.league-pro.com,OK,b2f0e8f810125afce246d9f5b60382d1a5b6741d38ce8f6e9f4d8f49242e7cb7
277654,32924,Tournament A17. League 600-700,600-700,2026-04-06T23:30:12.328000+00:00,2026-04-06T17:30:12.328000-06:00,2026-04-07T01:30:12.328000+02:00,3,COMPLETED,1015,Michal Vedmoch,1260,Pavel Fojt,1,3,1260,Pavel Fojt,,,2026-04-06T23:48:03.686000+00:00,SCHEDULED_START_PLUS_DURATION,2026-08-15T13:48:35.066494+00:00,2026-08-15T13:48:35.066494+00:00,45a2e367b91ad8f88357bc6139fc75ac56eeeb635973936df04014a7ec77cae5,api.league-pro.com,OK,29825345fb9a99cc2280e8801a554cbbce1122784df09ef1891dbe22fe83d9c0
