match_id,tournament_id,tournament_name,league_band,scheduled_start_utc,scheduled_start_mountain,scheduled_start_prague,official_status,normalized_status,player_1_id,player_1_name,player_2_id,player_2_name,player_1_sets,player_2_sets,winner_player_id,winner_player_name,set_scores,completed_at_utc,first_seen_at_utc,last_seen_at_utc,source_snapshot_id,source,data_quality,content_hash
296899,35181,Tournament A17. League 550-600,550-600,2026-07-13T00:00:09.589000+00:00,2026-07-12T18:00:09.589000-06:00,2026-07-13T02:00:09.589000+02:00,3,COMPLETED,834,Tomas Andrle,1603,Oleg Vitrovyj,2,3,1603,Oleg Vitrovyj,2-3,2026-07-13T00:29:53.987000+00:00,2026-07-22T05:40:48.224981+00:00,2026-07-22T05:40:48.224981+00:00,94fc5334a1c9d3f326ab8f0ad8fa5b20d223a1978f396b690ecb0a1160a19951,api.league-pro.com,OK,09d364a1b89f2339121030869538584e0f739bf3bc9eefe8348f1caf5e1495b6
296791,35168,Tournament A14. League 600-700,600-700,2026-07-13T00:00:30.259000+00:00,2026-07-12T18:00:30.259000-06:00,2026-07-13T02:00:30.259000+02:00,3,COMPLETED,934,Jiri Plachy,1260,Pavel Fojt,3,1,934,Jiri Plachy,3-1,2026-07-13T00:19:45.954000+00:00,2026-07-22T05:40:48.224981+00:00,2026-07-22T05:40:48.224981+00:00,94fc5334a1c9d3f326ab8f0ad8fa5b20d223a1978f396b690ecb0a1160a19951,api.league-pro.com,OK,0a3ef1e539abafb7cb9ab673cb1346141e1b972aaa42b22c3b0f9b4faa138aed
296747,35163,Tournament A12. League 400-450,400-450,2026-07-13T00:00:49.207000+00:00,2026-07-12T18:00:49.207000-06:00,2026-07-13T02:00:49.207000+02:00,3,COMPLETED,1374,Josef Pelikan,1145,Jan Potensky,0,3,1145,Jan Potensky,0-3,2026-07-13T00:11:34.683000+00:00,2026-07-22T05:40:48.224981+00:00,2026-07-22T05:40:48.224981+00:00,94fc5334a1c9d3f326ab8f0ad8fa5b20d223a1978f396b690ecb0a1160a19951,api.league-pro.com,OK,a8361fd50719ea0fc81b20436dd9888bf12dda05b30dc01a6526a995535c9f4b
296748,35163,Tournament A12. League 400-450,400-450,2026-07-13T00:30:01.492000+00:00,2026-07-12T18:30:01.492000-06:00,2026-07-13T02:30:01.492000+02:00,3,COMPLETED,1597,Jiri Grohsgott,1248,David Mutl,3,1,1597,Jiri Grohsgott,3-1,2026-07-13T00:51:23.157000+00:00,2026-07-22T05:40:48.224981+00:00,2026-07-22T05:40:48.224981+00:00,94fc5334a1c9d3f326ab8f0ad8fa5b20d223a1978f396b690ecb0a1160a19951,api.league-pro.com,OK,86b6ce8ff308b052319f815cefd34ad7d2a782dbdb4b48f7c748f135f0b348cb
296792,35168,Tournament A14. League 600-700,600-700,2026-07-13T00:30:20.341000+00:00,2026-07-12T18:30:20.341000-06:00,2026-07-13T02:30:20.341000+02:00,3,COMPLETED,1679,Jiri Dedek,822,Jaroslav Prokupek,3,0,1679,Jiri Dedek,3-0,2026-07-13T00:42:42.624000+00:00,2026-07-22T05:40:48.224981+00:00,2026-07-22T05:40:48.224981+00:00,94fc5334a1c9d3f326ab8f0ad8fa5b20d223a1978f396b690ecb0a1160a19951,api.league-pro.com,OK,8aff20ce4845b3455ba92af2c5e43edcda9c0c1289f9ff2f6ac1a3e2026926ae
296900,35181,Tournament A17. League 550-600,550-600,2026-07-13T00:31:57.088000+00:00,2026-07-12T18:31:57.088000-06:00,2026-07-13T02:31:57.088000+02:00,3,COMPLETED,1285,Jan Pleskot,1412,Jan Steffan,1,3,1412,Jan Steffan,1-3,2026-07-13T00:45:54.456000+00:00,2026-07-22T05:40:48.224981+00:00,2026-07-22T05:40:48.224981+00:00,94fc5334a1c9d3f326ab8f0ad8fa5b20d223a1978f396b690ecb0a1160a19951,api.league-pro.com,OK,2309cbf645964b5e737be9ec8253f7fb6b16e8198d9ffb4d861c23676a56c6cc
296749,35163,Tournament A12. League 400-450,400-450,2026-07-13T01:00:03.649000+00:00,2026-07-12T19:00:03.649000-06:00,2026-07-13T03:00:03.649000+02:00,3,COMPLETED,1145,Jan Potensky,1321,Alexander Hejduk,3,0,1145,Jan Potensky,3-0,2026-07-13T01:12:05.818000+00:00,2026-07-22T05:40:48.224981+00:00,2026-07-22T05:40:48.224981+00:00,94fc5334a1c9d3f326ab8f0ad8fa5b20d223a1978f396b690ecb0a1160a19951,api.league-pro.com,OK,4cce64a7bb089b76e2f49266f2df93bce07ea04e7c3403e0eb5cd3e538404b34
296901,35181,Tournament A17. League 550-600,550-600,2026-07-13T01:00:06.415000+00:00,2026-07-12T19:00:06.415000-06:00,2026-07-13T03:00:06.415000+02:00,3,COMPLETED,1603,Oleg Vitrovyj,1520,Tomas Regner,3,1,1603,Oleg Vitrovyj,3-1,2026-07-13T01:20:03.646000+00:00,2026-07-22T05:40:48.224981+00:00,2026-07-22T05:40:48.224981+00:00,94fc5334a1c9d3f326ab8f0ad8fa5b20d223a1978f396b690ecb0a1160a19951,api.league-pro.com,OK,5dfaf40235ca2081708ab73ce96f93fcf5abf25b5dc405e050bfc36752416a86
296793,35168,Tournament A14. League 600-700,600-700,2026-07-13T01:00:11.751000+00:00,2026-07-12T19:00:11.751000-06:00,2026-07-13T03:00:11.751000+02:00,3,COMPLETED,1260,Pavel Fojt,1547,Dmitro Parhomenko,0,3,1547,Dmitro Parhomenko,0-3,2026-07-13T01:12:16.601000+00:00,2026-07-22T05:40:48.224981+00:00,2026-07-22T05:40:48.224981+00:00,94fc5334a1c9d3f326ab8f0ad8fa5b20d223a1978f396b690ecb0a1160a19951,api.league-pro.com,OK,ccdc2ce6b749871ee4f66433dac6c404dce17ba7f7bde3567f0afb30580a2d4d
296750,35163,Tournament A12. League 400-450,400-450,2026-07-13T01:30:14.430000+00:00,2026-07-12T19:30:14.430000-06:00,2026-07-13T03:30:14.430000+02:00,3,COMPLETED,1248,David Mutl,1374,Josef Pelikan,0,3,1374,Josef Pelikan,0-3,2026-07-13T01:41:32.407000+00:00,2026-07-22T05:40:48.224981+00:00,2026-07-22T05:40:48.224981+00:00,94fc5334a1c9d3f326ab8f0ad8fa5b20d223a1978f396b690ecb0a1160a19951,api.league-pro.com,OK,ca706ff9d2ac0d532014d5d2720ff037aabb1d695408540977545d8a858a9a30
296794,35168,Tournament A14. League 600-700,600-700,2026-07-13T01:30:14.777000+00:00,2026-07-12T19:30:14.777000-06:00,2026-07-13T03:30:14.777000+02:00,3,COMPLETED,822,Jaroslav Prokupek,934,Jiri Plachy,1,3,934,Jiri Plachy,1-3,2026-07-13T01:46:12.176000+00:00,2026-07-22T05:40:48.224981+00:00,2026-07-22T05:40:48.224981+00:00,94fc5334a1c9d3f326ab8f0ad8fa5b20d223a1978f396b690ecb0a1160a19951,api.league-pro.com,OK,1ad00897fcd1c33847ff2d1168e0f7e447bd961bb8d8ae6bd2b099d9abf53c21
296902,35181,Tournament A17. League 550-600,550-600,2026-07-13T01:30:17.796000+00:00,2026-07-12T19:30:17.796000-06:00,2026-07-13T03:30:17.796000+02:00,3,COMPLETED,1412,Jan Steffan,834,Tomas Andrle,3,1,1412,Jan Steffan,3-1,2026-07-13T01:44:55.732000+00:00,2026-07-22T05:40:48.224981+00:00,2026-07-22T05:40:48.224981+00:00,94fc5334a1c9d3f326ab8f0ad8fa5b20d223a1978f396b690ecb0a1160a19951,api.league-pro.com,OK,c706bb7b0224d8d9dfc374ef6df0b952ec6f42b9345d87005da16fee9514f252
296903,35181,Tournament A17. League 550-600,550-600,2026-07-13T02:00:08.602000+00:00,2026-07-12T20:00:08.602000-06:00,2026-07-13T04:00:08.602000+02:00,3,COMPLETED,1603,Oleg Vitrovyj,1285,Jan Pleskot,2,3,1285,Jan Pleskot,2-3,2026-07-13T02:24:26.331000+00:00,2026-07-22T05:40:48.224981+00:00,2026-07-22T05:40:48.224981+00:00,94fc5334a1c9d3f326ab8f0ad8fa5b20d223a1978f396b690ecb0a1160a19951,api.league-pro.com,OK,6c556dd3cfdfa1f797aeba9519a8636be25c73c2711aa24dbe7581221b433a53
296795,35168,Tournament A14. League 600-700,600-700,2026-07-13T02:00:17.234000+00:00,2026-07-12T20:00:17.234000-06:00,2026-07-13T04:00:17.234000+02:00,3,COMPLETED,1260,Pavel Fojt,1679,Jiri Dedek,1,3,1679,Jiri Dedek,1-3,2026-07-13T02:18:43.918000+00:00,2026-07-22T05:40:48.224981+00:00,2026-07-22T05:40:48.224981+00:00,94fc5334a1c9d3f326ab8f0ad8fa5b20d223a1978f396b690ecb0a1160a19951,api.league-pro.com,OK,5337f540ddd8b265babb2a9ca9d047943a48ae50188fb05e79307bb1e612f5ba
296751,35163,Tournament A12. League 400-450,400-450,2026-07-13T02:00:19.720000+00:00,2026-07-12T20:00:19.720000-06:00,2026-07-13T04:00:19.720000+02:00,3,COMPLETED,1145,Jan Potensky,1597,Jiri Grohsgott,1,3,1597,Jiri Grohsgott,1-3,2026-07-13T02:21:50.399000+00:00,2026-07-22T05:40:48.224981+00:00,2026-07-22T05:40:48.224981+00:00,94fc5334a1c9d3f326ab8f0ad8fa5b20d223a1978f396b690ecb0a1160a19951,api.league-pro.com,OK,074c18c1ed4f2f5b67b28fa49185cc6d282880e2278b5a169edd1a34d6c16974
296752,35163,Tournament A12. League 400-450,400-450,2026-07-13T02:30:03.036000+00:00,2026-07-12T20:30:03.036000-06:00,2026-07-13T04:30:03.036000+02:00,3,COMPLETED,1374,Josef Pelikan,1321,Alexander Hejduk,3,1,1374,Josef Pelikan,3-1,2026-07-13T02:46:16.145000+00:00,2026-07-22T05:40:48.224981+00:00,2026-07-22T05:40:48.224981+00:00,94fc5334a1c9d3f326ab8f0ad8fa5b20d223a1978f396b690ecb0a1160a19951,api.league-pro.com,OK,f7fd146b2c0d545ae94c1fb62e56c87a257baddde93949096c625ec893fbf8c0
296904,35181,Tournament A17. League 550-600,550-600,2026-07-13T02:30:06.898000+00:00,2026-07-12T20:30:06.898000-06:00,2026-07-13T04:30:06.898000+02:00,3,COMPLETED,834,Tomas Andrle,1520,Tomas Regner,3,2,834,Tomas Andrle,3-2,2026-07-13T02:50:25.950000+00:00,2026-07-22T05:40:48.224981+00:00,2026-07-22T05:40:48.224981+00:00,94fc5334a1c9d3f326ab8f0ad8fa5b20d223a1978f396b690ecb0a1160a19951,api.league-pro.com,OK,df11298cfa68e5b5ce62f20f6b04a885630a65d3549c9c788998500a6de05d7f
296796,35168,Tournament A14. League 600-700,600-700,2026-07-13T02:30:23.846000+00:00,2026-07-12T20:30:23.846000-06:00,2026-07-13T04:30:23.846000+02:00,3,COMPLETED,934,Jiri Plachy,1547,Dmitro Parhomenko,3,0,934,Jiri Plachy,3-0,2026-07-13T02:40:45.426000+00:00,2026-07-22T05:40:48.224981+00:00,2026-07-22T05:40:48.224981+00:00,94fc5334a1c9d3f326ab8f0ad8fa5b20d223a1978f396b690ecb0a1160a19951,api.league-pro.com,OK,10aa8684ee0d9752a2597c4039834f55472365794203e4be042adcedb9f5b852
296753,35163,Tournament A12. League 400-450,400-450,2026-07-13T03:00:03.608000+00:00,2026-07-12T21:00:03.608000-06:00,2026-07-13T05:00:03.608000+02:00,3,COMPLETED,1374,Josef Pelikan,1321,Alexander Hejduk,1,3,1321,Alexander Hejduk,1-3,2026-07-13T03:17:03.579000+00:00,2026-07-22T05:40:48.224981+00:00,2026-07-22T05:40:48.224981+00:00,94fc5334a1c9d3f326ab8f0ad8fa5b20d223a1978f396b690ecb0a1160a19951,api.league-pro.com,OK,86e2a908987eaa23611ddee98c50d88a34d4d26b5ffbc4514fb01bf9774c179c
296905,35181,Tournament A17. League 550-600,550-600,2026-07-13T03:00:07.507000+00:00,2026-07-12T21:00:07.507000-06:00,2026-07-13T05:00:07.507000+02:00,3,COMPLETED,1285,Jan Pleskot,834,Tomas Andrle,3,2,1285,Jan Pleskot,3-2,2026-07-13T03:21:28.559000+00:00,2026-07-22T05:40:48.224981+00:00,2026-07-22T05:40:48.224981+00:00,94fc5334a1c9d3f326ab8f0ad8fa5b20d223a1978f396b690ecb0a1160a19951,api.league-pro.com,OK,a6a8b67ddbdb1528a4288e16c460ab9a13a83ac205c966a6c2004044cf1a5111
296797,35168,Tournament A14. League 600-700,600-700,2026-07-13T03:00:26.290000+00:00,2026-07-12T21:00:26.290000-06:00,2026-07-13T05:00:26.290000+02:00,3,COMPLETED,1679,Jiri Dedek,822,Jaroslav Prokupek,3,2,1679,Jiri Dedek,3-2,2026-07-13T03:21:14.862000+00:00,2026-07-22T05:40:48.224981+00:00,2026-07-22T05:40:48.224981+00:00,94fc5334a1c9d3f326ab8f0ad8fa5b20d223a1978f396b690ecb0a1160a19951,api.league-pro.com,OK,3b92d6252317ee5e845a792cfd9bcc305bd2023dc53fedf906cce8151a75dc53
296906,35181,Tournament A17. League 550-600,550-600,2026-07-13T03:30:06.614000+00:00,2026-07-12T21:30:06.614000-06:00,2026-07-13T05:30:06.614000+02:00,3,COMPLETED,1412,Jan Steffan,1603,Oleg Vitrovyj,1,3,1603,Oleg Vitrovyj,1-3,2026-07-13T03:46:40.318000+00:00,2026-07-22T05:40:48.224981+00:00,2026-07-22T05:40:48.224981+00:00,94fc5334a1c9d3f326ab8f0ad8fa5b20d223a1978f396b690ecb0a1160a19951,api.league-pro.com,OK,a7506ce5755ae5087f2b5ef2bb68ce17edae6e0df8bce8cf2b6c15bfb8b4fecf
296754,35163,Tournament A12. League 400-450,400-450,2026-07-13T03:30:09.216000+00:00,2026-07-12T21:30:09.216000-06:00,2026-07-13T05:30:09.216000+02:00,3,COMPLETED,1145,Jan Potensky,1597,Jiri Grohsgott,0,3,1597,Jiri Grohsgott,0-3,2026-07-13T03:42:56.911000+00:00,2026-07-22T05:40:48.224981+00:00,2026-07-22T05:40:48.224981+00:00,94fc5334a1c9d3f326ab8f0ad8fa5b20d223a1978f396b690ecb0a1160a19951,api.league-pro.com,OK,75f7dcd1c24ec71618b6394ce8043963febb52d1d6617bdbe9179a73ad03cc7f
296798,35168,Tournament A14. League 600-700,600-700,2026-07-13T03:30:10.802000+00:00,2026-07-12T21:30:10.802000-06:00,2026-07-13T05:30:10.802000+02:00,3,COMPLETED,934,Jiri Plachy,1547,Dmitro Parhomenko,1,3,1547,Dmitro Parhomenko,1-3,2026-07-13T03:47:22.392000+00:00,2026-07-22T05:40:48.224981+00:00,2026-07-22T05:40:48.224981+00:00,94fc5334a1c9d3f326ab8f0ad8fa5b20d223a1978f396b690ecb0a1160a19951,api.league-pro.com,OK,c58f5ce0d439207acc69b3250a0b66e9f409f2cff00acf9806c0f44d1ac94d13
297003,35193,Tournament A17. League 450-500,450-500,2026-07-13T06:00:08.331000+00:00,2026-07-13T00:00:08.331000-06:00,2026-07-13T08:00:08.331000+02:00,3,COMPLETED,894,Lubor Sulava,825,Milan Regner,1,3,825,Milan Regner,1-3,2026-07-13T06:24:48.813000+00:00,2026-07-22T05:40:48.224981+00:00,2026-07-22T05:40:48.224981+00:00,94fc5334a1c9d3f326ab8f0ad8fa5b20d223a1978f396b690ecb0a1160a19951,api.league-pro.com,OK,1e1bc2c64d3ff7d57764ba8bcfdfbf4ccedf72817cac928a1edfc7dc95081892
296995,35192,Tournament A16. League 1000-1100,1000-1100,2026-07-13T06:00:14.629000+00:00,2026-07-13T00:00:14.629000-06:00,2026-07-13T08:00:14.629000+02:00,3,COMPLETED,1705,Michal Cabis,996,Tadeas Zika,0,3,996,Tadeas Zika,0-3,2026-07-13T06:13:40.676000+00:00,2026-07-22T05:40:48.224981+00:00,2026-07-22T05:40:48.224981+00:00,94fc5334a1c9d3f326ab8f0ad8fa5b20d223a1978f396b690ecb0a1160a19951,api.league-pro.com,OK,00d05723820685620779e3f316c16119858b0b8fd2857312134a96d1b8347efe
296951,35187,Tournament A14. League 900-1000,900-1000,2026-07-13T06:00:15.910000+00:00,2026-07-13T00:00:15.910000-06:00,2026-07-13T08:00:15.910000+02:00,3,COMPLETED,1860,Dmytro Opanasiuk,1796,Libor Prikasky,2,3,1796,Libor Prikasky,2-3,2026-07-13T06:21:32.159000+00:00,2026-07-22T05:40:48.224981+00:00,2026-07-22T05:40:48.224981+00:00,94fc5334a1c9d3f326ab8f0ad8fa5b20d223a1978f396b690ecb0a1160a19951,api.league-pro.com,OK,46a23087c523ae8683b4317bc86d545ed6501df64da044a6f7ce84780bd2a4ac
296907,35182,Tournament A12. League 600-700,600-700,2026-07-13T06:00:18.049000+00:00,2026-07-13T00:00:18.049000-06:00,2026-07-13T08:00:18.049000+02:00,3,COMPLETED,1272,Jakub Stolfa,808,Vladimir Havlicek,2,3,808,Vladimir Havlicek,2-3,2026-07-13T06:24:12.760000+00:00,2026-07-22T05:40:48.224981+00:00,2026-07-22T05:40:48.224981+00:00,94fc5334a1c9d3f326ab8f0ad8fa5b20d223a1978f396b690ecb0a1160a19951,api.league-pro.com,OK,6d6f69574949e758d8d491d724a3c12668954ec4329293a6bb11493fd3b31e8d
297059,35200,Tournament A18. League 700-800,700-800,2026-07-13T06:00:28.739000+00:00,2026-07-13T00:00:28.739000-06:00,2026-07-13T08:00:28.739000+02:00,3,COMPLETED,1743,Adrian Walek,1843,Vladimir Adamczyk,3,2,1743,Adrian Walek,3-2,2026-07-13T06:25:20.375000+00:00,2026-07-22T05:40:48.224981+00:00,2026-07-22T05:40:48.224981+00:00,94fc5334a1c9d3f326ab8f0ad8fa5b20d223a1978f396b690ecb0a1160a19951,api.league-pro.com,OK,8fe54f0f39b878305f0ddb44acbb5703544586e167456e51eefd9160114775ae
296908,35182,Tournament A12. League 600-700,600-700,2026-07-13T06:30:17.047000+00:00,2026-07-13T00:30:17.047000-06:00,2026-07-13T08:30:17.047000+02:00,3,COMPLETED,1425,Petr Zmuda,1789,Michal Vesely,3,1,1425,Petr Zmuda,3-1,2026-07-13T06:48:44.389000+00:00,2026-07-22T05:40:48.224981+00:00,2026-07-22T05:40:48.224981+00:00,94fc5334a1c9d3f326ab8f0ad8fa5b20d223a1978f396b690ecb0a1160a19951,api.league-pro.com,OK,fc08471980b2cdee94ee9a12223ae0b2f6db1efb2447a6d3164d152e9c0c262f
296952,35187,Tournament A14. League 900-1000,900-1000,2026-07-13T06:30:18.716000+00:00,2026-07-13T00:30:18.716000-06:00,2026-07-13T08:30:18.716000+02:00,3,COMPLETED,1850,Filip Wolf,930,Michal Zahradka,3,2,1850,Filip Wolf,3-2,2026-07-13T06:51:57.384000+00:00,2026-07-22T05:40:48.224981+00:00,2026-07-22T05:40:48.224981+00:00,94fc5334a1c9d3f326ab8f0ad8fa5b20d223a1978f396b690ecb0a1160a19951,api.league-pro.com,OK,c4fbb718e19397117b3d4c47562fb4ddd34cc03fb27d724ef13e04030b6311e1
297060,35200,Tournament A18. League 700-800,700-800,2026-07-13T06:30:19.015000+00:00,2026-07-13T00:30:19.015000-06:00,2026-07-13T08:30:19.015000+02:00,3,COMPLETED,1778,Josef Cabak,1771,Vaclav Zidek,3,0,1778,Josef Cabak,3-0,2026-07-13T06:42:53.373000+00:00,2026-07-22T05:40:48.224981+00:00,2026-07-22T05:40:48.224981+00:00,94fc5334a1c9d3f326ab8f0ad8fa5b20d223a1978f396b690ecb0a1160a19951,api.league-pro.com,OK,97eeeb2ab6edc041ee367dd4d96043af02e9e0182e51c4a1e30157a51dd7c5f0
297004,35193,Tournament A17. League 450-500,450-500,2026-07-13T06:30:22.481000+00:00,2026-07-13T00:30:22.481000-06:00,2026-07-13T08:30:22.481000+02:00,3,COMPLETED,1741,Matej Levicky,886,Vaclav Hruska,3,0,1741,Matej Levicky,3-0,2026-07-13T06:43:43.780000+00:00,2026-07-22T05:40:48.224981+00:00,2026-07-22T05:40:48.224981+00:00,94fc5334a1c9d3f326ab8f0ad8fa5b20d223a1978f396b690ecb0a1160a19951,api.league-pro.com,OK,7c6f83cccdb8ba0d9efc4ea3539ce6f6354a2e8b4a8c505bb0a3fd574144408c
296996,35192,Tournament A16. League 1000-1100,1000-1100,2026-07-13T06:30:37.080000+00:00,2026-07-13T00:30:37.080000-06:00,2026-07-13T08:30:37.080000+02:00,3,COMPLETED,1046,Radomir Revay,1114,Michal Vavrecka,3,2,1046,Radomir Revay,3-2,2026-07-13T06:50:16.733000+00:00,2026-07-22T05:40:48.224981+00:00,2026-07-22T05:40:48.224981+00:00,94fc5334a1c9d3f326ab8f0ad8fa5b20d223a1978f396b690ecb0a1160a19951,api.league-pro.com,OK,4270d4ee80d9e5391f8c21a2cbda626f774a68adaf9d2baf94ffe6dcabcfed85
297005,35193,Tournament A17. League 450-500,450-500,2026-07-13T07:00:08.529000+00:00,2026-07-13T01:00:08.529000-06:00,2026-07-13T09:00:08.529000+02:00,3,COMPLETED,825,Milan Regner,1741,Matej Levicky,0,3,1741,Matej Levicky,0-3,2026-07-13T07:11:17.286000+00:00,2026-07-22T05:40:48.224981+00:00,2026-07-22T05:40:48.224981+00:00,94fc5334a1c9d3f326ab8f0ad8fa5b20d223a1978f396b690ecb0a1160a19951,api.league-pro.com,OK,8f5889f577ee25a7401840d42d2543c9e069c571efd371c5eeb79c88de114a9e
296997,35192,Tournament A16. League 1000-1100,1000-1100,2026-07-13T07:00:16.618000+00:00,2026-07-13T01:00:16.618000-06:00,2026-07-13T09:00:16.618000+02:00,3,COMPLETED,996,Tadeas Zika,1046,Radomir Revay,3,1,996,Tadeas Zika,3-1,2026-07-13T07:22:44.106000+00:00,2026-07-22T05:40:48.224981+00:00,2026-07-22T05:40:48.224981+00:00,94fc5334a1c9d3f326ab8f0ad8fa5b20d223a1978f396b690ecb0a1160a19951,api.league-pro.com,OK,b864ae91c0e14984d2b59633652831dfaedfcb59e8be852dfa7d08e8e9378377
296909,35182,Tournament A12. League 600-700,600-700,2026-07-13T07:00:25.454000+00:00,2026-07-13T01:00:25.454000-06:00,2026-07-13T09:00:25.454000+02:00,3,COMPLETED,808,Vladimir Havlicek,1425,Petr Zmuda,1,3,1425,Petr Zmuda,1-3,2026-07-13T07:15:24.551000+00:00,2026-07-22T05:40:48.224981+00:00,2026-07-22T05:40:48.224981+00:00,94fc5334a1c9d3f326ab8f0ad8fa5b20d223a1978f396b690ecb0a1160a19951,api.league-pro.com,OK,a94b3d63cd17c6f95ac41d2ba7cd360a5182fb77489c2ad1fdda5e37a0cd84f0
297061,35200,Tournament A18. League 700-800,700-800,2026-07-13T07:00:30.916000+00:00,2026-07-13T01:00:30.916000-06:00,2026-07-13T09:00:30.916000+02:00,3,COMPLETED,1843,Vladimir Adamczyk,1778,Josef Cabak,1,3,1778,Josef Cabak,1-3,2026-07-13T07:22:33.200000+00:00,2026-07-22T05:40:48.224981+00:00,2026-07-22T05:40:48.224981+00:00,94fc5334a1c9d3f326ab8f0ad8fa5b20d223a1978f396b690ecb0a1160a19951,api.league-pro.com,OK,704e9d9f262c6ddbc9df91075fdc606cad90c57e34355b29b0abe9612490ea94
296953,35187,Tournament A14. League 900-1000,900-1000,2026-07-13T07:00:59.168000+00:00,2026-07-13T01:00:59.168000-06:00,2026-07-13T09:00:59.168000+02:00,3,COMPLETED,1796,Libor Prikasky,1850,Filip Wolf,3,1,1796,Libor Prikasky,3-1,2026-07-13T07:19:26.909000+00:00,2026-07-22T05:40:48.224981+00:00,2026-07-22T05:40:48.224981+00:00,94fc5334a1c9d3f326ab8f0ad8fa5b20d223a1978f396b690ecb0a1160a19951,api.league-pro.com,OK,793884540a8f9f4d002c932e2540ead8a97214543c4c279cb897fa1218625c32
297006,35193,Tournament A17. League 450-500,450-500,2026-07-13T07:30:07.653000+00:00,2026-07-13T01:30:07.653000-06:00,2026-07-13T09:30:07.653000+02:00,3,COMPLETED,886,Vaclav Hruska,894,Lubor Sulava,1,3,894,Lubor Sulava,1-3,2026-07-13T07:50:53.045000+00:00,2026-07-22T05:40:48.224981+00:00,2026-07-22T05:40:48.224981+00:00,94fc5334a1c9d3f326ab8f0ad8fa5b20d223a1978f396b690ecb0a1160a19951,api.league-pro.com,OK,614166c9c8bd2e326315face2bc73916a62660068e95f1de654a1e16e960f4b7
296998,35192,Tournament A16. League 1000-1100,1000-1100,2026-07-13T07:30:12.413000+00:00,2026-07-13T01:30:12.413000-06:00,2026-07-13T09:30:12.413000+02:00,3,COMPLETED,1114,Michal Vavrecka,1705,Michal Cabis,0,3,1705,Michal Cabis,0-3,2026-07-13T07:41:48.312000+00:00,2026-07-22T05:40:48.224981+00:00,2026-07-22T05:40:48.224981+00:00,94fc5334a1c9d3f326ab8f0ad8fa5b20d223a1978f396b690ecb0a1160a19951,api.league-pro.com,OK,e522cd26e7fed98eb9b08d4f54fa86d5e624a26192ace290f012afcb020218d5
297062,35200,Tournament A18. League 700-800,700-800,2026-07-13T07:30:20.088000+00:00,2026-07-13T01:30:20.088000-06:00,2026-07-13T09:30:20.088000+02:00,3,COMPLETED,1771,Vaclav Zidek,1743,Adrian Walek,3,2,1771,Vaclav Zidek,3-2,2026-07-13T07:53:02.201000+00:00,2026-07-22T05:40:48.224981+00:00,2026-07-22T05:40:48.224981+00:00,94fc5334a1c9d3f326ab8f0ad8fa5b20d223a1978f396b690ecb0a1160a19951,api.league-pro.com,OK,0a2ff441f15f2918d63da7ceba18920a2c7a24ec46fd5932c3ff1153b1c9c5ef
296910,35182,Tournament A12. League 600-700,600-700,2026-07-13T07:30:22.263000+00:00,2026-07-13T01:30:22.263000-06:00,2026-07-13T09:30:22.263000+02:00,3,COMPLETED,1789,Michal Vesely,1272,Jakub Stolfa,2,3,1272,Jakub Stolfa,2-3,2026-07-13T07:54:00.721000+00:00,2026-07-22T05:40:48.224981+00:00,2026-07-22T05:40:48.224981+00:00,94fc5334a1c9d3f326ab8f0ad8fa5b20d223a1978f396b690ecb0a1160a19951,api.league-pro.com,OK,60c6a01215d63344beb5871e63ba3fcd08e45902b1101361e2ae1508d0ef8dc8
296954,35187,Tournament A14. League 900-1000,900-1000,2026-07-13T07:30:48.272000+00:00,2026-07-13T01:30:48.272000-06:00,2026-07-13T09:30:48.272000+02:00,3,COMPLETED,930,Michal Zahradka,1860,Dmytro Opanasiuk,1,3,1860,Dmytro Opanasiuk,1-3,2026-07-13T07:43:18.332000+00:00,2026-07-22T05:40:48.224981+00:00,2026-07-22T05:40:48.224981+00:00,94fc5334a1c9d3f326ab8f0ad8fa5b20d223a1978f396b690ecb0a1160a19951,api.league-pro.com,OK,7a7c8b3754db6ce105fc2f6e10c0b2139c572bb05c4f742d08d23566fc25bff7
297007,35193,Tournament A17. League 450-500,450-500,2026-07-13T08:00:19.654000+00:00,2026-07-13T02:00:19.654000-06:00,2026-07-13T10:00:19.654000+02:00,3,COMPLETED,894,Lubor Sulava,1741,Matej Levicky,3,0,894,Lubor Sulava,3-0,2026-07-13T08:12:02.186000+00:00,2026-07-22T05:40:48.224981+00:00,2026-07-22T05:40:48.224981+00:00,94fc5334a1c9d3f326ab8f0ad8fa5b20d223a1978f396b690ecb0a1160a19951,api.league-pro.com,OK,86ea9043b5f282265f5092cbc88a6f8d309c05883f156a1f0d265f13ea799f6a
296999,35192,Tournament A16. League 1000-1100,1000-1100,2026-07-13T08:00:20.412000+00:00,2026-07-13T02:00:20.412000-06:00,2026-07-13T10:00:20.412000+02:00,3,COMPLETED,1705,Michal Cabis,1046,Radomir Revay,0,3,1046,Radomir Revay,0-3,2026-07-13T08:16:07.465000+00:00,2026-07-22T05:40:48.224981+00:00,2026-07-22T05:40:48.224981+00:00,94fc5334a1c9d3f326ab8f0ad8fa5b20d223a1978f396b690ecb0a1160a19951,api.league-pro.com,OK,61b8117fb32a7f1be760eee4923afd6ca8d5dd214e4971c4900384423d8442d3
296955,35187,Tournament A14. League 900-1000,900-1000,2026-07-13T08:00:21.448000+00:00,2026-07-13T02:00:21.448000-06:00,2026-07-13T10:00:21.448000+02:00,3,COMPLETED,1860,Dmytro Opanasiuk,1850,Filip Wolf,3,2,1860,Dmytro Opanasiuk,3-2,2026-07-13T08:21:16.758000+00:00,2026-07-22T05:40:48.224981+00:00,2026-07-22T05:40:48.224981+00:00,94fc5334a1c9d3f326ab8f0ad8fa5b20d223a1978f396b690ecb0a1160a19951,api.league-pro.com,OK,6df2ac0b92754163435a6c6faf388ac1371d3276586cea83d705297ef4bb2c1c
296911,35182,Tournament A12. League 600-700,600-700,2026-07-13T08:00:22.798000+00:00,2026-07-13T02:00:22.798000-06:00,2026-07-13T10:00:22.798000+02:00,3,COMPLETED,1272,Jakub Stolfa,1425,Petr Zmuda,3,1,1272,Jakub Stolfa,3-1,2026-07-13T08:20:18.172000+00:00,2026-07-22T05:40:48.224981+00:00,2026-07-22T05:40:48.224981+00:00,94fc5334a1c9d3f326ab8f0ad8fa5b20d223a1978f396b690ecb0a1160a19951,api.league-pro.com,OK,711e2056a494dbbcfae548c658b7052b8db90c078f7f6dad5e1fe7f12d3010f7
297063,35200,Tournament A18. League 700-800,700-800,2026-07-13T08:00:23.745000+00:00,2026-07-13T02:00:23.745000-06:00,2026-07-13T10:00:23.745000+02:00,3,COMPLETED,1743,Adrian Walek,1778,Josef Cabak,3,2,1743,Adrian Walek,3-2,2026-07-13T08:24:33.980000+00:00,2026-07-22T05:40:48.224981+00:00,2026-07-22T05:40:48.224981+00:00,94fc5334a1c9d3f326ab8f0ad8fa5b20d223a1978f396b690ecb0a1160a19951,api.league-pro.com,OK,7d3c2b0cc0a3bbf6ef053d82cec1562770d7bb3aec3dbd53683724875e4a4a66
297008,35193,Tournament A17. League 450-500,450-500,2026-07-13T08:30:12.807000+00:00,2026-07-13T02:30:12.807000-06:00,2026-07-13T10:30:12.807000+02:00,3,COMPLETED,825,Milan Regner,886,Vaclav Hruska,3,2,825,Milan Regner,3-2,2026-07-13T08:53:54.671000+00:00,2026-07-22T05:40:48.224981+00:00,2026-07-22T05:40:48.224981+00:00,94fc5334a1c9d3f326ab8f0ad8fa5b20d223a1978f396b690ecb0a1160a19951,api.league-pro.com,OK,4f14a02ebe58e92ffdca67ac0b98543370cfcfbfb009a17949963beed654b95b
297000,35192,Tournament A16. League 1000-1100,1000-1100,2026-07-13T08:30:27.316000+00:00,2026-07-13T02:30:27.316000-06:00,2026-07-13T10:30:27.316000+02:00,3,COMPLETED,996,Tadeas Zika,1114,Michal Vavrecka,0,3,1114,Michal Vavrecka,0-3,2026-07-13T08:41:39.509000+00:00,2026-07-22T05:40:48.224981+00:00,2026-07-22T05:40:48.224981+00:00,94fc5334a1c9d3f326ab8f0ad8fa5b20d223a1978f396b690ecb0a1160a19951,api.league-pro.com,OK,b28fb5c18f2948106517c82e13dd9f1b23c6dfbc3658f7217484fee5a2d21709
296956,35187,Tournament A14. League 900-1000,900-1000,2026-07-13T08:30:47.090000+00:00,2026-07-13T02:30:47.090000-06:00,2026-07-13T10:30:47.090000+02:00,3,COMPLETED,1796,Libor Prikasky,930,Michal Zahradka,3,2,1796,Libor Prikasky,3-2,2026-07-13T08:49:34.953000+00:00,2026-07-22T05:40:48.224981+00:00,2026-07-22T05:40:48.224981+00:00,94fc5334a1c9d3f326ab8f0ad8fa5b20d223a1978f396b690ecb0a1160a19951,api.league-pro.com,OK,66275498be147c0cfa457ca0417e0f39aee700351299df2cf1dd0029cc88c582
296957,35187,Tournament A14. League 900-1000,900-1000,2026-07-13T09:00:20.369000+00:00,2026-07-13T03:00:20.369000-06:00,2026-07-13T11:00:20.369000+02:00,3,COMPLETED,1850,Filip Wolf,930,Michal Zahradka,3,0,1850,Filip Wolf,3-0,2026-07-13T09:10:31.193000+00:00,2026-07-22T05:40:48.224981+00:00,2026-07-22T05:40:48.224981+00:00,94fc5334a1c9d3f326ab8f0ad8fa5b20d223a1978f396b690ecb0a1160a19951,api.league-pro.com,OK,6a230a9b4f1a2f40d648a73422bedb6dafed4aa90505f6ecc1cf50c4c8eb38b8
296913,35182,Tournament A12. League 600-700,600-700,2026-07-13T09:00:25.065000+00:00,2026-07-13T03:00:25.065000-06:00,2026-07-13T11:00:25.065000+02:00,3,COMPLETED,1789,Michal Vesely,808,Vladimir Havlicek,1,3,808,Vladimir Havlicek,1-3,2026-07-13T09:17:46.155000+00:00,2026-07-22T05:40:48.224981+00:00,2026-07-22T05:40:48.224981+00:00,94fc5334a1c9d3f326ab8f0ad8fa5b20d223a1978f396b690ecb0a1160a19951,api.league-pro.com,OK,506588d25bc38022537f358b1cdde2954fc6f20893e7fec59a7975cd1acc02ba
297065,35200,Tournament A18. League 700-800,700-800,2026-07-13T09:00:28.794000+00:00,2026-07-13T03:00:28.794000-06:00,2026-07-13T11:00:28.794000+02:00,3,COMPLETED,1771,Vaclav Zidek,1843,Vladimir Adamczyk,1,3,1843,Vladimir Adamczyk,1-3,2026-07-13T09:19:23.373000+00:00,2026-07-22T05:40:48.224981+00:00,2026-07-22T05:40:48.224981+00:00,94fc5334a1c9d3f326ab8f0ad8fa5b20d223a1978f396b690ecb0a1160a19951,api.league-pro.com,OK,68665a448f84ea9a00f4aa7d678cc668af952c93fc265cd301a88252284c8c1c
297001,35192,Tournament A16. League 1000-1100,1000-1100,2026-07-13T09:00:29.719000+00:00,2026-07-13T03:00:29.719000-06:00,2026-07-13T11:00:29.719000+02:00,3,COMPLETED,1114,Michal Vavrecka,1705,Michal Cabis,3,0,1114,Michal Vavrecka,3-0,2026-07-13T09:13:02.701000+00:00,2026-07-22T05:40:48.224981+00:00,2026-07-22T05:40:48.224981+00:00,94fc5334a1c9d3f326ab8f0ad8fa5b20d223a1978f396b690ecb0a1160a19951,api.league-pro.com,OK,78f011df5cd6a5ded4266579c9a2febfb172a3feacabdff8888a200f25a8689d
297009,35193,Tournament A17. League 450-500,450-500,2026-07-13T09:04:41.667000+00:00,2026-07-13T03:04:41.667000-06:00,2026-07-13T11:04:41.667000+02:00,3,COMPLETED,825,Milan Regner,886,Vaclav Hruska,3,2,825,Milan Regner,3-2,2026-07-13T09:29:33.411000+00:00,2026-07-22T05:40:48.224981+00:00,2026-07-22T05:40:48.224981+00:00,94fc5334a1c9d3f326ab8f0ad8fa5b20d223a1978f396b690ecb0a1160a19951,api.league-pro.com,OK,476e3689dc54c3ac30b33c7e77fc46be537cc215b83be209991728c14dae582b
296914,35182,Tournament A12. League 600-700,600-700,2026-07-13T09:30:13.732000+00:00,2026-07-13T03:30:13.732000-06:00,2026-07-13T11:30:13.732000+02:00,3,COMPLETED,1272,Jakub Stolfa,1425,Petr Zmuda,2,3,1425,Petr Zmuda,2-3,2026-07-13T09:56:06.457000+00:00,2026-07-22T05:40:48.224981+00:00,2026-07-22T05:40:48.224981+00:00,94fc5334a1c9d3f326ab8f0ad8fa5b20d223a1978f396b690ecb0a1160a19951,api.league-pro.com,OK,f51455daff2e4bd3ab602f50c88ba4e965069bfda6897a2cd99a37d7aa0d2934
296958,35187,Tournament A14. League 900-1000,900-1000,2026-07-13T09:30:30.993000+00:00,2026-07-13T03:30:30.993000-06:00,2026-07-13T11:30:30.993000+02:00,3,COMPLETED,1796,Libor Prikasky,1860,Dmytro Opanasiuk,0,3,1860,Dmytro Opanasiuk,0-3,2026-07-13T09:42:59.982000+00:00,2026-07-22T05:40:48.224981+00:00,2026-07-22T05:40:48.224981+00:00,94fc5334a1c9d3f326ab8f0ad8fa5b20d223a1978f396b690ecb0a1160a19951,api.league-pro.com,OK,d8bd8ffb8558b5ff25df936bbccca76352d9319241663c71eb2623bb5c78a205
297002,35192,Tournament A16. League 1000-1100,1000-1100,2026-07-13T09:30:43.650000+00:00,2026-07-13T03:30:43.650000-06:00,2026-07-13T11:30:43.650000+02:00,3,COMPLETED,1046,Radomir Revay,996,Tadeas Zika,3,1,1046,Radomir Revay,3-1,2026-07-13T09:49:26.321000+00:00,2026-07-22T05:40:48.224981+00:00,2026-07-22T05:40:48.224981+00:00,94fc5334a1c9d3f326ab8f0ad8fa5b20d223a1978f396b690ecb0a1160a19951,api.league-pro.com,OK,63d2e2aa922eb2a1ba4465d2381a9c35f8f877ec68286b488f5f5438932a21bc
297066,35200,Tournament A18. League 700-800,700-800,2026-07-13T09:31:43.762000+00:00,2026-07-13T03:31:43.762000-06:00,2026-07-13T11:31:43.762000+02:00,3,COMPLETED,1778,Josef Cabak,1743,Adrian Walek,3,2,1778,Josef Cabak,3-2,2026-07-13T09:57:20.124000+00:00,2026-07-22T05:40:48.224981+00:00,2026-07-22T05:40:48.224981+00:00,94fc5334a1c9d3f326ab8f0ad8fa5b20d223a1978f396b690ecb0a1160a19951,api.league-pro.com,OK,655e2b01d558550d3b14f26afb4e94ad5c125a3c069a51f7302b6476f80e2e5f
297010,35193,Tournament A17. League 450-500,450-500,2026-07-13T09:32:38.597000+00:00,2026-07-13T03:32:38.597000-06:00,2026-07-13T11:32:38.597000+02:00,3,COMPLETED,894,Lubor Sulava,1741,Matej Levicky,3,0,894,Lubor Sulava,3-0,2026-07-13T09:43:47.881000+00:00,2026-07-22T05:40:48.224981+00:00,2026-07-22T05:40:48.224981+00:00,94fc5334a1c9d3f326ab8f0ad8fa5b20d223a1978f396b690ecb0a1160a19951,api.league-pro.com,OK,a25eaee2a998f9d1faff95fed7efafc8ee4c7dac2f3bd08c7824623e6091bc35
297012,35194,Tournament A17. League 550-600,550-600,2026-07-13T10:00:12.449000+00:00,2026-07-13T04:00:12.449000-06:00,2026-07-13T12:00:12.449000+02:00,3,COMPLETED,1292,Vaclav Nohejl,1382,Jaroslav Novotny,3,1,1292,Vaclav Nohejl,3-1,2026-07-13T10:20:02.242000+00:00,2026-07-22T05:40:48.224981+00:00,2026-07-22T05:40:48.224981+00:00,94fc5334a1c9d3f326ab8f0ad8fa5b20d223a1978f396b690ecb0a1160a19951,api.league-pro.com,OK,959f1658a9b3d1f70eec3c956ba34f017d8c1f80a588fe9a83e817560f0bd4d0
296915,35183,Tournament A12. League 450-500,450-500,2026-07-13T10:00:12.714000+00:00,2026-07-13T04:00:12.714000-06:00,2026-07-13T12:00:12.714000+02:00,3,COMPLETED,909,Pavel Kulhanek,942,Jaroslav Strnad,1,3,942,Jaroslav Strnad,1-3,2026-07-13T10:24:26.952000+00:00,2026-07-22T05:40:48.224981+00:00,2026-07-22T05:40:48.224981+00:00,94fc5334a1c9d3f326ab8f0ad8fa5b20d223a1978f396b690ecb0a1160a19951,api.league-pro.com,OK,3c5975bbb576fe1e2b9f7fdb18a8fb097f9e4f2302ebcd174aa4900c0cf4da47
297027,35196,Tournament A16. League 1000-1100,1000-1100,2026-07-13T10:00:25.473000+00:00,2026-07-13T04:00:25.473000-06:00,2026-07-13T12:00:25.473000+02:00,3,COMPLETED,1283,Radovan Polasek,1121,Matyas Navedla,3,1,1283,Radovan Polasek,3-1,2026-07-13T10:19:13.925000+00:00,2026-07-22T05:40:48.224981+00:00,2026-07-22T05:40:48.224981+00:00,94fc5334a1c9d3f326ab8f0ad8fa5b20d223a1978f396b690ecb0a1160a19951,api.league-pro.com,OK,ea7ee471bc66d3c8fdf4e80cea63b8feb945d8c741edbd5428a460c02bc27e11
297051,35199,Tournament A18. League 700-800,700-800,2026-07-13T10:00:48.691000+00:00,2026-07-13T04:00:48.691000-06:00,2026-07-13T12:00:48.691000+02:00,3,COMPLETED,1714,Samuel Byrtus,1866,Alfred Rinka,2,3,1866,Alfred Rinka,2-3,2026-07-13T10:39:12.315000+00:00,2026-07-22T05:40:48.224981+00:00,2026-07-22T05:40:48.224981+00:00,94fc5334a1c9d3f326ab8f0ad8fa5b20d223a1978f396b690ecb0a1160a19951,api.league-pro.com,OK,dc58e65267a7a033a92152ec5715bac0a3844d05ad834df4878ada6f92e623ea
296959,35188,Tournament A14. League 900-1000,900-1000,2026-07-13T10:00:56.444000+00:00,2026-07-13T04:00:56.444000-06:00,2026-07-13T12:00:56.444000+02:00,3,COMPLETED,683,Jan Mecl,930,Michal Zahradka,3,2,683,Jan Mecl,3-2,2026-07-13T10:18:13.286000+00:00,2026-07-22T05:40:48.224981+00:00,2026-07-22T05:40:48.224981+00:00,94fc5334a1c9d3f326ab8f0ad8fa5b20d223a1978f396b690ecb0a1160a19951,api.league-pro.com,OK,6b09f6503582184a2e7fc06c54778e9e88040fc6257cfcfd594328209c7e938e
296916,35183,Tournament A12. League 450-500,450-500,2026-07-13T10:30:06.504000+00:00,2026-07-13T04:30:06.504000-06:00,2026-07-13T12:30:06.504000+02:00,3,COMPLETED,1741,Matej Levicky,886,Vaclav Hruska,3,2,1741,Matej Levicky,3-2,2026-07-13T10:50:30.406000+00:00,2026-07-22T05:40:48.224981+00:00,2026-07-22T05:40:48.224981+00:00,94fc5334a1c9d3f326ab8f0ad8fa5b20d223a1978f396b690ecb0a1160a19951,api.league-pro.com,OK,86ef89b6502060a89cd7789818db326b2495ab82f15373cd1b63ade6a6c528f4
297011,35194,Tournament A17. League 550-600,550-600,2026-07-13T10:30:15.178000+00:00,2026-07-13T04:30:15.178000-06:00,2026-07-13T12:30:15.178000+02:00,3,COMPLETED,1377,Mihail Trinta,897,Tibor Kolenic,0,3,897,Tibor Kolenic,0-3,2026-07-13T10:40:09.811000+00:00,2026-07-22T05:40:48.224981+00:00,2026-07-22T05:40:48.224981+00:00,94fc5334a1c9d3f326ab8f0ad8fa5b20d223a1978f396b690ecb0a1160a19951,api.league-pro.com,OK,5640d9aaca7a83cd843b45dbe013e1e3512f8e44dc70a5006085830793eb2d15
296960,35188,Tournament A14. League 900-1000,900-1000,2026-07-13T10:30:22.549000+00:00,2026-07-13T04:30:22.549000-06:00,2026-07-13T12:30:22.549000+02:00,3,COMPLETED,1860,Dmytro Opanasiuk,1796,Libor Prikasky,3,1,1860,Dmytro Opanasiuk,3-1,2026-07-13T10:48:40.136000+00:00,2026-07-22T05:40:48.224981+00:00,2026-07-22T05:40:48.224981+00:00,94fc5334a1c9d3f326ab8f0ad8fa5b20d223a1978f396b690ecb0a1160a19951,api.league-pro.com,OK,d28ccfdf4b8566214b19c1b58ad3f03ce7fe76e986600206e49dd7de26a83c7b
297028,35196,Tournament A16. League 1000-1100,1000-1100,2026-07-13T10:30:32.350000+00:00,2026-07-13T04:30:32.350000-06:00,2026-07-13T12:30:32.350000+02:00,3,COMPLETED,1379,Pavel Wawrosz,1057,Jakub Plachta,0,3,1057,Jakub Plachta,0-3,2026-07-13T10:44:59.019000+00:00,2026-07-22T05:40:48.224981+00:00,2026-07-22T05:40:48.224981+00:00,94fc5334a1c9d3f326ab8f0ad8fa5b20d223a1978f396b690ecb0a1160a19951,api.league-pro.com,OK,abd3868275b0947b28a39b9b8f7ea1a6b54f977d2b969ddefde99207828a750f
297052,35199,Tournament A18. League 700-800,700-800,2026-07-13T10:42:02.403000+00:00,2026-07-13T04:42:02.403000-06:00,2026-07-13T12:42:02.403000+02:00,3,COMPLETED,1743,Adrian Walek,1843,Vladimir Adamczyk,1,3,1843,Vladimir Adamczyk,1-3,2026-07-13T11:02:05.019000+00:00,2026-07-22T05:40:48.224981+00:00,2026-07-22T05:40:48.224981+00:00,94fc5334a1c9d3f326ab8f0ad8fa5b20d223a1978f396b690ecb0a1160a19951,api.league-pro.com,OK,6d14fe1ecc0d5aeabf46986b7c775503771c6ef86a3c300ef3342c7ce7895851
296917,35183,Tournament A12. League 450-500,450-500,2026-07-13T11:00:07.644000+00:00,2026-07-13T05:00:07.644000-06:00,2026-07-13T13:00:07.644000+02:00,3,COMPLETED,942,Jaroslav Strnad,1741,Matej Levicky,3,2,942,Jaroslav Strnad,3-2,2026-07-13T11:29:03.714000+00:00,2026-07-22T05:40:48.224981+00:00,2026-07-22T05:40:48.224981+00:00,94fc5334a1c9d3f326ab8f0ad8fa5b20d223a1978f396b690ecb0a1160a19951,api.league-pro.com,OK,fc38294cb8756276358827d5eccf49e3f6b34f4bb4c1ab34d5187b20acdd8422
297013,35194,Tournament A17. League 550-600,550-600,2026-07-13T11:00:09.014000+00:00,2026-07-13T05:00:09.014000-06:00,2026-07-13T13:00:09.014000+02:00,3,COMPLETED,897,Tibor Kolenic,1292,Vaclav Nohejl,0,3,1292,Vaclav Nohejl,0-3,2026-07-13T11:14:34.304000+00:00,2026-07-22T05:40:48.224981+00:00,2026-07-22T05:40:48.224981+00:00,94fc5334a1c9d3f326ab8f0ad8fa5b20d223a1978f396b690ecb0a1160a19951,api.league-pro.com,OK,c6d567a600a4f7e75eef40d74094d6b164f071de2dd3ba0aa62fc5c819852eec
297029,35196,Tournament A16. League 1000-1100,1000-1100,2026-07-13T11:00:09.533000+00:00,2026-07-13T05:00:09.533000-06:00,2026-07-13T13:00:09.533000+02:00,3,COMPLETED,1121,Matyas Navedla,1379,Pavel Wawrosz,3,1,1121,Matyas Navedla,3-1,2026-07-13T11:15:25.320000+00:00,2026-07-22T05:40:48.224981+00:00,2026-07-22T05:40:48.224981+00:00,94fc5334a1c9d3f326ab8f0ad8fa5b20d223a1978f396b690ecb0a1160a19951,api.league-pro.com,OK,b606607d9679b2417c64903084f14315a17ff1d40de41f715c76e6d6f1fd42b1
296961,35188,Tournament A14. League 900-1000,900-1000,2026-07-13T11:00:38.802000+00:00,2026-07-13T05:00:38.802000-06:00,2026-07-13T13:00:38.802000+02:00,3,COMPLETED,930,Michal Zahradka,1860,Dmytro Opanasiuk,1,3,1860,Dmytro Opanasiuk,1-3,2026-07-13T11:16:13.432000+00:00,2026-07-22T05:40:48.224981+00:00,2026-07-22T05:40:48.224981+00:00,94fc5334a1c9d3f326ab8f0ad8fa5b20d223a1978f396b690ecb0a1160a19951,api.league-pro.com,OK,8418a45673f7f65ae90b95863bdff87d91cf5b78a6c2c55d6643e3be9d9c0972
297053,35199,Tournament A18. League 700-800,700-800,2026-07-13T11:04:44.531000+00:00,2026-07-13T05:04:44.531000-06:00,2026-07-13T13:04:44.531000+02:00,3,COMPLETED,1866,Alfred Rinka,1743,Adrian Walek,3,2,1866,Alfred Rinka,3-2,2026-07-13T11:31:40.819000+00:00,2026-07-22T05:40:48.224981+00:00,2026-07-22T05:40:48.224981+00:00,94fc5334a1c9d3f326ab8f0ad8fa5b20d223a1978f396b690ecb0a1160a19951,api.league-pro.com,OK,7d733044a06e79b0217d8bdc1184454a609e912689ec897eb9821a887808d0ac
296962,35188,Tournament A14. League 900-1000,900-1000,2026-07-13T11:30:12.211000+00:00,2026-07-13T05:30:12.211000-06:00,2026-07-13T13:30:12.211000+02:00,3,COMPLETED,1796,Libor Prikasky,683,Jan Mecl,3,1,1796,Libor Prikasky,3-1,2026-07-13T11:44:44.115000+00:00,2026-07-22T05:40:48.224981+00:00,2026-07-22T05:40:48.224981+00:00,94fc5334a1c9d3f326ab8f0ad8fa5b20d223a1978f396b690ecb0a1160a19951,api.league-pro.com,OK,42297062ee977320874ee94e44bfcdac2ae1cc3d08c1c9aa519a4e98d738f8b6
296918,35183,Tournament A12. League 450-500,450-500,2026-07-13T11:30:14.005000+00:00,2026-07-13T05:30:14.005000-06:00,2026-07-13T13:30:14.005000+02:00,3,COMPLETED,886,Vaclav Hruska,909,Pavel Kulhanek,2,3,909,Pavel Kulhanek,2-3,2026-07-13T11:51:05.166000+00:00,2026-07-22T05:40:48.224981+00:00,2026-07-22T05:40:48.224981+00:00,94fc5334a1c9d3f326ab8f0ad8fa5b20d223a1978f396b690ecb0a1160a19951,api.league-pro.com,OK,dddf7f0edefb72aaaa77640989db014e590f4ead148de14e7814dde6bb71fbb0
297014,35194,Tournament A17. League 550-600,550-600,2026-07-13T11:30:19.365000+00:00,2026-07-13T05:30:19.365000-06:00,2026-07-13T13:30:19.365000+02:00,3,COMPLETED,1382,Jaroslav Novotny,1377,Mihail Trinta,1,3,1377,Mihail Trinta,1-3,2026-07-13T11:59:36.274000+00:00,2026-07-22T05:40:48.224981+00:00,2026-07-22T05:40:48.224981+00:00,94fc5334a1c9d3f326ab8f0ad8fa5b20d223a1978f396b690ecb0a1160a19951,api.league-pro.com,OK,51fa9df403feb062ff18d5ac13ca16f8f4e5467317c44e33f26f113e47ad21e0
297030,35196,Tournament A16. League 1000-1100,1000-1100,2026-07-13T11:30:19.464000+00:00,2026-07-13T05:30:19.464000-06:00,2026-07-13T13:30:19.464000+02:00,3,COMPLETED,1057,Jakub Plachta,1283,Radovan Polasek,1,3,1283,Radovan Polasek,1-3,2026-07-13T11:48:03.751000+00:00,2026-07-22T05:40:48.224981+00:00,2026-07-22T05:40:48.224981+00:00,94fc5334a1c9d3f326ab8f0ad8fa5b20d223a1978f396b690ecb0a1160a19951,api.league-pro.com,OK,7c0a37861bf8570819edd0bd945e0d6aad23569593c4ea9e810abb1149d7498d
297054,35199,Tournament A18. League 700-800,700-800,2026-07-13T11:34:16.275000+00:00,2026-07-13T05:34:16.275000-06:00,2026-07-13T13:34:16.275000+02:00,3,COMPLETED,1843,Vladimir Adamczyk,1714,Samuel Byrtus,3,1,1843,Vladimir Adamczyk,3-1,2026-07-13T11:51:41.979000+00:00,2026-07-22T05:40:48.224981+00:00,2026-07-22T05:40:48.224981+00:00,94fc5334a1c9d3f326ab8f0ad8fa5b20d223a1978f396b690ecb0a1160a19951,api.league-pro.com,OK,d364661d19bc9df0df99eecfc4cac419e34a280d77747e133009410c56b0683f
296919,35183,Tournament A12. League 450-500,450-500,2026-07-13T12:00:10.243000+00:00,2026-07-13T06:00:10.243000-06:00,2026-07-13T14:00:10.243000+02:00,3,COMPLETED,909,Pavel Kulhanek,1741,Matej Levicky,1,3,1741,Matej Levicky,1-3,2026-07-13T12:20:58.372000+00:00,2026-07-22T05:40:48.224981+00:00,2026-07-22T05:40:48.224981+00:00,94fc5334a1c9d3f326ab8f0ad8fa5b20d223a1978f396b690ecb0a1160a19951,api.league-pro.com,OK,388f00ca090ba49c3e614b6570901dacaaa6c3da8b82ed343c930eb2fb679e79
296963,35188,Tournament A14. League 900-1000,900-1000,2026-07-13T12:00:21.141000+00:00,2026-07-13T06:00:21.141000-06:00,2026-07-13T14:00:21.141000+02:00,3,COMPLETED,683,Jan Mecl,1860,Dmytro Opanasiuk,3,1,683,Jan Mecl,3-1,2026-07-13T12:16:37.050000+00:00,2026-07-22T05:40:48.224981+00:00,2026-07-22T05:40:48.224981+00:00,94fc5334a1c9d3f326ab8f0ad8fa5b20d223a1978f396b690ecb0a1160a19951,api.league-pro.com,OK,807e4a45aacb98f55536ca9fe0eeb6c31bb982612e8a04485f117116ad6e5a01
297031,35196,Tournament A16. League 1000-1100,1000-1100,2026-07-13T12:00:21.236000+00:00,2026-07-13T06:00:21.236000-06:00,2026-07-13T14:00:21.236000+02:00,3,COMPLETED,1283,Radovan Polasek,1379,Pavel Wawrosz,2,3,1379,Pavel Wawrosz,2-3,2026-07-13T12:18:43.319000+00:00,2026-07-22T05:40:48.224981+00:00,2026-07-22T05:40:48.224981+00:00,94fc5334a1c9d3f326ab8f0ad8fa5b20d223a1978f396b690ecb0a1160a19951,api.league-pro.com,OK,1717c7182a84cdad2e1c532dd3d7abf504b42a647b829badc90a21ec70a25eaa
297055,35199,Tournament A18. League 700-800,700-800,2026-07-13T12:00:58.069000+00:00,2026-07-13T06:00:58.069000-06:00,2026-07-13T14:00:58.069000+02:00,3,COMPLETED,1714,Samuel Byrtus,1743,Adrian Walek,0,3,1743,Adrian Walek,0-3,2026-07-13T12:17:50.498000+00:00,2026-07-22T05:40:48.224981+00:00,2026-07-22T05:40:48.224981+00:00,94fc5334a1c9d3f326ab8f0ad8fa5b20d223a1978f396b690ecb0a1160a19951,api.league-pro.com,OK,e8827614ec2008c65818ec60852b04f8337019873d58bd9c4d4a6f96f7692b48
297015,35194,Tournament A17. League 550-600,550-600,2026-07-13T12:03:11.703000+00:00,2026-07-13T06:03:11.703000-06:00,2026-07-13T14:03:11.703000+02:00,3,COMPLETED,1377,Mihail Trinta,1292,Vaclav Nohejl,3,1,1377,Mihail Trinta,3-1,2026-07-13T12:24:21.430000+00:00,2026-07-22T05:40:48.224981+00:00,2026-07-22T05:40:48.224981+00:00,94fc5334a1c9d3f326ab8f0ad8fa5b20d223a1978f396b690ecb0a1160a19951,api.league-pro.com,OK,f30851a28d5ab4c16cdd25d33a416c517078a11bdd6b2f231aee7db100724d30
296920,35183,Tournament A12. League 450-500,450-500,2026-07-13T12:30:06.524000+00:00,2026-07-13T06:30:06.524000-06:00,2026-07-13T14:30:06.524000+02:00,3,COMPLETED,942,Jaroslav Strnad,886,Vaclav Hruska,3,2,942,Jaroslav Strnad,3-2,2026-07-13T12:55:34.659000+00:00,2026-07-22T05:40:48.224981+00:00,2026-07-22T05:40:48.224981+00:00,94fc5334a1c9d3f326ab8f0ad8fa5b20d223a1978f396b690ecb0a1160a19951,api.league-pro.com,OK,bb7f7f2828cfe09c472ffe21e3836f107cc8581e46d7fa82433fe26c21008150
297056,35199,Tournament A18. League 700-800,700-800,2026-07-13T12:30:21.148000+00:00,2026-07-13T06:30:21.148000-06:00,2026-07-13T14:30:21.148000+02:00,3,COMPLETED,1866,Alfred Rinka,1843,Vladimir Adamczyk,1,3,1843,Vladimir Adamczyk,1-3,2026-07-13T12:47:04.540000+00:00,2026-07-22T05:40:48.224981+00:00,2026-07-22T05:40:48.224981+00:00,94fc5334a1c9d3f326ab8f0ad8fa5b20d223a1978f396b690ecb0a1160a19951,api.league-pro.com,OK,f6f3afd42366a7536c6d927675a1733d8e0e76e23b59fc032fe7a3a841065fae
297016,35194,Tournament A17. League 550-600,550-600,2026-07-13T12:30:26.438000+00:00,2026-07-13T06:30:26.438000-06:00,2026-07-13T14:30:26.438000+02:00,3,COMPLETED,897,Tibor Kolenic,1382,Jaroslav Novotny,1,3,1382,Jaroslav Novotny,1-3,2026-07-13T12:51:39.705000+00:00,2026-07-22T05:40:48.224981+00:00,2026-07-22T05:40:48.224981+00:00,94fc5334a1c9d3f326ab8f0ad8fa5b20d223a1978f396b690ecb0a1160a19951,api.league-pro.com,OK,84353019ba456605994730a212b769675a8fdb986454b48fd6bff95ee6e365c6
297032,35196,Tournament A16. League 1000-1100,1000-1100,2026-07-13T12:30:29.248000+00:00,2026-07-13T06:30:29.248000-06:00,2026-07-13T14:30:29.248000+02:00,3,COMPLETED,1121,Matyas Navedla,1057,Jakub Plachta,3,2,1121,Matyas Navedla,3-2,2026-07-13T12:57:03.842000+00:00,2026-07-22T05:40:48.224981+00:00,2026-07-22T05:40:48.224981+00:00,94fc5334a1c9d3f326ab8f0ad8fa5b20d223a1978f396b690ecb0a1160a19951,api.league-pro.com,OK,b6e4ecba1150a590ed9faecf799ea7d3b50227a7043880ace0a620411209ec7c
296964,35188,Tournament A14. League 900-1000,900-1000,2026-07-13T12:31:12.112000+00:00,2026-07-13T06:31:12.112000-06:00,2026-07-13T14:31:12.112000+02:00,3,COMPLETED,930,Michal Zahradka,1796,Libor Prikasky,0,3,1796,Libor Prikasky,0-3,2026-07-13T12:41:02.297000+00:00,2026-07-22T05:40:48.224981+00:00,2026-07-22T05:40:48.224981+00:00,94fc5334a1c9d3f326ab8f0ad8fa5b20d223a1978f396b690ecb0a1160a19951,api.league-pro.com,OK,c2274ed3dc6917aab04cfa88da04f3a6aac3fa22e8274719528024bb95cf84ec
296965,35188,Tournament A14. League 900-1000,900-1000,2026-07-13T13:00:23.227000+00:00,2026-07-13T07:00:23.227000-06:00,2026-07-13T15:00:23.227000+02:00,3,COMPLETED,683,Jan Mecl,930,Michal Zahradka,3,0,683,Jan Mecl,3-0,2026-07-13T13:11:22.912000+00:00,2026-07-22T05:40:48.224981+00:00,2026-07-22T05:40:48.224981+00:00,94fc5334a1c9d3f326ab8f0ad8fa5b20d223a1978f396b690ecb0a1160a19951,api.league-pro.com,OK,d7d27e1c970a936f5769b5542a7ad688361e16f2dd5326381d7e410739bf2c36
297057,35199,Tournament A18. League 700-800,700-800,2026-07-13T13:00:32.816000+00:00,2026-07-13T07:00:32.816000-06:00,2026-07-13T15:00:32.816000+02:00,3,COMPLETED,1743,Adrian Walek,1714,Samuel Byrtus,1,3,1714,Samuel Byrtus,1-3,2026-07-13T13:17:23.545000+00:00,2026-07-22T05:40:48.224981+00:00,2026-07-22T05:40:48.224981+00:00,94fc5334a1c9d3f326ab8f0ad8fa5b20d223a1978f396b690ecb0a1160a19951,api.league-pro.com,OK,3064b3e438ca4b9d27321a5448e5a6eb3423b7561ed02a5e53a8797a184b860c
297017,35194,Tournament A17. League 550-600,550-600,2026-07-13T13:00:41.929000+00:00,2026-07-13T07:00:41.929000-06:00,2026-07-13T15:00:41.929000+02:00,3,COMPLETED,1382,Jaroslav Novotny,897,Tibor Kolenic,3,0,1382,Jaroslav Novotny,3-0,2026-07-13T13:14:08.658000+00:00,2026-07-22T05:40:48.224981+00:00,2026-07-22T05:40:48.224981+00:00,94fc5334a1c9d3f326ab8f0ad8fa5b20d223a1978f396b690ecb0a1160a19951,api.league-pro.com,OK,c251dcaa40c6e71296000414429d265fa97674614d6f71d96bd8e5fadc11fe0e
296921,35183,Tournament A12. League 450-500,450-500,2026-07-13T13:03:28.608000+00:00,2026-07-13T07:03:28.608000-06:00,2026-07-13T15:03:28.608000+02:00,3,COMPLETED,909,Pavel Kulhanek,886,Vaclav Hruska,0,3,886,Vaclav Hruska,0-3,2026-07-13T13:18:27.333000+00:00,2026-07-22T05:40:48.224981+00:00,2026-07-22T05:40:48.224981+00:00,94fc5334a1c9d3f326ab8f0ad8fa5b20d223a1978f396b690ecb0a1160a19951,api.league-pro.com,OK,caa3195fe870651d08b6cb6fda919274df44b7c94a4611156e56550edb533026
297033,35196,Tournament A16. League 1000-1100,1000-1100,2026-07-13T13:07:28.964000+00:00,2026-07-13T07:07:28.964000-06:00,2026-07-13T15:07:28.964000+02:00,3,COMPLETED,1057,Jakub Plachta,1379,Pavel Wawrosz,1,3,1379,Pavel Wawrosz,1-3,2026-07-13T13:19:33.661000+00:00,2026-07-22T05:40:48.224981+00:00,2026-07-22T05:40:48.224981+00:00,94fc5334a1c9d3f326ab8f0ad8fa5b20d223a1978f396b690ecb0a1160a19951,api.league-pro.com,OK,0b9d428c39e7801972544dbf7161e49d2981b89db2e62f1bad635529cf9d3d97
297018,35194,Tournament A17. League 550-600,550-600,2026-07-13T13:30:10.264000+00:00,2026-07-13T07:30:10.264000-06:00,2026-07-13T15:30:10.264000+02:00,3,COMPLETED,1292,Vaclav Nohejl,1377,Mihail Trinta,2,3,1377,Mihail Trinta,2-3,2026-07-13T13:54:25.538000+00:00,2026-07-22T05:40:48.224981+00:00,2026-07-22T05:40:48.224981+00:00,94fc5334a1c9d3f326ab8f0ad8fa5b20d223a1978f396b690ecb0a1160a19951,api.league-pro.com,OK,82093822886019b234423539208c58a4f86926f2c2c9deee3178f3bb6c221c5c
296922,35183,Tournament A12. League 450-500,450-500,2026-07-13T13:30:11.258000+00:00,2026-07-13T07:30:11.258000-06:00,2026-07-13T15:30:11.258000+02:00,3,COMPLETED,942,Jaroslav Strnad,1741,Matej Levicky,1,3,1741,Matej Levicky,1-3,2026-07-13T13:46:40.166000+00:00,2026-07-22T05:40:48.224981+00:00,2026-07-22T05:40:48.224981+00:00,94fc5334a1c9d3f326ab8f0ad8fa5b20d223a1978f396b690ecb0a1160a19951,api.league-pro.com,OK,9f764ab57d101a756fd292135db3dae7902a603471ca30f78ce6b0750c02f8a7
297034,35196,Tournament A16. League 1000-1100,1000-1100,2026-07-13T13:30:18.279000+00:00,2026-07-13T07:30:18.279000-06:00,2026-07-13T15:30:18.279000+02:00,3,COMPLETED,1283,Radovan Polasek,1121,Matyas Navedla,0,3,1121,Matyas Navedla,0-3,2026-07-13T13:41:18.819000+00:00,2026-07-22T05:40:48.224981+00:00,2026-07-22T05:40:48.224981+00:00,94fc5334a1c9d3f326ab8f0ad8fa5b20d223a1978f396b690ecb0a1160a19951,api.league-pro.com,OK,755d36930551820d7c26a9a31b4e14e1c97efc79bf40263dc170d336e22b505e
297058,35199,Tournament A18. League 700-800,700-800,2026-07-13T13:30:22.166000+00:00,2026-07-13T07:30:22.166000-06:00,2026-07-13T15:30:22.166000+02:00,3,COMPLETED,1843,Vladimir Adamczyk,1866,Alfred Rinka,3,1,1843,Vladimir Adamczyk,3-1,2026-07-13T13:49:45.615000+00:00,2026-07-22T05:40:48.224981+00:00,2026-07-22T05:40:48.224981+00:00,94fc5334a1c9d3f326ab8f0ad8fa5b20d223a1978f396b690ecb0a1160a19951,api.league-pro.com,OK,90038a7349cd500ebcbcce39111c1a75409ccca97aeff6e8ef61d748f86ad1c7
296966,35188,Tournament A14. League 900-1000,900-1000,2026-07-13T13:30:39.264000+00:00,2026-07-13T07:30:39.264000-06:00,2026-07-13T15:30:39.264000+02:00,3,COMPLETED,1796,Libor Prikasky,1860,Dmytro Opanasiuk,3,2,1796,Libor Prikasky,3-2,2026-07-13T13:52:03.509000+00:00,2026-07-22T05:40:48.224981+00:00,2026-07-22T05:40:48.224981+00:00,94fc5334a1c9d3f326ab8f0ad8fa5b20d223a1978f396b690ecb0a1160a19951,api.league-pro.com,OK,419e7c672e26443f80e46e683778b7073ede1b1461314f671dbd002e99674bee
296923,35184,Tournament A12. League 1000-1100,1000-1100,2026-07-13T14:00:06.132000+00:00,2026-07-13T08:00:06.132000-06:00,2026-07-13T16:00:06.132000+02:00,3,COMPLETED,1850,Filip Wolf,707,Petr Bradac,2,3,707,Petr Bradac,2-3,2026-07-13T14:24:37.668000+00:00,2026-07-22T05:40:48.224981+00:00,2026-07-22T05:40:48.224981+00:00,94fc5334a1c9d3f326ab8f0ad8fa5b20d223a1978f396b690ecb0a1160a19951,api.league-pro.com,OK,8bd038bb690d005f5deaa2545e88408a907d66beed43f9908b74d3d5b927d8d7
297019,35195,Tournament A17. League 700-800,700-800,2026-07-13T14:00:07.897000+00:00,2026-07-13T08:00:07.897000-06:00,2026-07-13T16:00:07.897000+02:00,3,COMPLETED,1627,Tomas Vinter,1015,Michal Vedmoch,3,0,1627,Tomas Vinter,3-0,2026-07-13T14:08:56.329000+00:00,2026-07-22T05:40:48.224981+00:00,2026-07-22T05:40:48.224981+00:00,94fc5334a1c9d3f326ab8f0ad8fa5b20d223a1978f396b690ecb0a1160a19951,api.league-pro.com,OK,192c8598b4d9461f41d28b2fbcc2929022a6d797f7fe2b905b866043acc96706
297087,35203,Tournament A18. League 700-800,700-800,2026-07-13T14:00:10.446000+00:00,2026-07-13T08:00:10.446000-06:00,2026-07-13T16:00:10.446000+02:00,3,COMPLETED,1038,Dalimil Machander,1723,Jan Stoch,2,3,1723,Jan Stoch,2-3,2026-07-13T14:28:42.930000+00:00,2026-07-22T05:40:48.224981+00:00,2026-07-22T05:40:48.224981+00:00,94fc5334a1c9d3f326ab8f0ad8fa5b20d223a1978f396b690ecb0a1160a19951,api.league-pro.com,OK,b2d14abee780ec0e7450053a672daab8bae7fce39f684d92d84444510efc01c8
297035,35197,Tournament A16. League 800-900,800-900,2026-07-13T14:00:14.924000+00:00,2026-07-13T08:00:14.924000-06:00,2026-07-13T16:00:14.924000+02:00,3,COMPLETED,1092,Marek Holub,1829,Daniel Unzeitig,3,2,1092,Marek Holub,3-2,2026-07-13T14:26:31.946000+00:00,2026-07-22T05:40:48.224981+00:00,2026-07-22T05:40:48.224981+00:00,94fc5334a1c9d3f326ab8f0ad8fa5b20d223a1978f396b690ecb0a1160a19951,api.league-pro.com,OK,43986997fb06363d7d29c91d7fd166635ae9d6c04c68e22017ca40af7e47c156
296967,35189,Tournament A14. League 900-1000,900-1000,2026-07-13T14:00:37.121000+00:00,2026-07-13T08:00:37.121000-06:00,2026-07-13T16:00:37.121000+02:00,3,COMPLETED,1128,Radim Urbaniec,1324,Ondrej Svacha,3,2,1128,Radim Urbaniec,3-2,2026-07-13T14:20:14.905000+00:00,2026-07-22T05:40:48.224981+00:00,2026-07-22T05:40:48.224981+00:00,94fc5334a1c9d3f326ab8f0ad8fa5b20d223a1978f396b690ecb0a1160a19951,api.league-pro.com,OK,cff088c56f3818462a78978a509caa23add4abe7e512708317f4f38dd38bd0fd
297020,35195,Tournament A17. League 700-800,700-800,2026-07-13T14:30:10.173000+00:00,2026-07-13T08:30:10.173000-06:00,2026-07-13T16:30:10.173000+02:00,3,COMPLETED,1531,Adam Brazda,781,Jiri Pozarsky,3,2,1531,Adam Brazda,3-2,2026-07-13T14:56:10.491000+00:00,2026-07-22T05:40:48.224981+00:00,2026-07-22T05:40:48.224981+00:00,94fc5334a1c9d3f326ab8f0ad8fa5b20d223a1978f396b690ecb0a1160a19951,api.league-pro.com,OK,c9f0daa1a001c8dfba744c7321645e74ab6f113c3159b6324050eb73e91549c0
297036,35197,Tournament A16. League 800-900,800-900,2026-07-13T14:30:10.779000+00:00,2026-07-13T08:30:10.779000-06:00,2026-07-13T16:30:10.779000+02:00,3,COMPLETED,1781,Jiri Holubec,1712,Tomas Petrek,3,0,1781,Jiri Holubec,3-0,2026-07-13T14:45:01.246000+00:00,2026-07-22T05:40:48.224981+00:00,2026-07-22T05:40:48.224981+00:00,94fc5334a1c9d3f326ab8f0ad8fa5b20d223a1978f396b690ecb0a1160a19951,api.league-pro.com,OK,9b5c0f05d6eb488cad0f19e4a827cdd201daee85b07d942315b6e529b22beaae
296924,35184,Tournament A12. League 1000-1100,1000-1100,2026-07-13T14:30:12.184000+00:00,2026-07-13T08:30:12.184000-06:00,2026-07-13T16:30:12.184000+02:00,3,COMPLETED,1664,Jakub Vales,1061,Jiri Nesnera,3,2,1664,Jakub Vales,3-2,2026-07-13T14:51:03.547000+00:00,2026-07-22T05:40:48.224981+00:00,2026-07-22T05:40:48.224981+00:00,94fc5334a1c9d3f326ab8f0ad8fa5b20d223a1978f396b690ecb0a1160a19951,api.league-pro.com,OK,9a2d64f02c93aa88f764b4f597f55475fb553648aab0248b0e93b07d2bd4edb4
296968,35189,Tournament A14. League 900-1000,900-1000,2026-07-13T14:30:13.355000+00:00,2026-07-13T08:30:13.355000-06:00,2026-07-13T16:30:13.355000+02:00,3,COMPLETED,1668,Oleksandr Kolisnyk,826,Ales Barton,3,0,1668,Oleksandr Kolisnyk,3-0,2026-07-13T14:42:46.554000+00:00,2026-07-22T05:40:48.224981+00:00,2026-07-22T05:40:48.224981+00:00,94fc5334a1c9d3f326ab8f0ad8fa5b20d223a1978f396b690ecb0a1160a19951,api.league-pro.com,OK,7ffb38edbf488107cfe75cac3c372c24e6fac94da816ac854c0b24dda1028a1d
297088,35203,Tournament A18. League 700-800,700-800,2026-07-13T14:31:21.579000+00:00,2026-07-13T08:31:21.579000-06:00,2026-07-13T16:31:21.579000+02:00,3,COMPLETED,1035,Richard Skacelik,1714,Samuel Byrtus,3,1,1035,Richard Skacelik,3-1,2026-07-13T14:52:10.699000+00:00,2026-07-22T05:40:48.224981+00:00,2026-07-22T05:40:48.224981+00:00,94fc5334a1c9d3f326ab8f0ad8fa5b20d223a1978f396b690ecb0a1160a19951,api.league-pro.com,OK,ea2ceeb1a6610b38abe4235f8ca1086c2e8cdadad41b01df066b13039ffa8df4
296925,35184,Tournament A12. League 1000-1100,1000-1100,2026-07-13T15:00:06.181000+00:00,2026-07-13T09:00:06.181000-06:00,2026-07-13T17:00:06.181000+02:00,3,COMPLETED,707,Petr Bradac,1664,Jakub Vales,3,2,707,Petr Bradac,3-2,2026-07-13T15:19:20.154000+00:00,2026-07-22T05:40:48.224981+00:00,2026-07-22T05:40:48.224981+00:00,94fc5334a1c9d3f326ab8f0ad8fa5b20d223a1978f396b690ecb0a1160a19951,api.league-pro.com,OK,073d4aa481ebc97f6cfe9efcd70c56de4eef30e523327dfa6ae37bda1570d16f
297021,35195,Tournament A17. League 700-800,700-800,2026-07-13T15:00:08.049000+00:00,2026-07-13T09:00:08.049000-06:00,2026-07-13T17:00:08.049000+02:00,3,COMPLETED,1015,Michal Vedmoch,1531,Adam Brazda,1,3,1531,Adam Brazda,1-3,2026-07-13T15:15:49.259000+00:00,2026-07-22T05:40:48.224981+00:00,2026-07-22T05:40:48.224981+00:00,94fc5334a1c9d3f326ab8f0ad8fa5b20d223a1978f396b690ecb0a1160a19951,api.league-pro.com,OK,eab81d65235e0499fff106efea0430257922e7c7f3a2ab3167eb5802355d37b9
297089,35203,Tournament A18. League 700-800,700-800,2026-07-13T15:00:13.771000+00:00,2026-07-13T09:00:13.771000-06:00,2026-07-13T17:00:13.771000+02:00,3,COMPLETED,1723,Jan Stoch,1035,Richard Skacelik,2,3,1035,Richard Skacelik,2-3,2026-07-13T15:24:45.903000+00:00,2026-07-22T05:40:48.224981+00:00,2026-07-22T05:40:48.224981+00:00,94fc5334a1c9d3f326ab8f0ad8fa5b20d223a1978f396b690ecb0a1160a19951,api.league-pro.com,OK,ac29f31dd3a811670f03ba001d55a78d15201c5d2a27a9bb691244d6c18a84f9
296969,35189,Tournament A14. League 900-1000,900-1000,2026-07-13T15:00:14.428000+00:00,2026-07-13T09:00:14.428000-06:00,2026-07-13T17:00:14.428000+02:00,3,COMPLETED,1324,Ondrej Svacha,1668,Oleksandr Kolisnyk,3,2,1324,Ondrej Svacha,3-2,2026-07-13T15:17:29.555000+00:00,2026-07-22T05:40:48.224981+00:00,2026-07-22T05:40:48.224981+00:00,94fc5334a1c9d3f326ab8f0ad8fa5b20d223a1978f396b690ecb0a1160a19951,api.league-pro.com,OK,08b5edeb6c9828c4166c381b8cd557bd79212d19c1071ed1fe8c43e492e90a6b
297037,35197,Tournament A16. League 800-900,800-900,2026-07-13T15:00:19.355000+00:00,2026-07-13T09:00:19.355000-06:00,2026-07-13T17:00:19.355000+02:00,3,COMPLETED,1829,Daniel Unzeitig,1781,Jiri Holubec,0,3,1781,Jiri Holubec,0-3,2026-07-13T15:21:51.601000+00:00,2026-07-22T05:40:48.224981+00:00,2026-07-22T05:40:48.224981+00:00,94fc5334a1c9d3f326ab8f0ad8fa5b20d223a1978f396b690ecb0a1160a19951,api.league-pro.com,OK,a2a4e41bc9496141e61d30c0670ad775dc69df3e4ae1f1f0943aef554cbee2e0
296926,35184,Tournament A12. League 1000-1100,1000-1100,2026-07-13T15:30:06.164000+00:00,2026-07-13T09:30:06.164000-06:00,2026-07-13T17:30:06.164000+02:00,3,COMPLETED,1061,Jiri Nesnera,1850,Filip Wolf,3,0,1061,Jiri Nesnera,3-0,2026-07-13T15:42:13.281000+00:00,2026-07-22T05:40:48.224981+00:00,2026-07-22T05:40:48.224981+00:00,94fc5334a1c9d3f326ab8f0ad8fa5b20d223a1978f396b690ecb0a1160a19951,api.league-pro.com,OK,ae4c4e32cc8dbb202ed4fa1a9c9f0259477d42bc5d035a767f17cf3be8e66ed4
297038,35197,Tournament A16. League 800-900,800-900,2026-07-13T15:30:06.593000+00:00,2026-07-13T09:30:06.593000-06:00,2026-07-13T17:30:06.593000+02:00,3,COMPLETED,1712,Tomas Petrek,1092,Marek Holub,1,3,1092,Marek Holub,1-3,2026-07-13T15:47:59.199000+00:00,2026-07-22T05:40:48.224981+00:00,2026-07-22T05:40:48.224981+00:00,94fc5334a1c9d3f326ab8f0ad8fa5b20d223a1978f396b690ecb0a1160a19951,api.league-pro.com,OK,8002701e0b7cb0389b9759467e3a3658fa6d26817859bc42b8e049219bd4f8b0
296970,35189,Tournament A14. League 900-1000,900-1000,2026-07-13T15:30:09.463000+00:00,2026-07-13T09:30:09.463000-06:00,2026-07-13T17:30:09.463000+02:00,3,COMPLETED,826,Ales Barton,1128,Radim Urbaniec,3,2,826,Ales Barton,3-2,2026-07-13T15:48:42.862000+00:00,2026-07-22T05:40:48.224981+00:00,2026-07-22T05:40:48.224981+00:00,94fc5334a1c9d3f326ab8f0ad8fa5b20d223a1978f396b690ecb0a1160a19951,api.league-pro.com,OK,7fadf0e6dc55910215f45d8807085e4c55911b88530f1a952f6edc5072591060
297022,35195,Tournament A17. League 700-800,700-800,2026-07-13T15:30:13.838000+00:00,2026-07-13T09:30:13.838000-06:00,2026-07-13T17:30:13.838000+02:00,3,COMPLETED,781,Jiri Pozarsky,1627,Tomas Vinter,1,3,1627,Tomas Vinter,1-3,2026-07-13T15:43:04.025000+00:00,2026-07-22T05:40:48.224981+00:00,2026-07-22T05:40:48.224981+00:00,94fc5334a1c9d3f326ab8f0ad8fa5b20d223a1978f396b690ecb0a1160a19951,api.league-pro.com,OK,f97a87e931575e8d9c143aefc9b1f4ff0b84ead324d6f1d96c4b107028aeb002
297090,35203,Tournament A18. League 700-800,700-800,2026-07-13T15:30:18.890000+00:00,2026-07-13T09:30:18.890000-06:00,2026-07-13T17:30:18.890000+02:00,3,COMPLETED,1714,Samuel Byrtus,1038,Dalimil Machander,2,3,1038,Dalimil Machander,2-3,2026-07-13T16:02:10.904000+00:00,2026-07-22T05:40:48.224981+00:00,2026-07-22T05:40:48.224981+00:00,94fc5334a1c9d3f326ab8f0ad8fa5b20d223a1978f396b690ecb0a1160a19951,api.league-pro.com,OK,cac787da01effe82378a6c59a80c1f2f1a8b8dc598a207e02808aa9502192229
296927,35184,Tournament A12. League 1000-1100,1000-1100,2026-07-13T16:00:07.108000+00:00,2026-07-13T10:00:07.108000-06:00,2026-07-13T18:00:07.108000+02:00,3,COMPLETED,1850,Filip Wolf,1664,Jakub Vales,3,2,1850,Filip Wolf,3-2,2026-07-13T16:21:17.955000+00:00,2026-07-22T05:40:48.224981+00:00,2026-07-22T05:40:48.224981+00:00,94fc5334a1c9d3f326ab8f0ad8fa5b20d223a1978f396b690ecb0a1160a19951,api.league-pro.com,OK,a54ed9a16aeb64cd606c188ad6865ab918c2720464621277883b8a7288b92a45
297039,35197,Tournament A16. League 800-900,800-900,2026-07-13T16:00:07.897000+00:00,2026-07-13T10:00:07.897000-06:00,2026-07-13T18:00:07.897000+02:00,3,COMPLETED,1092,Marek Holub,1781,Jiri Holubec,3,1,1092,Marek Holub,3-1,2026-07-13T16:23:04.115000+00:00,2026-07-22T05:40:48.224981+00:00,2026-07-22T05:40:48.224981+00:00,94fc5334a1c9d3f326ab8f0ad8fa5b20d223a1978f396b690ecb0a1160a19951,api.league-pro.com,OK,4231077a377d6cf6d3351392680a1f72f560f4ece661ac8d0bd13a5406978534
297023,35195,Tournament A17. League 700-800,700-800,2026-07-13T16:00:08.803000+00:00,2026-07-13T10:00:08.803000-06:00,2026-07-13T18:00:08.803000+02:00,3,COMPLETED,1627,Tomas Vinter,1531,Adam Brazda,3,2,1627,Tomas Vinter,3-2,2026-07-13T16:23:10.646000+00:00,2026-07-22T05:40:48.224981+00:00,2026-07-22T05:40:48.224981+00:00,94fc5334a1c9d3f326ab8f0ad8fa5b20d223a1978f396b690ecb0a1160a19951,api.league-pro.com,OK,da35b2005735c07ba7cd488eaae3e805f5012f559d4c6b86d8f3ec460a9e4e79
296971,35189,Tournament A14. League 900-1000,900-1000,2026-07-13T16:00:11.982000+00:00,2026-07-13T10:00:11.982000-06:00,2026-07-13T18:00:11.982000+02:00,3,COMPLETED,1128,Radim Urbaniec,1668,Oleksandr Kolisnyk,2,3,1668,Oleksandr Kolisnyk,2-3,2026-07-13T16:18:08.866000+00:00,2026-07-22T05:40:48.224981+00:00,2026-07-22T05:40:48.224981+00:00,94fc5334a1c9d3f326ab8f0ad8fa5b20d223a1978f396b690ecb0a1160a19951,api.league-pro.com,OK,82cd17847ac602ad92f02844786d16af48ff1f6d91aa32cd333e8016de293a62
297091,35203,Tournament A18. League 700-800,700-800,2026-07-13T16:08:16.792000+00:00,2026-07-13T10:08:16.792000-06:00,2026-07-13T18:08:16.792000+02:00,3,COMPLETED,1038,Dalimil Machander,1035,Richard Skacelik,3,1,1038,Dalimil Machander,3-1,2026-07-13T16:30:36.565000+00:00,2026-07-22T05:40:48.224981+00:00,2026-07-22T05:40:48.224981+00:00,94fc5334a1c9d3f326ab8f0ad8fa5b20d223a1978f396b690ecb0a1160a19951,api.league-pro.com,OK,69d251e4056f1a20a5f5eeaa0fbf59094f1cbca2ed95a5b1cdfdb1cd7dc89eda
296928,35184,Tournament A12. League 1000-1100,1000-1100,2026-07-13T16:30:05.528000+00:00,2026-07-13T10:30:05.528000-06:00,2026-07-13T18:30:05.528000+02:00,3,COMPLETED,707,Petr Bradac,1061,Jiri Nesnera,3,1,707,Petr Bradac,3-1,2026-07-13T16:48:35.461000+00:00,2026-07-22T05:40:48.224981+00:00,2026-07-22T05:40:48.224981+00:00,94fc5334a1c9d3f326ab8f0ad8fa5b20d223a1978f396b690ecb0a1160a19951,api.league-pro.com,OK,4ea8d6896640534a561fb4f861413724d44ec278a366019031c84339ba5b1f1f
297024,35195,Tournament A17. League 700-800,700-800,2026-07-13T16:30:08.728000+00:00,2026-07-13T10:30:08.728000-06:00,2026-07-13T18:30:08.728000+02:00,3,COMPLETED,1015,Michal Vedmoch,781,Jiri Pozarsky,0,3,781,Jiri Pozarsky,0-3,2026-07-13T16:38:51.434000+00:00,2026-07-22T05:40:48.224981+00:00,2026-07-22T05:40:48.224981+00:00,94fc5334a1c9d3f326ab8f0ad8fa5b20d223a1978f396b690ecb0a1160a19951,api.league-pro.com,OK,8b037727d3679d20feb0e6e7d0b612ae7dda9cfe964a861f149b35e58d5515ee
296972,35189,Tournament A14. League 900-1000,900-1000,2026-07-13T16:30:13.220000+00:00,2026-07-13T10:30:13.220000-06:00,2026-07-13T18:30:13.220000+02:00,3,COMPLETED,1324,Ondrej Svacha,826,Ales Barton,1,3,826,Ales Barton,1-3,2026-07-13T16:48:02.576000+00:00,2026-07-22T05:40:48.224981+00:00,2026-07-22T05:40:48.224981+00:00,94fc5334a1c9d3f326ab8f0ad8fa5b20d223a1978f396b690ecb0a1160a19951,api.league-pro.com,OK,1535529510cbe68597470b594224ab697d966c72e1adbe638fa6b94406183ee7
297040,35197,Tournament A16. League 800-900,800-900,2026-07-13T16:30:15.699000+00:00,2026-07-13T10:30:15.699000-06:00,2026-07-13T18:30:15.699000+02:00,3,COMPLETED,1829,Daniel Unzeitig,1712,Tomas Petrek,3,1,1829,Daniel Unzeitig,3-1,2026-07-13T16:50:16.580000+00:00,2026-07-22T05:40:48.224981+00:00,2026-07-22T05:40:48.224981+00:00,94fc5334a1c9d3f326ab8f0ad8fa5b20d223a1978f396b690ecb0a1160a19951,api.league-pro.com,OK,4b923b9e60c1db00398f57af48fb6bcf0787c336a74e4c7176a3dff6dd713488
297092,35203,Tournament A18. League 700-800,700-800,2026-07-13T16:33:30.337000+00:00,2026-07-13T10:33:30.337000-06:00,2026-07-13T18:33:30.337000+02:00,3,COMPLETED,1723,Jan Stoch,1714,Samuel Byrtus,3,1,1723,Jan Stoch,3-1,2026-07-13T16:55:52.935000+00:00,2026-07-22T05:40:48.224981+00:00,2026-07-22T05:40:48.224981+00:00,94fc5334a1c9d3f326ab8f0ad8fa5b20d223a1978f396b690ecb0a1160a19951,api.league-pro.com,OK,799cda83b68d20de4c143c8ccd8a7af7f1e79035c8a80d1af2b4e3376e01b787
296929,35184,Tournament A12. League 1000-1100,1000-1100,2026-07-13T17:00:09.182000+00:00,2026-07-13T11:00:09.182000-06:00,2026-07-13T19:00:09.182000+02:00,3,COMPLETED,1061,Jiri Nesnera,1850,Filip Wolf,2,3,1850,Filip Wolf,2-3,2026-07-13T17:26:23.763000+00:00,2026-07-22T05:40:48.224981+00:00,2026-07-22T05:40:48.224981+00:00,94fc5334a1c9d3f326ab8f0ad8fa5b20d223a1978f396b690ecb0a1160a19951,api.league-pro.com,OK,137351d3151081f4f6f4579e8458c7754cc4c72fbde4f87b6716d0e1dc95e40e
297041,35197,Tournament A16. League 800-900,800-900,2026-07-13T17:00:12.665000+00:00,2026-07-13T11:00:12.665000-06:00,2026-07-13T19:00:12.665000+02:00,3,COMPLETED,1829,Daniel Unzeitig,1712,Tomas Petrek,3,2,1829,Daniel Unzeitig,3-2,2026-07-13T17:28:15.983000+00:00,2026-07-22T05:40:48.224981+00:00,2026-07-22T05:40:48.224981+00:00,94fc5334a1c9d3f326ab8f0ad8fa5b20d223a1978f396b690ecb0a1160a19951,api.league-pro.com,OK,56f5717b20452a6c9374fff2f2901a4e6c57ea6748822b24a459fc4fc6919c49
296973,35189,Tournament A14. League 900-1000,900-1000,2026-07-13T17:00:13.059000+00:00,2026-07-13T11:00:13.059000-06:00,2026-07-13T19:00:13.059000+02:00,3,COMPLETED,1128,Radim Urbaniec,1324,Ondrej Svacha,3,1,1128,Radim Urbaniec,3-1,2026-07-13T17:15:06.984000+00:00,2026-07-22T05:40:48.224981+00:00,2026-07-22T05:40:48.224981+00:00,94fc5334a1c9d3f326ab8f0ad8fa5b20d223a1978f396b690ecb0a1160a19951,api.league-pro.com,OK,115d61ecb7fe62c45879723f1c7c10eee58380257ed32ddcd43a4f0fe4988b94
297025,35195,Tournament A17. League 700-800,700-800,2026-07-13T17:00:13.419000+00:00,2026-07-13T11:00:13.419000-06:00,2026-07-13T19:00:13.419000+02:00,3,COMPLETED,781,Jiri Pozarsky,1015,Michal Vedmoch,3,0,781,Jiri Pozarsky,3-0,2026-07-13T17:09:18.048000+00:00,2026-07-22T05:40:48.224981+00:00,2026-07-22T05:40:48.224981+00:00,94fc5334a1c9d3f326ab8f0ad8fa5b20d223a1978f396b690ecb0a1160a19951,api.league-pro.com,OK,a2ebe2a5c6da565dc8304a8ad0308e09120d0a1537b4de9fe8116e967c8821d3
297093,35203,Tournament A18. League 700-800,700-800,2026-07-13T17:03:17.227000+00:00,2026-07-13T11:03:17.227000-06:00,2026-07-13T19:03:17.227000+02:00,3,COMPLETED,1035,Richard Skacelik,1714,Samuel Byrtus,3,1,1035,Richard Skacelik,3-1,2026-07-13T17:22:36.455000+00:00,2026-07-22T05:40:48.224981+00:00,2026-07-22T05:40:48.224981+00:00,94fc5334a1c9d3f326ab8f0ad8fa5b20d223a1978f396b690ecb0a1160a19951,api.league-pro.com,OK,28f4e096000bb694d5e6d9fbfa13b0dec4a3d6ad050520b3b39770b2c844e5a7
296930,35184,Tournament A12. League 1000-1100,1000-1100,2026-07-13T17:30:06.782000+00:00,2026-07-13T11:30:06.782000-06:00,2026-07-13T19:30:06.782000+02:00,3,COMPLETED,707,Petr Bradac,1664,Jakub Vales,3,0,707,Petr Bradac,3-0,2026-07-13T17:44:23.359000+00:00,2026-07-22T05:40:48.224981+00:00,2026-07-22T05:40:48.224981+00:00,94fc5334a1c9d3f326ab8f0ad8fa5b20d223a1978f396b690ecb0a1160a19951,api.league-pro.com,OK,fedb3b365d5f6074afed894690077f613b75ce8803c6c68b9264c59e283511a7
296974,35189,Tournament A14. League 900-1000,900-1000,2026-07-13T17:30:07.848000+00:00,2026-07-13T11:30:07.848000-06:00,2026-07-13T19:30:07.848000+02:00,3,COMPLETED,1668,Oleksandr Kolisnyk,826,Ales Barton,3,2,1668,Oleksandr Kolisnyk,3-2,2026-07-13T17:51:22.297000+00:00,2026-07-22T05:40:48.224981+00:00,2026-07-22T05:40:48.224981+00:00,94fc5334a1c9d3f326ab8f0ad8fa5b20d223a1978f396b690ecb0a1160a19951,api.league-pro.com,OK,53532f3cd6a590c2f23eaa29f5a5da67fc3d51ede3ac133a3e1eb2ee8b7ebd5b
297026,35195,Tournament A17. League 700-800,700-800,2026-07-13T17:30:24.630000+00:00,2026-07-13T11:30:24.630000-06:00,2026-07-13T19:30:24.630000+02:00,3,COMPLETED,1627,Tomas Vinter,1531,Adam Brazda,1,3,1531,Adam Brazda,1-3,2026-07-13T17:49:49.749000+00:00,2026-07-22T05:40:48.224981+00:00,2026-07-22T05:40:48.224981+00:00,94fc5334a1c9d3f326ab8f0ad8fa5b20d223a1978f396b690ecb0a1160a19951,api.league-pro.com,OK,31b403d64c50103a17ded1ecb871bc8ee6bdfdb99903ac76eb3b355cee735bc0
297094,35203,Tournament A18. League 700-800,700-800,2026-07-13T17:30:26.575000+00:00,2026-07-13T11:30:26.575000-06:00,2026-07-13T19:30:26.575000+02:00,3,COMPLETED,1038,Dalimil Machander,1723,Jan Stoch,3,1,1038,Dalimil Machander,3-1,2026-07-13T17:51:27.112000+00:00,2026-07-22T05:40:48.224981+00:00,2026-07-22T05:40:48.224981+00:00,94fc5334a1c9d3f326ab8f0ad8fa5b20d223a1978f396b690ecb0a1160a19951,api.league-pro.com,OK,3d538ddcae29988213ba33587fc8b03abec869addbe9c5ee87cee4774c462a6a
297042,35197,Tournament A16. League 800-900,800-900,2026-07-13T17:30:42.477000+00:00,2026-07-13T11:30:42.477000-06:00,2026-07-13T19:30:42.477000+02:00,3,COMPLETED,1092,Marek Holub,1781,Jiri Holubec,3,2,1092,Marek Holub,3-2,2026-07-13T17:59:23.278000+00:00,2026-07-22T05:40:48.224981+00:00,2026-07-22T05:40:48.224981+00:00,94fc5334a1c9d3f326ab8f0ad8fa5b20d223a1978f396b690ecb0a1160a19951,api.league-pro.com,OK,426ab37ddbee74f2c1723cf4bc0558eb5f7468d745ce71134872a0927ffe2545
296931,35185,Tournament A12. League 1000-1100,1000-1100,2026-07-13T18:00:08.357000+00:00,2026-07-13T12:00:08.357000-06:00,2026-07-13T20:00:08.357000+02:00,3,COMPLETED,694,Jan Zajicek,699,Josef Medek,1,3,699,Josef Medek,1-3,2026-07-13T18:21:57.063000+00:00,2026-07-22T05:40:48.224981+00:00,2026-07-22T05:40:48.224981+00:00,94fc5334a1c9d3f326ab8f0ad8fa5b20d223a1978f396b690ecb0a1160a19951,api.league-pro.com,OK,4b00aa30face75b79b1be1b8c158a4a95ae6ea03ae4977aa9fc385648248f75b
297067,35201,Tournament A17. League 700-800,700-800,2026-07-13T18:00:08.793000+00:00,2026-07-13T12:00:08.793000-06:00,2026-07-13T20:00:08.793000+02:00,3,COMPLETED,843,Tomas Janata,837,Radim Pavelka,2,3,837,Radim Pavelka,2-3,2026-07-13T18:22:33.728000+00:00,2026-07-22T05:40:48.224981+00:00,2026-07-22T05:40:48.224981+00:00,94fc5334a1c9d3f326ab8f0ad8fa5b20d223a1978f396b690ecb0a1160a19951,api.league-pro.com,OK,4b8ebef2bbc692f2dcb5df8cabe6d3f9f32573c5f2529c2404761c1b4a0da040
296975,35190,Tournament A14. League 800-900,800-900,2026-07-13T18:00:12.037000+00:00,2026-07-13T12:00:12.037000-06:00,2026-07-13T20:00:12.037000+02:00,3,COMPLETED,1415,Jiri Zuzanek,1539,Jakub Tazler,3,0,1415,Jiri Zuzanek,3-0,2026-07-13T18:12:43.406000+00:00,2026-07-22T05:40:48.224981+00:00,2026-07-22T05:40:48.224981+00:00,94fc5334a1c9d3f326ab8f0ad8fa5b20d223a1978f396b690ecb0a1160a19951,api.league-pro.com,OK,0cf7c027a84bcb26222a0a3aff688981515754676a1b1f653aff41ba48db4932
297095,35204,Tournament A18. League 600-700,600-700,2026-07-13T18:00:14.440000+00:00,2026-07-13T12:00:14.440000-06:00,2026-07-13T20:00:14.440000+02:00,3,COMPLETED,1719,Lukas Velicka,1748,Tomas Milota,3,1,1719,Lukas Velicka,3-1,2026-07-13T18:20:31.537000+00:00,2026-07-22T05:40:48.224981+00:00,2026-07-22T05:40:48.224981+00:00,94fc5334a1c9d3f326ab8f0ad8fa5b20d223a1978f396b690ecb0a1160a19951,api.league-pro.com,OK,1ae0eb81a34016365931cbd12d40228009bc4a3c424a14dd56b1cee31ecab588
297043,35198,Tournament A16. League 500-550,500-550,2026-07-13T18:01:41.399000+00:00,2026-07-13T12:01:41.399000-06:00,2026-07-13T20:01:41.399000+02:00,3,COMPLETED,1760,David Mikula,1012,Zbynek Zientek,1,3,1012,Zbynek Zientek,1-3,2026-07-13T18:21:34.265000+00:00,2026-07-22T05:40:48.224981+00:00,2026-07-22T05:40:48.224981+00:00,94fc5334a1c9d3f326ab8f0ad8fa5b20d223a1978f396b690ecb0a1160a19951,api.league-pro.com,OK,311a59cdb069d614975b6d5918d27d94e022d5972898fcf14c5bacf17fdb7a49
296932,35185,Tournament A12. League 1000-1100,1000-1100,2026-07-13T18:30:06.673000+00:00,2026-07-13T12:30:06.673000-06:00,2026-07-13T20:30:06.673000+02:00,3,COMPLETED,1664,Jakub Vales,771,Zdenek Bilek,3,2,1664,Jakub Vales,3-2,2026-07-13T18:55:05.195000+00:00,2026-07-22T05:40:48.224981+00:00,2026-07-22T05:40:48.224981+00:00,94fc5334a1c9d3f326ab8f0ad8fa5b20d223a1978f396b690ecb0a1160a19951,api.league-pro.com,OK,d1df8f3c8b6e312fd21e74e485a4d953540c4290e0eeee0706c45a58be884468
297068,35201,Tournament A17. League 700-800,700-800,2026-07-13T18:30:08.494000+00:00,2026-07-13T12:30:08.494000-06:00,2026-07-13T20:30:08.494000+02:00,3,COMPLETED,1015,Michal Vedmoch,1662,Martin Vizek,0,3,1662,Martin Vizek,0-3,2026-07-13T18:40:14.649000+00:00,2026-07-22T05:40:48.224981+00:00,2026-07-22T05:40:48.224981+00:00,94fc5334a1c9d3f326ab8f0ad8fa5b20d223a1978f396b690ecb0a1160a19951,api.league-pro.com,OK,d074506cd8d741514f84414a3126531cfed6f5a34763a7d04d7b47d52dee52e9
297044,35198,Tournament A16. League 500-550,500-550,2026-07-13T18:30:16.114000+00:00,2026-07-13T12:30:16.114000-06:00,2026-07-13T20:30:16.114000+02:00,3,COMPLETED,1734,Daniel Priesol,1672,Antonin Schneeberger,2,3,1672,Antonin Schneeberger,2-3,2026-07-13T18:59:38.867000+00:00,2026-07-22T05:40:48.224981+00:00,2026-07-22T05:40:48.224981+00:00,94fc5334a1c9d3f326ab8f0ad8fa5b20d223a1978f396b690ecb0a1160a19951,api.league-pro.com,OK,09881e035c9ed40ba948fae41a911bcd31af8a7946efedd3c3b9764bf1c4d149
297096,35204,Tournament A18. League 600-700,600-700,2026-07-13T18:30:17.327000+00:00,2026-07-13T12:30:17.327000-06:00,2026-07-13T20:30:17.327000+02:00,3,COMPLETED,1817,Vojtech Cerny,1864,Daniel Langer,1,3,1864,Daniel Langer,1-3,2026-07-13T18:49:35.222000+00:00,2026-07-22T05:40:48.224981+00:00,2026-07-22T05:40:48.224981+00:00,94fc5334a1c9d3f326ab8f0ad8fa5b20d223a1978f396b690ecb0a1160a19951,api.league-pro.com,OK,98b6f65fb07f8c8f488499b123574acc2734580e97f581bc73152b34c68c6020
296933,35185,Tournament A12. League 1000-1100,1000-1100,2026-07-13T19:00:07.205000+00:00,2026-07-13T13:00:07.205000-06:00,2026-07-13T21:00:07.205000+02:00,3,COMPLETED,699,Josef Medek,1664,Jakub Vales,2,3,1664,Jakub Vales,2-3,2026-07-13T19:21:17.810000+00:00,2026-07-22T05:40:48.224981+00:00,2026-07-22T05:40:48.224981+00:00,94fc5334a1c9d3f326ab8f0ad8fa5b20d223a1978f396b690ecb0a1160a19951,api.league-pro.com,OK,30db3921a9b4b5b97fce342414ac490fd392e2e48b9703747fe91a79755a6124
297069,35201,Tournament A17. League 700-800,700-800,2026-07-13T19:00:09.146000+00:00,2026-07-13T13:00:09.146000-06:00,2026-07-13T21:00:09.146000+02:00,3,COMPLETED,837,Radim Pavelka,1015,Michal Vedmoch,3,2,837,Radim Pavelka,3-2,2026-07-13T19:18:08.401000+00:00,2026-07-22T05:40:48.224981+00:00,2026-07-22T05:40:48.224981+00:00,94fc5334a1c9d3f326ab8f0ad8fa5b20d223a1978f396b690ecb0a1160a19951,api.league-pro.com,OK,5f74daa1cae43893ead60b5086a92d344af306824490a33337237ba8898dc60d
296977,35190,Tournament A14. League 800-900,800-900,2026-07-13T19:00:09.253000+00:00,2026-07-13T13:00:09.253000-06:00,2026-07-13T21:00:09.253000+02:00,3,COMPLETED,1539,Jakub Tazler,1600,Michal Vondrak,2,3,1600,Michal Vondrak,2-3,2026-07-13T19:22:21.425000+00:00,2026-07-22T05:40:48.224981+00:00,2026-07-22T05:40:48.224981+00:00,94fc5334a1c9d3f326ab8f0ad8fa5b20d223a1978f396b690ecb0a1160a19951,api.league-pro.com,OK,81f02322ce9e2517da1dbf7cecdfc1f72db8f32deb840379d0ad9ab8892ad741
297097,35204,Tournament A18. League 600-700,600-700,2026-07-13T19:00:12.533000+00:00,2026-07-13T13:00:12.533000-06:00,2026-07-13T21:00:12.533000+02:00,3,COMPLETED,1748,Tomas Milota,1817,Vojtech Cerny,3,1,1748,Tomas Milota,3-1,2026-07-13T19:21:11.361000+00:00,2026-07-22T05:40:48.224981+00:00,2026-07-22T05:40:48.224981+00:00,94fc5334a1c9d3f326ab8f0ad8fa5b20d223a1978f396b690ecb0a1160a19951,api.league-pro.com,OK,660faf65380653e63228ca6513d370e9836565c352d394cabd3918807cf6bfbb
297045,35198,Tournament A16. League 500-550,500-550,2026-07-13T19:07:09.927000+00:00,2026-07-13T13:07:09.927000-06:00,2026-07-13T21:07:09.927000+02:00,3,COMPLETED,1012,Zbynek Zientek,1734,Daniel Priesol,1,3,1734,Daniel Priesol,1-3,2026-07-13T19:28:38.748000+00:00,2026-07-22T05:40:48.224981+00:00,2026-07-22T05:40:48.224981+00:00,94fc5334a1c9d3f326ab8f0ad8fa5b20d223a1978f396b690ecb0a1160a19951,api.league-pro.com,OK,a00a968ad1a6faaafe635d2b7316217664d3a2a9e2d8639e5dba78694b0dd390
296934,35185,Tournament A12. League 1000-1100,1000-1100,2026-07-13T19:30:06.639000+00:00,2026-07-13T13:30:06.639000-06:00,2026-07-13T21:30:06.639000+02:00,3,COMPLETED,771,Zdenek Bilek,694,Jan Zajicek,2,3,694,Jan Zajicek,2-3,2026-07-13T20:02:55.235000+00:00,2026-07-22T05:40:48.224981+00:00,2026-07-22T05:40:48.224981+00:00,94fc5334a1c9d3f326ab8f0ad8fa5b20d223a1978f396b690ecb0a1160a19951,api.league-pro.com,OK,605c20b972562d9e5f27236df8bc80b509b01a0f735f1f6b8d71a28a275a6372
297070,35201,Tournament A17. League 700-800,700-800,2026-07-13T19:30:08.897000+00:00,2026-07-13T13:30:08.897000-06:00,2026-07-13T21:30:08.897000+02:00,3,COMPLETED,1662,Martin Vizek,843,Tomas Janata,3,1,1662,Martin Vizek,3-1,2026-07-13T19:44:16.928000+00:00,2026-07-22T05:40:48.224981+00:00,2026-07-22T05:40:48.224981+00:00,94fc5334a1c9d3f326ab8f0ad8fa5b20d223a1978f396b690ecb0a1160a19951,api.league-pro.com,OK,6988d9e7b14b05137f71cd44dede450b7cb86d2575b013a130545a36dd0939e0
296978,35190,Tournament A14. League 800-900,800-900,2026-07-13T19:30:12.200000+00:00,2026-07-13T13:30:12.200000-06:00,2026-07-13T21:30:12.200000+02:00,3,COMPLETED,1692,Petr Sebera,1415,Jiri Zuzanek,3,0,1692,Petr Sebera,3-0,2026-07-13T19:42:17.560000+00:00,2026-07-22T05:40:48.224981+00:00,2026-07-22T05:40:48.224981+00:00,94fc5334a1c9d3f326ab8f0ad8fa5b20d223a1978f396b690ecb0a1160a19951,api.league-pro.com,OK,1c69fa2e4429dfc62e11ac82d0b7e24c547f8c41c02f3a42664c32db05036b4f
297098,35204,Tournament A18. League 600-700,600-700,2026-07-13T19:30:54.850000+00:00,2026-07-13T13:30:54.850000-06:00,2026-07-13T21:30:54.850000+02:00,3,COMPLETED,1864,Daniel Langer,1719,Lukas Velicka,2,3,1719,Lukas Velicka,2-3,2026-07-13T19:53:57.806000+00:00,2026-07-22T05:40:48.224981+00:00,2026-07-22T05:40:48.224981+00:00,94fc5334a1c9d3f326ab8f0ad8fa5b20d223a1978f396b690ecb0a1160a19951,api.league-pro.com,OK,e33dcec46628b40a2e1b914c6b326e13ef352a99d20a2195b21478426963cd14
297046,35198,Tournament A16. League 500-550,500-550,2026-07-13T19:32:02.054000+00:00,2026-07-13T13:32:02.054000-06:00,2026-07-13T21:32:02.054000+02:00,3,COMPLETED,1672,Antonin Schneeberger,1760,David Mikula,1,3,1760,David Mikula,1-3,2026-07-13T19:51:20.211000+00:00,2026-07-22T05:40:48.224981+00:00,2026-07-22T05:40:48.224981+00:00,94fc5334a1c9d3f326ab8f0ad8fa5b20d223a1978f396b690ecb0a1160a19951,api.league-pro.com,OK,4e927d68d08197e39b745ca54a9a057d2fc29b30721926b83b961d40f68d0125
297047,35198,Tournament A16. League 500-550,500-550,2026-07-13T20:00:04.967000+00:00,2026-07-13T14:00:04.967000-06:00,2026-07-13T22:00:04.967000+02:00,3,COMPLETED,1760,David Mikula,1734,Daniel Priesol,3,1,1760,David Mikula,3-1,2026-07-13T20:19:55.648000+00:00,2026-07-22T05:40:48.224981+00:00,2026-07-22T05:40:48.224981+00:00,94fc5334a1c9d3f326ab8f0ad8fa5b20d223a1978f396b690ecb0a1160a19951,api.league-pro.com,OK,e8dba0dddcfb0c40f2826549eb93f9cc17dfd093926eaaac98497ae59394faf0
296979,35190,Tournament A14. League 800-900,800-900,2026-07-13T20:00:09.324000+00:00,2026-07-13T14:00:09.324000-06:00,2026-07-13T22:00:09.324000+02:00,3,COMPLETED,1415,Jiri Zuzanek,1600,Michal Vondrak,1,3,1600,Michal Vondrak,1-3,2026-07-13T20:15:02.617000+00:00,2026-07-22T05:40:48.224981+00:00,2026-07-22T05:40:48.224981+00:00,94fc5334a1c9d3f326ab8f0ad8fa5b20d223a1978f396b690ecb0a1160a19951,api.league-pro.com,OK,29bdf6701b223136890a499682ccedd22c722ea9ea5acdd45198786d01db60da
297071,35201,Tournament A17. League 700-800,700-800,2026-07-13T20:00:10.240000+00:00,2026-07-13T14:00:10.240000-06:00,2026-07-13T22:00:10.240000+02:00,3,COMPLETED,843,Tomas Janata,1015,Michal Vedmoch,3,0,843,Tomas Janata,3-0,2026-07-13T20:09:32.874000+00:00,2026-07-22T05:40:48.224981+00:00,2026-07-22T05:40:48.224981+00:00,94fc5334a1c9d3f326ab8f0ad8fa5b20d223a1978f396b690ecb0a1160a19951,api.league-pro.com,OK,bae02cae86055904d966a6ecdd456963460ab6820fc3b90ec11c9506cd8fcd27
297099,35204,Tournament A18. League 600-700,600-700,2026-07-13T20:00:30.589000+00:00,2026-07-13T14:00:30.589000-06:00,2026-07-13T22:00:30.589000+02:00,3,COMPLETED,1719,Lukas Velicka,1817,Vojtech Cerny,3,1,1719,Lukas Velicka,3-1,2026-07-13T20:20:45.948000+00:00,2026-07-22T05:40:48.224981+00:00,2026-07-22T05:40:48.224981+00:00,94fc5334a1c9d3f326ab8f0ad8fa5b20d223a1978f396b690ecb0a1160a19951,api.league-pro.com,OK,1b4a7404680a451df9518dbea399d70f466279c27f7d5c569cfff38d5b268378
296935,35185,Tournament A12. League 1000-1100,1000-1100,2026-07-13T20:05:40.535000+00:00,2026-07-13T14:05:40.535000-06:00,2026-07-13T22:05:40.535000+02:00,3,COMPLETED,694,Jan Zajicek,1664,Jakub Vales,3,2,694,Jan Zajicek,3-2,2026-07-13T20:29:15.243000+00:00,2026-07-22T05:40:48.224981+00:00,2026-07-22T05:40:48.224981+00:00,94fc5334a1c9d3f326ab8f0ad8fa5b20d223a1978f396b690ecb0a1160a19951,api.league-pro.com,OK,e1d31aa5be0583f3d5471c2d129aa7d0eb4fcfab5762cfb6833f59870eebdbef
297048,35198,Tournament A16. League 500-550,500-550,2026-07-13T20:30:06.522000+00:00,2026-07-13T14:30:06.522000-06:00,2026-07-13T22:30:06.522000+02:00,3,COMPLETED,1012,Zbynek Zientek,1672,Antonin Schneeberger,2,3,1672,Antonin Schneeberger,2-3,2026-07-13T20:59:41.965000+00:00,2026-07-22T05:40:48.224981+00:00,2026-07-22T05:40:48.224981+00:00,94fc5334a1c9d3f326ab8f0ad8fa5b20d223a1978f396b690ecb0a1160a19951,api.league-pro.com,OK,40d96bf72bb2eae1044e021d1eea846dbef76b302e39d82074266e0dd1531651
296980,35190,Tournament A14. League 800-900,800-900,2026-07-13T20:30:10.811000+00:00,2026-07-13T14:30:10.811000-06:00,2026-07-13T22:30:10.811000+02:00,3,COMPLETED,1539,Jakub Tazler,1692,Petr Sebera,0,3,1692,Petr Sebera,0-3,2026-07-13T20:43:02.991000+00:00,2026-07-22T05:40:48.224981+00:00,2026-07-22T05:40:48.224981+00:00,94fc5334a1c9d3f326ab8f0ad8fa5b20d223a1978f396b690ecb0a1160a19951,api.league-pro.com,OK,7b0b1d3a06872cd8b2df7678fa3cbcd2fc20087165ef59f538f8bd685fc30578
297072,35201,Tournament A17. League 700-800,700-800,2026-07-13T20:30:12.582000+00:00,2026-07-13T14:30:12.582000-06:00,2026-07-13T22:30:12.582000+02:00,3,COMPLETED,837,Radim Pavelka,1662,Martin Vizek,1,3,1662,Martin Vizek,1-3,2026-07-13T20:44:40.506000+00:00,2026-07-22T05:40:48.224981+00:00,2026-07-22T05:40:48.224981+00:00,94fc5334a1c9d3f326ab8f0ad8fa5b20d223a1978f396b690ecb0a1160a19951,api.league-pro.com,OK,5e9ad0ad747555d243aaa81277eb6d03ef9b8ce5445fe4e06511b8ad82321ea3
297100,35204,Tournament A18. League 600-700,600-700,2026-07-13T20:30:21.002000+00:00,2026-07-13T14:30:21.002000-06:00,2026-07-13T22:30:21.002000+02:00,3,COMPLETED,1748,Tomas Milota,1864,Daniel Langer,3,0,1748,Tomas Milota,3-0,2026-07-13T20:41:12.623000+00:00,2026-07-22T05:40:48.224981+00:00,2026-07-22T05:40:48.224981+00:00,94fc5334a1c9d3f326ab8f0ad8fa5b20d223a1978f396b690ecb0a1160a19951,api.league-pro.com,OK,7eb74cac26ced8fe63150010928f68bc41047d82f6cf836a6899c1e7751a5ae1
296936,35185,Tournament A12. League 1000-1100,1000-1100,2026-07-13T20:31:57.673000+00:00,2026-07-13T14:31:57.673000-06:00,2026-07-13T22:31:57.673000+02:00,3,COMPLETED,699,Josef Medek,771,Zdenek Bilek,3,1,699,Josef Medek,3-1,2026-07-13T20:50:01.386000+00:00,2026-07-22T05:40:48.224981+00:00,2026-07-22T05:40:48.224981+00:00,94fc5334a1c9d3f326ab8f0ad8fa5b20d223a1978f396b690ecb0a1160a19951,api.league-pro.com,OK,4013838437862e83a4e6ab236fecfc1aadab3c32f0a60a3991dd70e921c50599
296937,35185,Tournament A12. League 1000-1100,1000-1100,2026-07-13T21:00:19.761000+00:00,2026-07-13T15:00:19.761000-06:00,2026-07-13T23:00:19.761000+02:00,3,COMPLETED,694,Jan Zajicek,771,Zdenek Bilek,3,1,694,Jan Zajicek,3-1,2026-07-13T21:18:41.429000+00:00,2026-07-22T05:40:48.224981+00:00,2026-07-22T05:40:48.224981+00:00,94fc5334a1c9d3f326ab8f0ad8fa5b20d223a1978f396b690ecb0a1160a19951,api.league-pro.com,OK,89358f382a85c0f956587d54afbf6bb4896f28c67cfa33a161123866799215f1
296981,35190,Tournament A14. League 800-900,800-900,2026-07-13T21:00:23.824000+00:00,2026-07-13T15:00:23.824000-06:00,2026-07-13T23:00:23.824000+02:00,3,COMPLETED,1415,Jiri Zuzanek,1539,Jakub Tazler,0,3,1539,Jakub Tazler,0-3,2026-07-13T21:12:52.081000+00:00,2026-07-22T05:40:48.224981+00:00,2026-07-22T05:40:48.224981+00:00,94fc5334a1c9d3f326ab8f0ad8fa5b20d223a1978f396b690ecb0a1160a19951,api.league-pro.com,OK,1963df61096834209764bb04acacaa966173e6309981dc17dc88356f610a3f93
297073,35201,Tournament A17. League 700-800,700-800,2026-07-13T21:00:25.789000+00:00,2026-07-13T15:00:25.789000-06:00,2026-07-13T23:00:25.789000+02:00,3,COMPLETED,843,Tomas Janata,1015,Michal Vedmoch,1,3,1015,Michal Vedmoch,1-3,2026-07-13T21:12:54.432000+00:00,2026-07-22T05:40:48.224981+00:00,2026-07-22T05:40:48.224981+00:00,94fc5334a1c9d3f326ab8f0ad8fa5b20d223a1978f396b690ecb0a1160a19951,api.league-pro.com,OK,845a623861efbfaa304a62db4cf6b1c6f18567a31ebac24be92fcd9a80a74a53
297101,35204,Tournament A18. League 600-700,600-700,2026-07-13T21:00:34.772000+00:00,2026-07-13T15:00:34.772000-06:00,2026-07-13T23:00:34.772000+02:00,3,COMPLETED,1864,Daniel Langer,1817,Vojtech Cerny,3,0,1864,Daniel Langer,3-0,2026-07-13T21:13:31.612000+00:00,2026-07-22T05:40:48.224981+00:00,2026-07-22T05:40:48.224981+00:00,94fc5334a1c9d3f326ab8f0ad8fa5b20d223a1978f396b690ecb0a1160a19951,api.league-pro.com,OK,7f22e25e21ead7dfeb473d0740fa67522bee04125a433fe6408dee7d19bfa4b8
297049,35198,Tournament A16. League 500-550,500-550,2026-07-13T21:10:02.555000+00:00,2026-07-13T15:10:02.555000-06:00,2026-07-13T23:10:02.555000+02:00,3,COMPLETED,1012,Zbynek Zientek,1734,Daniel Priesol,2,3,1734,Daniel Priesol,2-3,2026-07-13T21:39:09.109000+00:00,2026-07-22T05:40:48.224981+00:00,2026-07-22T05:40:48.224981+00:00,94fc5334a1c9d3f326ab8f0ad8fa5b20d223a1978f396b690ecb0a1160a19951,api.league-pro.com,OK,145727f08a557937b5114b2808ee38530e1daeb04b3f3307397897ce4bb075d8
297074,35201,Tournament A17. League 700-800,700-800,2026-07-13T21:30:07.462000+00:00,2026-07-13T15:30:07.462000-06:00,2026-07-13T23:30:07.462000+02:00,3,COMPLETED,1662,Martin Vizek,837,Radim Pavelka,3,1,1662,Martin Vizek,3-1,2026-07-13T21:46:57.658000+00:00,2026-07-22T05:40:48.224981+00:00,2026-07-22T05:40:48.224981+00:00,94fc5334a1c9d3f326ab8f0ad8fa5b20d223a1978f396b690ecb0a1160a19951,api.league-pro.com,OK,c5d51aad2626c8522114d590b58f15665d0931e8e346919c2ebc32d3bfe81c65
296938,35185,Tournament A12. League 1000-1100,1000-1100,2026-07-13T21:30:08.506000+00:00,2026-07-13T15:30:08.506000-06:00,2026-07-13T23:30:08.506000+02:00,3,COMPLETED,699,Josef Medek,1664,Jakub Vales,3,0,699,Josef Medek,3-0,2026-07-13T21:40:59.257000+00:00,2026-07-22T05:40:48.224981+00:00,2026-07-22T05:40:48.224981+00:00,94fc5334a1c9d3f326ab8f0ad8fa5b20d223a1978f396b690ecb0a1160a19951,api.league-pro.com,OK,fa682d1685960e36f75373d97b4bc5482848ce369cd6f60db4f04cde49d31c3f
297102,35204,Tournament A18. League 600-700,600-700,2026-07-13T21:30:12.442000+00:00,2026-07-13T15:30:12.442000-06:00,2026-07-13T23:30:12.442000+02:00,3,COMPLETED,1719,Lukas Velicka,1748,Tomas Milota,2,3,1748,Tomas Milota,2-3,2026-07-13T21:50:59.755000+00:00,2026-07-22T05:40:48.224981+00:00,2026-07-22T05:40:48.224981+00:00,94fc5334a1c9d3f326ab8f0ad8fa5b20d223a1978f396b690ecb0a1160a19951,api.league-pro.com,OK,8a5cfce7804cca391acb5456c13857336836ce702c7344d3ce49dcc39dee695f
296982,35190,Tournament A14. League 800-900,800-900,2026-07-13T21:30:18.602000+00:00,2026-07-13T15:30:18.602000-06:00,2026-07-13T23:30:18.602000+02:00,3,COMPLETED,1600,Michal Vondrak,1692,Petr Sebera,3,2,1600,Michal Vondrak,3-2,2026-07-13T21:52:59.205000+00:00,2026-07-22T05:40:48.224981+00:00,2026-07-22T05:40:48.224981+00:00,94fc5334a1c9d3f326ab8f0ad8fa5b20d223a1978f396b690ecb0a1160a19951,api.league-pro.com,OK,c94edb9d6fcc81973b6c7db188046ac8d4ecf561832e491b0317188823f7f87d
297050,35198,Tournament A16. League 500-550,500-550,2026-07-13T21:42:09.317000+00:00,2026-07-13T15:42:09.317000-06:00,2026-07-13T23:42:09.317000+02:00,3,COMPLETED,1760,David Mikula,1672,Antonin Schneeberger,3,2,1760,David Mikula,3-2,2026-07-13T22:05:19.142000+00:00,2026-07-22T05:40:48.224981+00:00,2026-07-22T05:40:48.224981+00:00,94fc5334a1c9d3f326ab8f0ad8fa5b20d223a1978f396b690ecb0a1160a19951,api.league-pro.com,OK,59be720356bf31fbbb82adc57688b2dfc925a18d2d456adb65c4734e2ef15b82
296983,35191,Tournament A14. League 600-700,600-700,2026-07-13T22:00:03.796000+00:00,2026-07-13T16:00:03.796000-06:00,2026-07-14T00:00:03.796000+02:00,3,COMPLETED,1078,Kyryl Darin,1811,David Barton,3,1,1078,Kyryl Darin,3-1,2026-07-13T22:17:50.113000+00:00,2026-07-22T05:40:48.224981+00:00,2026-07-22T05:40:48.224981+00:00,94fc5334a1c9d3f326ab8f0ad8fa5b20d223a1978f396b690ecb0a1160a19951,api.league-pro.com,OK,924afa2b63ea973f79affeda568f5d502947ec879a8adbd7d16e7eb7f9979d43
297075,35202,Tournament A17. League 500-550,500-550,2026-07-13T22:00:10.315000+00:00,2026-07-13T16:00:10.315000-06:00,2026-07-14T00:00:10.315000+02:00,3,COMPLETED,1285,Jan Pleskot,812,Rostislav Hasmanda,2,3,812,Rostislav Hasmanda,2-3,2026-07-13T22:20:55.149000+00:00,2026-07-22T05:40:48.224981+00:00,2026-07-22T05:40:48.224981+00:00,94fc5334a1c9d3f326ab8f0ad8fa5b20d223a1978f396b690ecb0a1160a19951,api.league-pro.com,OK,c7b351dced1278f1144c8d10a25aa82726159a3eacef360db890cc8bf925be5b
296939,35186,Tournament A12. League 800-900,800-900,2026-07-13T22:00:30.657000+00:00,2026-07-13T16:00:30.657000-06:00,2026-07-14T00:00:30.657000+02:00,3,COMPLETED,863,Daniel Tuma,853,Patrik Pycha,2,3,853,Patrik Pycha,2-3,2026-07-13T22:21:33.028000+00:00,2026-07-22T05:40:48.224981+00:00,2026-07-22T05:40:48.224981+00:00,94fc5334a1c9d3f326ab8f0ad8fa5b20d223a1978f396b690ecb0a1160a19951,api.league-pro.com,OK,14b9c8c7458af5a7b83cad9aa03135d949188a392558970b8ae70ea3f859ac72
296984,35191,Tournament A14. League 600-700,600-700,2026-07-13T22:29:59.341000+00:00,2026-07-13T16:29:59.341000-06:00,2026-07-14T00:29:59.341000+02:00,3,COMPLETED,1344,Petr Picek,805,Ondrej Kucirek,0,3,805,Ondrej Kucirek,0-3,2026-07-13T22:41:51.744000+00:00,2026-07-22T05:40:48.224981+00:00,2026-07-22T05:40:48.224981+00:00,94fc5334a1c9d3f326ab8f0ad8fa5b20d223a1978f396b690ecb0a1160a19951,api.league-pro.com,OK,7f8cc701aebf6542840be987ef03d571f2d435316c2a6069d87ebb0bcb562330
297076,35202,Tournament A17. League 500-550,500-550,2026-07-13T22:30:09.521000+00:00,2026-07-13T16:30:09.521000-06:00,2026-07-14T00:30:09.521000+02:00,3,COMPLETED,894,Lubor Sulava,1566,Vaclav Kosar,3,2,894,Lubor Sulava,3-2,2026-07-13T22:54:21.463000+00:00,2026-07-22T05:40:48.224981+00:00,2026-07-22T05:40:48.224981+00:00,94fc5334a1c9d3f326ab8f0ad8fa5b20d223a1978f396b690ecb0a1160a19951,api.league-pro.com,OK,4b42ef7901b6d5b651013c259c6186fe3cec3d536f06045cf5d48ed3fd5b89e7
296940,35186,Tournament A12. League 800-900,800-900,2026-07-13T22:30:10.424000+00:00,2026-07-13T16:30:10.424000-06:00,2026-07-14T00:30:10.424000+02:00,3,COMPLETED,925,Vladimir Cermak,1873,Mark Wagner,0,3,1873,Mark Wagner,0-3,2026-07-13T22:43:52.359000+00:00,2026-07-22T05:40:48.224981+00:00,2026-07-22T05:40:48.224981+00:00,94fc5334a1c9d3f326ab8f0ad8fa5b20d223a1978f396b690ecb0a1160a19951,api.league-pro.com,OK,c9b3f05080e647a1bb088bcec87cbfab4d3dc4a0d4c233cf040d997b7e69dc48
296941,35186,Tournament A12. League 800-900,800-900,2026-07-13T23:00:08.726000+00:00,2026-07-13T17:00:08.726000-06:00,2026-07-14T01:00:08.726000+02:00,3,COMPLETED,853,Patrik Pycha,685,Ales Bayer,1,3,685,Ales Bayer,1-3,2026-07-13T23:17:24.103000+00:00,2026-07-22T05:40:48.224981+00:00,2026-07-22T05:40:48.224981+00:00,94fc5334a1c9d3f326ab8f0ad8fa5b20d223a1978f396b690ecb0a1160a19951,api.league-pro.com,OK,d0ee52728515075bf87d0951b5b48ff8cd95b4821e0ff4e29aa8c032733fe161
296985,35191,Tournament A14. League 600-700,600-700,2026-07-13T23:00:14.851000+00:00,2026-07-13T17:00:14.851000-06:00,2026-07-14T01:00:14.851000+02:00,3,COMPLETED,1811,David Barton,1681,Adam Svoboda,3,2,1811,David Barton,3-2,2026-07-13T23:21:03.882000+00:00,2026-07-22T05:40:48.224981+00:00,2026-07-22T05:40:48.224981+00:00,94fc5334a1c9d3f326ab8f0ad8fa5b20d223a1978f396b690ecb0a1160a19951,api.league-pro.com,OK,904a1969efeefe4a94e8da7554412f9c96e4dbbbfffa41e3d71efee451ad2cc0
297077,35202,Tournament A17. League 500-550,500-550,2026-07-13T23:00:24.155000+00:00,2026-07-13T17:00:24.155000-06:00,2026-07-14T01:00:24.155000+02:00,3,COMPLETED,812,Rostislav Hasmanda,1832,Roman Urban,3,0,812,Rostislav Hasmanda,3-0,2026-07-13T23:14:27.068000+00:00,2026-07-22T05:40:48.224981+00:00,2026-07-22T05:40:48.224981+00:00,94fc5334a1c9d3f326ab8f0ad8fa5b20d223a1978f396b690ecb0a1160a19951,api.league-pro.com,OK,a472eac11902ae5dd84294828d05dcac51c1a8c5a97c708e0971b63f1c5dc728
296986,35191,Tournament A14. League 600-700,600-700,2026-07-13T23:30:12.071000+00:00,2026-07-13T17:30:12.071000-06:00,2026-07-14T01:30:12.071000+02:00,3,COMPLETED,1078,Kyryl Darin,1344,Petr Picek,3,1,1078,Kyryl Darin,3-1,2026-07-13T23:48:37.433000+00:00,2026-07-22T05:40:48.224981+00:00,2026-07-22T05:40:48.224981+00:00,94fc5334a1c9d3f326ab8f0ad8fa5b20d223a1978f396b690ecb0a1160a19951,api.league-pro.com,OK,a105de65514a2b20e46fe57155982297c22db421d4a6ee99b66ccc4ca274baaa
296942,35186,Tournament A12. League 800-900,800-900,2026-07-13T23:30:13.878000+00:00,2026-07-13T17:30:13.878000-06:00,2026-07-14T01:30:13.878000+02:00,3,COMPLETED,863,Daniel Tuma,925,Vladimir Cermak,3,2,863,Daniel Tuma,3-2,2026-07-13T23:48:38.946000+00:00,2026-07-22T05:40:48.224981+00:00,2026-07-22T05:40:48.224981+00:00,94fc5334a1c9d3f326ab8f0ad8fa5b20d223a1978f396b690ecb0a1160a19951,api.league-pro.com,OK,b30434119500912689cb5f0fc9884d9f1698d8e5fe1ca8351620542b2ade70c1
297078,35202,Tournament A17. League 500-550,500-550,2026-07-13T23:30:15.390000+00:00,2026-07-13T17:30:15.390000-06:00,2026-07-14T01:30:15.390000+02:00,3,COMPLETED,1285,Jan Pleskot,894,Lubor Sulava,3,2,1285,Jan Pleskot,3-2,2026-07-13T23:56:01.038000+00:00,2026-07-22T05:40:48.224981+00:00,2026-07-22T05:40:48.224981+00:00,94fc5334a1c9d3f326ab8f0ad8fa5b20d223a1978f396b690ecb0a1160a19951,api.league-pro.com,OK,6bf76aeb49c7206be2c3e04b2a479f614121ed62d4655c5efac7dfa50d042e14
